[20:37:05] 已加载结果：8 个；失败记录：4 个
[20:37:05] parts.csv 共 60813 个零件
[20:37:05] 待抓取：13737 个（已成功 8 个，跳过 47068 个无重量/不存在类型）
[20:37:09] [1/13737] ✗ 01936 - Bricklink 上不存在该零件
[20:37:16] [2/13737] ✗ 01937 - Bricklink 上不存在该零件
[20:37:22] [3/13737] ✗ 01938 - Bricklink 上不存在该零件
[20:37:29] [4/13737] ✗ 02135 - Bricklink 上不存在该零件
[20:37:36] [5/13737] ✗ 0439745675 - Bricklink 上不存在该零件
[20:37:43] [6/13737] ✗ 0687b1 - Bricklink 上不存在该零件
[20:37:49] [7/13737] ✗ 08801 - Bricklink 上不存在该零件
[20:38:04] [8/13737] ✓ 0901 = 29.0g
[20:38:10] [9/13737] ✓ 0902 = 23.5g
[20:38:16] [10/13737] ✓ 0903 = 23.5g
[20:38:16] 进度 10/13737 (0.1%) | 成功 3 失败 7 | 成功率 30.0% | 平均 7.1s/个 | 剩余 1.1d
[20:38:22] [11/13737] ✓ 0904 = 23.5g
[20:38:27] [12/13737] ✓ 1 = 5.8g
[20:38:34] [13/13737] ✗ 10000 - Bricklink 上不存在该零件
[20:38:40] [14/13737] ✗ 100097 - Bricklink 上不存在该零件
[20:38:48] [15/13737] ✗ 10039 - Bricklink 上不存在该零件
[20:38:53] [16/13737] ✗ 100392 - Bricklink 上不存在该零件
[20:39:01] [17/13737] ✗ 100392a - Bricklink 上不存在该零件
[20:39:08] [18/13737] ✗ 100392b - Bricklink 上不存在该零件
[20:39:14] [19/13737] ✗ 100392c - Bricklink 上不存在该零件
[20:39:24] [20/13737] ✗ 100392d - Bricklink 上不存在该零件
[20:39:24] 进度 20/13737 (0.1%) | 成功 5 失败 15 | 成功率 25.0% | 平均 6.9s/个 | 剩余 1.1d
[20:39:29] [21/13737] ✗ 100426 - Bricklink 上不存在该零件
[20:39:37] [22/13737] ✓ 10048 = 0.7g
[20:39:43] [23/13737] ✓ 10049 = 0.68g
[20:39:51] [24/13737] ✓ 10050 = 0.25g
[20:39:56] [25/13737] ✓ 10051 = 0.94g
[20:40:02] [26/13737] ✓ 10052 = 0.31g
[20:40:09] [27/13737] ✓ 10053 = 0.16g
[20:40:15] [28/13737] ✓ 10054 = 0.71g
[20:40:25] [29/13737] ✓ 100560 = 0.16g
[20:40:31] [30/13737] ✗ 10057 - Bricklink 上不存在该零件
[20:40:31] 进度 30/13737 (0.2%) | 成功 13 失败 17 | 成功率 43.3% | 平均 6.9s/个 | 剩余 1.1d
[20:40:39] [31/13737] ✓ 10058 = 0.26g
[20:40:46] [32/13737] ✗ 10061 - Bricklink 上不存在该零件
[20:40:54] [33/13737] ✓ 10062 = 2.24g
[20:41:01] [34/13737] ✗ 10063 - Bricklink 上不存在该零件
[20:41:10] [35/13737] ✓ 10064 = 2.24g
[20:41:18] [36/13737] ✓ 10065 = 1.05g
[20:41:36] [37/13737] ✓ 100728 = 0.32g
[20:41:48] [38/13737] ✗ 100729 - Bricklink 上不存在该零件
[20:41:55] [39/13737] ✓ 100731 = 0.1g
[20:42:02] [40/13737] ✗ 10075cdb01 - Bricklink 上不存在该零件
[20:42:02] 进度 40/13737 (0.3%) | 成功 19 失败 21 | 成功率 47.5% | 平均 7.4s/个 | 剩余 1.2d
[20:42:08] [41/13737] ✓ 100808 = 5.85g
[20:42:15] [42/13737] ✗ 100809 - Bricklink 上不存在该零件
[20:42:22] [43/13737] ✗ 10082535a - Bricklink 上不存在该零件
[20:42:27] [44/13737] ✗ 10082535b - Bricklink 上不存在该零件
[20:42:33] [45/13737] ✗ 10082535c - Bricklink 上不存在该零件
[20:42:41] [46/13737] ✗ 10082535d - Bricklink 上不存在该零件
[20:42:51] [47/13737] ✗ 10082535e - Bricklink 上不存在该零件
[20:43:10] [48/13737] ✗ 10082535f - Bricklink 上不存在该零件
[20:43:17] [49/13737] ✗ 100943 - Bricklink 上不存在该零件
[20:43:24] [50/13737] ✗ 10095 - Bricklink 上不存在该零件
[20:43:24] 进度 50/13737 (0.4%) | 成功 20 失败 30 | 成功率 40.0% | 平均 7.6s/个 | 剩余 1.2d
[20:43:31] [51/13737] ✗ 10104628 - Bricklink 上不存在该零件
[20:43:37] [52/13737] ✗ 10104628a - Bricklink 上不存在该零件
[20:43:45] [53/13737] ✗ 10104628b - Bricklink 上不存在该零件
[20:43:53] [54/13737] ✗ 10104628c - Bricklink 上不存在该零件
[20:44:02] [55/13737] ✗ 10104849 - Bricklink 上不存在该零件
[20:44:08] [56/13737] ✗ 10104849a - Bricklink 上不存在该零件
[20:44:15] [57/13737] ✗ 10104849b - Bricklink 上不存在该零件
[20:44:23] [58/13737] ✗ 10108119 - Bricklink 上不存在该零件
[20:44:29] [59/13737] ✗ 10108119a - Bricklink 上不存在该零件
[20:44:36] [60/13737] ✗ 10112445 - Bricklink 上不存在该零件
[20:44:36] 进度 60/13737 (0.4%) | 成功 20 失败 40 | 成功率 33.3% | 平均 7.5s/个 | 剩余 1.2d
[20:44:44] [61/13737] ✗ 10112445a - Bricklink 上不存在该零件
[20:44:51] [62/13737] ✗ 10112445b - Bricklink 上不存在该零件
[20:44:58] [63/13737] ✗ 10112446 - Bricklink 上不存在该零件
[20:45:04] [64/13737] ✗ 10112446a - Bricklink 上不存在该零件
[20:45:14] [65/13737] ✗ 10112446b - Bricklink 上不存在该零件
[20:45:24] [66/13737] ✓ 10113 = 0.63g
[20:45:31] [67/13737] ✗ 10116630 - Bricklink 上不存在该零件
[20:45:36] [68/13737] ✓ 101170 = 0.17g
[20:45:44] [69/13737] ✓ 101184 = 0.17g
[20:45:54] [70/13737] ✗ 1011A - Bricklink 上不存在该零件
[20:45:54] 进度 70/13737 (0.5%) | 成功 23 失败 47 | 成功率 32.9% | 平均 7.6s/个 | 剩余 1.2d
[20:46:02] [71/13737] ✗ 1011B - Bricklink 上不存在该零件
[20:46:10] [72/13737] ✗ 1011C - Bricklink 上不存在该零件
[20:46:17] [73/13737] ✗ 1011D - Bricklink 上不存在该零件
[20:46:22] [74/13737] ✗ 1012 - Bricklink 上不存在该零件
[20:46:29] [75/13737] ✓ 10124 = 3.45g
[20:46:40] [76/13737] ✓ 10126 = 1.46g
[20:46:51] [77/13737] ✓ 10127 = 1.46g
[20:46:58] [78/13737] ✗ 101349 - Bricklink 上不存在该零件
[20:47:05] [79/13737] ✓ 10154 = 3.45g
[20:47:12] [80/13737] ✓ 101600 = 10.96g
[20:47:12] 进度 80/13737 (0.6%) | 成功 28 失败 52 | 成功率 35.0% | 平均 7.6s/个 | 剩余 1.2d
[20:47:17] [81/13737] ✓ 101636 = 0.15g
[20:47:24] [82/13737] ✓ 10164 = 0.78g
[20:47:29] [83/13737] ✗ 101645 - Bricklink 上不存在该零件
[20:47:36] [84/13737] ✗ 101651 - Bricklink 上不存在该零件
[20:47:44] [85/13737] ✗ 101652 - Bricklink 上不存在该零件
[20:47:50] [86/13737] ✗ 101653 - Bricklink 上不存在该零件
[20:47:58] [87/13737] ✗ 101654 - Bricklink 上不存在该零件
[20:48:04] [88/13737] ✗ 101655 - Bricklink 上不存在该零件
[20:48:08] [89/13737] ✓ 101658 = 0.11g
[20:48:14] [90/13737] ✓ 10165c01 = 1.96g
[20:48:14] 进度 90/13737 (0.7%) | 成功 32 失败 58 | 成功率 35.6% | 平均 7.4s/个 | 剩余 1.2d
[20:48:21] [91/13737] ✓ 101662 = 0.1g
[20:48:27] [92/13737] ✗ 10168 - Bricklink 上不存在该零件
[20:48:36] [93/13737] ✓ 10169 = 1.5g
[20:48:44] [94/13737] ✓ 10170 = 0.28g
[20:48:51] [95/13737] ✓ 10172 = 0.6g
[20:48:59] [96/13737] ✓ 10173 = 3.0g
[20:49:05] [97/13737] ✓ 10178 = 0.74g
[20:49:11] [98/13737] ✓ 10179cert = 34.0g
[20:49:17] [99/13737] ✓ 10183 = 0.76g
[20:49:28] [100/13737] ✓ 10187 = 0.11g
[20:49:28] 进度 100/13737 (0.7%) | 成功 41 失败 59 | 成功率 41.0% | 平均 7.4s/个 | 剩余 1.2d
[20:49:33] [101/13737] ✗ 10190 - Bricklink 上不存在该零件
[20:49:43] [102/13737] ✗ 10193 - Bricklink 上不存在该零件
[20:49:53] [103/13737] ✓ 10197 = 0.47g
[20:50:00] [104/13737] ✗ 10201 - Bricklink 上不存在该零件
[20:50:07] [105/13737] ✓ 10202 = 4.0g
[20:50:13] [106/13737] ✓ 10218 = 26.8g
[20:50:20] [107/13737] ✓ 102193 = 0.3g
[20:50:28] [108/13737] ✗ 1021A - Bricklink 上不存在该零件
[20:50:37] [109/13737] ✗ 1021B - Bricklink 上不存在该零件
[20:50:46] [110/13737] ✗ 102216 - Bricklink 上不存在该零件
[20:50:46] 进度 110/13737 (0.8%) | 成功 45 失败 65 | 成功率 40.9% | 平均 7.5s/个 | 剩余 1.2d
[20:50:55] [111/13737] ✗ 102219 - Bricklink 上不存在该零件
[20:51:03] [112/13737] ✗ 102219a - Bricklink 上不存在该零件
[20:51:11] [113/13737] ✗ 102219b - Bricklink 上不存在该零件
[20:51:17] [114/13737] ✗ 102219c - Bricklink 上不存在该零件
[20:51:26] [115/13737] ✗ 102219d - Bricklink 上不存在该零件
[20:51:33] [116/13737] ✗ 102224 - Bricklink 上不存在该零件
[20:51:41] [117/13737] ✗ 102224a - Bricklink 上不存在该零件
[20:51:49] [118/13737] ✗ 102224b - Bricklink 上不存在该零件
[20:51:58] [119/13737] ✗ 102264 - Bricklink 上不存在该零件
[20:52:04] [120/13737] ✓ 10227 = 0.62g
[20:52:04] 进度 120/13737 (0.9%) | 成功 46 失败 74 | 成功率 38.3% | 平均 7.5s/个 | 剩余 1.2d
[20:52:15] [121/13737] ✗ 1022A - Bricklink 上不存在该零件
[20:52:20] [122/13737] ✗ 1022B - Bricklink 上不存在该零件
[20:52:28] [123/13737] ✗ 1022C - Bricklink 上不存在该零件
[20:52:35] [124/13737] ✗ 1022D - Bricklink 上不存在该零件
[20:52:42] [125/13737] ✗ 102301 - Bricklink 上不存在该零件
[20:52:47] [126/13737] ✗ 102301a - Bricklink 上不存在该零件
[20:52:54] [127/13737] ✗ 102301b - Bricklink 上不存在该零件
[20:52:59] [128/13737] ✗ 102301c - Bricklink 上不存在该零件
[20:53:05] [129/13737] ✗ 102301d - Bricklink 上不存在该零件
[20:53:13] [130/13737] ✗ 102350 - Bricklink 上不存在该零件
[20:53:13] 进度 130/13737 (0.9%) | 成功 46 失败 84 | 成功率 35.4% | 平均 7.4s/个 | 剩余 1.2d
[20:53:20] [131/13737] ✗ 102350a - Bricklink 上不存在该零件
[20:53:31] [132/13737] ✗ 102350b - Bricklink 上不存在该零件
[20:53:38] [133/13737] ✗ 102350c - Bricklink 上不存在该零件
[20:53:48] [134/13737] ✓ 10247 = 0.74g
[20:53:55] [135/13737] ✗ 10247c01 - Bricklink 上不存在该零件
[20:54:00] [136/13737] ✓ 102505 = 0.03g
[20:54:04] [137/13737] ✓ 102509 = 0.04g
[20:54:12] [138/13737] ✓ 10258 = 0.35g
[20:54:19] [139/13737] ✗ 102661 - Bricklink 上不存在该零件
[20:54:27] [140/13737] ✗ 102662 - Bricklink 上不存在该零件
[20:54:27] 进度 140/13737 (1.0%) | 成功 50 失败 90 | 成功率 35.7% | 平均 7.4s/个 | 剩余 1.2d
[20:54:36] [141/13737] ✗ 102663 - Bricklink 上不存在该零件
[20:54:43] [142/13737] ✗ 102664 - Bricklink 上不存在该零件
[20:54:48] [143/13737] ✗ 102665 - Bricklink 上不存在该零件
[20:54:55] [144/13737] ✗ 102703uk - Bricklink 上不存在该零件
[20:55:00] [145/13737] ✓ 102735 = 4.78g
[20:55:06] [146/13737] ✓ 10288 = 0.96g
[20:55:18] [147/13737] ✓ 10301 = 0.65g
[20:55:31] [148/13737] ✗ 103033 - Bricklink 上不存在该零件
[20:55:38] [149/13737] ✗ 103035 - Bricklink 上不存在该零件
[20:55:46] [150/13737] ✗ 1030b1 - Bricklink 上不存在该零件
[20:55:46] 进度 150/13737 (1.1%) | 成功 53 失败 97 | 成功率 35.3% | 平均 7.5s/个 | 剩余 1.2d
[20:55:53] [151/13737] ✗ 1030b10 - Bricklink 上不存在该零件
[20:56:00] [152/13737] ✗ 1030b11 - Bricklink 上不存在该零件
[20:56:07] [153/13737] ✗ 1030b12 - Bricklink 上不存在该零件
[20:56:16] [154/13737] ✗ 1030b13 - Bricklink 上不存在该零件
[20:56:25] [155/13737] ✗ 1030b14 - Bricklink 上不存在该零件
[20:56:34] [156/13737] ✗ 1030b15 - Bricklink 上不存在该零件
[20:56:49] [157/13737] ✗ 1030b16 - Bricklink 上不存在该零件
[20:56:57] [158/13737] ✗ 1030b17 - Bricklink 上不存在该零件
[20:57:05] [159/13737] ✗ 1030b18 - Bricklink 上不存在该零件
[20:57:12] [160/13737] ✗ 1030b19 - Bricklink 上不存在该零件
[20:57:12] 进度 160/13737 (1.2%) | 成功 53 失败 107 | 成功率 33.1% | 平均 7.5s/个 | 剩余 1.2d
[20:57:21] [161/13737] ✗ 1030b2 - Bricklink 上不存在该零件
[20:57:30] [162/13737] ✗ 1030b20 - Bricklink 上不存在该零件
[20:57:38] [163/13737] ✗ 1030b3 - Bricklink 上不存在该零件
[20:57:46] [164/13737] ✗ 1030b4 - Bricklink 上不存在该零件
[20:57:53] [165/13737] ✗ 1030b5 - Bricklink 上不存在该零件
[20:58:02] [166/13737] ✗ 1030b6 - Bricklink 上不存在该零件
[20:58:09] [167/13737] ✗ 1030b7 - Bricklink 上不存在该零件
[20:58:16] [168/13737] ✗ 1030b8 - Bricklink 上不存在该零件
[20:58:21] [169/13737] ✗ 1030b9 - Bricklink 上不存在该零件
[20:58:28] [170/13737] ✓ 10312 = 14.3g
[20:58:28] 进度 170/13737 (1.2%) | 成功 54 失败 116 | 成功率 31.8% | 平均 7.5s/个 | 剩余 1.2d
[20:58:35] [171/13737] ✗ 10314 - Bricklink 上不存在该零件
[20:58:41] [172/13737] ✗ 1031A - Bricklink 上不存在该零件
[20:58:48] [173/13737] ✗ 1031B - Bricklink 上不存在该零件
[20:58:54] [174/13737] ✗ 1032A - Bricklink 上不存在该零件
[20:59:03] [175/13737] ✗ 1032B - Bricklink 上不存在该零件
[20:59:11] [176/13737] ✗ 1032b1 - Bricklink 上不存在该零件
[20:59:18] [177/13737] ✗ 1032b10 - Bricklink 上不存在该零件
[20:59:24] [178/13737] ✗ 1032b11 - Bricklink 上不存在该零件
[20:59:31] [179/13737] ✗ 1032b12 - Bricklink 上不存在该零件
[20:59:37] [180/13737] ✗ 1032b13 - Bricklink 上不存在该零件
[20:59:37] 进度 180/13737 (1.3%) | 成功 54 失败 126 | 成功率 30.0% | 平均 7.5s/个 | 剩余 1.2d
[20:59:45] [181/13737] ✗ 1032b14 - Bricklink 上不存在该零件
[20:59:57] [182/13737] ✗ 1032b15 - Bricklink 上不存在该零件
[21:00:04] [183/13737] ✗ 1032b16 - Bricklink 上不存在该零件
[21:00:14] [184/13737] ✗ 1032b17 - Bricklink 上不存在该零件
[21:00:26] [185/13737] ✗ 1032b18 - Bricklink 上不存在该零件
[21:00:33] [186/13737] ✗ 1032b19 - Bricklink 上不存在该零件
[21:00:40] [187/13737] ✗ 1032b2 - Bricklink 上不存在该零件
[21:00:47] [188/13737] ✗ 1032b20 - Bricklink 上不存在该零件
[21:00:57] [189/13737] ✗ 1032b3 - Bricklink 上不存在该零件
[21:01:07] [190/13737] ✗ 1032b4 - Bricklink 上不存在该零件
[21:01:07] 进度 190/13737 (1.4%) | 成功 54 失败 136 | 成功率 28.4% | 平均 7.6s/个 | 剩余 1.2d
[21:01:15] [191/13737] ✗ 1032b5 - Bricklink 上不存在该零件
[21:01:20] [192/13737] ✗ 1032b6 - Bricklink 上不存在该零件
[21:01:29] [193/13737] ✗ 1032b7 - Bricklink 上不存在该零件
[21:01:33] [194/13737] ✗ 1032b8 - Bricklink 上不存在该零件
[21:01:40] [195/13737] ✗ 1032b9 - Bricklink 上不存在该零件
[21:01:47] [196/13737] ✗ 1033464 - Bricklink 上不存在该零件
[21:01:55] [197/13737] ✗ 1033464a - Bricklink 上不存在该零件
[21:02:03] [198/13737] ✗ 1033464b - Bricklink 上不存在该零件
[21:02:13] [199/13737] ✓ 103385 = 0.04g
[21:02:21] [200/13737] ✗ 1034238 - Bricklink 上不存在该零件
[21:02:21] 进度 200/13737 (1.5%) | 成功 55 失败 145 | 成功率 27.5% | 平均 7.6s/个 | 剩余 1.2d
[21:02:29] [201/13737] ✗ 1034238a - Bricklink 上不存在该零件
[21:02:34] [202/13737] ✓ 103435 = 0.07g
[21:02:41] [203/13737] ✓ 103436 = 0.09g
[21:02:49] [204/13737] ✗ 1034695 - Bricklink 上不存在该零件
[21:02:57] [205/13737] ✗ 1034695a - Bricklink 上不存在该零件
[21:03:03] [206/13737] ✓ 103479c01 = 200.0g
[21:03:11] [207/13737] ✓ 103490 = 1.25g
[21:03:18] [208/13737] ✗ 1034991 - Bricklink 上不存在该零件
[21:03:26] [209/13737] ✗ 103650 - Bricklink 上不存在该零件
[21:03:35] [210/13737] ✗ 103650a - Bricklink 上不存在该零件
[21:03:35] 进度 210/13737 (1.5%) | 成功 59 失败 151 | 成功率 28.1% | 平均 7.6s/个 | 剩余 1.2d
[21:03:41] [211/13737] ✗ 103650b - Bricklink 上不存在该零件
[21:03:48] [212/13737] ✓ 103670 = 1.12g
[21:03:56] [213/13737] ✗ 1036965 - Bricklink 上不存在该零件
[21:04:03] [214/13737] ✗ 1036965a - Bricklink 上不存在该零件
[21:04:12] [215/13737] ✗ 1036965b - Bricklink 上不存在该零件
[21:04:19] [216/13737] ✓ 103747 = 4.23g
[21:04:27] [217/13737] ✗ 1037622 - Bricklink 上不存在该零件
[21:04:34] [218/13737] ✗ 1037622a - Bricklink 上不存在该零件
[21:04:43] [219/13737] ✗ 1037622b - Bricklink 上不存在该零件
[21:04:49] [220/13737] ✓ 103820 = 0.64g
[21:04:49] 进度 220/13737 (1.6%) | 成功 62 失败 158 | 成功率 28.2% | 平均 7.6s/个 | 剩余 1.2d
[21:05:01] [221/13737] ✓ 103821 = 0.66g
[21:05:06] [222/13737] ✓ 103827 = 0.05g
[21:05:12] [223/13737] ✗ 1038332 - Bricklink 上不存在该零件
[21:05:25] [224/13737] ✗ 1038332a - Bricklink 上不存在该零件
[21:05:35] [225/13737] ✗ 1038332b - Bricklink 上不存在该零件
[21:05:41] [226/13737] ✗ 103895c01 - Bricklink 上不存在该零件
[21:05:47] [227/13737] ✓ 103913 = 0.46g
[21:05:54] [228/13737] ✓ 103916 = 2.34g
[21:06:01] [229/13737] ✗ 103917 - Bricklink 上不存在该零件
[21:06:07] [230/13737] ✗ 103917a - Bricklink 上不存在该零件
[21:06:07] 进度 230/13737 (1.7%) | 成功 66 失败 164 | 成功率 28.7% | 平均 7.6s/个 | 剩余 1.2d
[21:06:13] [231/13737] ✗ 103917b - Bricklink 上不存在该零件
[21:06:19] [232/13737] ✓ 103931 = 0.1g
[21:06:25] [233/13737] ✓ 104 = 0.5g
[21:06:31] [234/13737] ✗ 104046 - Bricklink 上不存在该零件
[21:06:40] [235/13737] ✗ 104046a - Bricklink 上不存在该零件
[21:06:46] [236/13737] ✗ 104046b - Bricklink 上不存在该零件
[21:06:57] [237/13737] ✓ 104186 = 0.57g
[21:07:03] [238/13737] ✗ 104188 - Bricklink 上不存在该零件
[21:07:11] [239/13737] ✗ 1041A - Bricklink 上不存在该零件
[21:07:18] [240/13737] ✗ 1041B - Bricklink 上不存在该零件
[21:07:18] 进度 240/13737 (1.7%) | 成功 69 失败 171 | 成功率 28.7% | 平均 7.6s/个 | 剩余 1.2d
[21:07:26] [241/13737] ✗ 1041C - Bricklink 上不存在该零件
[21:07:33] [242/13737] ✗ 1042205 - Bricklink 上不存在该零件
[21:07:40] [243/13737] ✗ 1042A - Bricklink 上不存在该零件
[21:07:50] [244/13737] ✗ 1042B - Bricklink 上不存在该零件
[21:07:56] [245/13737] ✓ 104390 = 0.05g
[21:08:02] [246/13737] ✗ 104391 - Bricklink 上不存在该零件
[21:08:09] [247/13737] ✗ 1043A - Bricklink 上不存在该零件
[21:08:16] [248/13737] ✗ 1044A - Bricklink 上不存在该零件
[21:08:26] [249/13737] ✗ 104504 - Bricklink 上不存在该零件
[21:08:31] [250/13737] ✓ 104681 = 10.1g
[21:08:31] 进度 250/13737 (1.8%) | 成功 71 失败 179 | 成功率 28.4% | 平均 7.5s/个 | 剩余 1.2d
[21:08:37] [251/13737] ✓ 104682 = 10.1g
[21:08:46] [252/13737] ✓ 104683 = 10.0g
[21:08:52] [253/13737] ✓ 104684 = 10.0g
[21:08:59] [254/13737] ✗ 104702 - Bricklink 上不存在该零件
[21:09:07] [255/13737] ✗ 1047218 - Bricklink 上不存在该零件
[21:09:14] [256/13737] ✓ 104771 = 0.19g
[21:09:23] [257/13737] ✓ 104814 = 1.4g
[21:09:28] [258/13737] ✓ 104848 = 0.08g
[21:09:36] [259/13737] ✗ 105041 - Bricklink 上不存在该零件
[21:09:47] [260/13737] ✗ 10509 - Bricklink 上不存在该零件
[21:09:47] 进度 260/13737 (1.9%) | 成功 77 失败 183 | 成功率 29.6% | 平均 7.5s/个 | 剩余 1.2d
[21:09:54] [261/13737] ✗ 105162 - Bricklink 上不存在该零件
[21:10:01] [262/13737] ✓ 105173 = 0.17g
[21:10:09] [263/13737] ✗ 1051A - Bricklink 上不存在该零件
[21:10:16] [264/13737] ✗ 1052 - Bricklink 上不存在该零件
[21:10:24] [265/13737] ✓ 105416 = 0.12g
[21:10:31] [266/13737] ✓ 10555 = 0.1g
[21:10:38] [267/13737] ✓ 10563 = 4.5g
[21:10:46] [268/13737] ✗ 105904c01 - Bricklink 上不存在该零件
[21:10:51] [269/13737] ✓ 105909 = 3.7g
[21:10:58] [270/13737] ✓ 106341 = 1.1g
[21:10:58] 进度 270/13737 (2.0%) | 成功 83 失败 187 | 成功率 30.7% | 平均 7.5s/个 | 剩余 1.2d
[21:11:07] [271/13737] ✗ 106588 - Bricklink 上不存在该零件
[21:11:14] [272/13737] ✗ 106588a - Bricklink 上不存在该零件
[21:11:22] [273/13737] ✗ 106588b - Bricklink 上不存在该零件
[21:11:27] [274/13737] ✗ 106596 - Bricklink 上不存在该零件
[21:11:37] [275/13737] ✗ 106596a - Bricklink 上不存在该零件
[21:11:51] [276/13737] ✗ 106596b - Bricklink 上不存在该零件
[21:11:55] [277/13737] ✓ 10660c01 = 10.0g
[21:12:00] [278/13737] ✓ 10661 = 7.15g
[21:12:06] [279/13737] ✓ 106631 = 0.13g
[21:12:21] [280/13737] ✓ 106632 = 0.1g
[21:12:21] 进度 280/13737 (2.0%) | 成功 87 失败 193 | 成功率 31.1% | 平均 7.6s/个 | 剩余 1.2d
[21:12:31] [281/13737] ✗ 106704 - Bricklink 上不存在该零件
[21:12:37] [282/13737] ✓ 106712 = 2.31g
[21:12:44] [283/13737] ✗ 106713 - Bricklink 上不存在该零件
[21:12:50] [284/13737] ✗ 106822 - Bricklink 上不存在该零件
[21:12:55] [285/13737] ✓ 106830 = 0.08g
[21:13:01] [286/13737] ✓ 106831 = 3.35g
[21:13:07] [287/13737] ✗ 106993 - Bricklink 上不存在该零件
[21:13:14] [288/13737] ✗ 106993a - Bricklink 上不存在该零件
[21:13:21] [289/13737] ✗ 106993b - Bricklink 上不存在该零件
[21:13:30] [290/13737] ✓ 10716 = 0.05g
[21:13:30] 进度 290/13737 (2.1%) | 成功 91 失败 199 | 成功率 31.4% | 平均 7.5s/个 | 剩余 1.2d
[21:13:37] [291/13737] ✗ 107401 - Bricklink 上不存在该零件
[21:13:45] [292/13737] ✗ 107428 - Bricklink 上不存在该零件
[21:13:53] [293/13737] ✓ 107821 = 0.14g
[21:14:00] [294/13737] ✗ 1082 - Bricklink 上不存在该零件
[21:14:09] [295/13737] ✗ 108249 - Bricklink 上不存在该零件
[21:14:17] [296/13737] ✗ 1083 - Bricklink 上不存在该零件
[21:14:26] [297/13737] ✗ 1084 - Bricklink 上不存在该零件
[21:14:34] [298/13737] ✗ 1085 - Bricklink 上不存在该零件
[21:14:41] [299/13737] ✗ 1086 - Bricklink 上不存在该零件
[21:14:46] [300/13737] ✓ 108618 = 1.39g
[21:14:46] 进度 300/13737 (2.2%) | 成功 93 失败 207 | 成功率 31.0% | 平均 7.5s/个 | 剩余 1.2d
[21:14:52] [301/13737] ✓ 108619 = 1.4g
[21:14:58] [302/13737] ✓ 108681 = 2.0g
[21:15:05] [303/13737] ✓ 108773 = 1.84g
[21:15:18] [304/13737] ✓ 108775 = 0.73g
[21:15:24] [305/13737] ✓ 108776 = 0.66g
[21:15:36] [306/13737] ✗ 1088 - Bricklink 上不存在该零件
[21:15:46] [307/13737] ✓ 10883 = 0.07g
[21:15:55] [308/13737] ✓ 10884 = 1.92g
[21:16:03] [309/13737] ✗ 10888 - Bricklink 上不存在该零件
[21:16:07] [310/13737] ✓ 109 = 1.2g
[21:16:07] 进度 310/13737 (2.3%) | 成功 101 失败 209 | 成功率 32.6% | 平均 7.6s/个 | 剩余 1.2d
[21:16:13] [311/13737] ✓ 10904 = 0.2g
[21:16:20] [312/13737] ✓ 10907 = 0.58g
[21:16:28] [313/13737] ✓ 10909 = 1.19g
[21:16:35] [314/13737] ✗ 1090ba - Bricklink 上不存在该零件
[21:16:47] [315/13737] ✗ 1090bbc - Bricklink 上不存在该零件
[21:16:56] [316/13737] ✗ 1090bd - Bricklink 上不存在该零件
[21:17:03] [317/13737] ✗ 1090be - Bricklink 上不存在该零件
[21:17:13] [318/13737] ✗ 1090boc - Bricklink 上不存在该零件
[21:17:18] [319/13737] ✓ 10916 = 58.9g
[21:17:25] [320/13737] ✓ 109177 = 0.14g
[21:17:25] 进度 320/13737 (2.3%) | 成功 106 失败 214 | 成功率 33.1% | 平均 7.6s/个 | 剩余 1.2d
[21:17:29] [321/13737] ✓ 10928 = 0.22g
[21:17:36] [322/13737] ✗ 1092ba - Bricklink 上不存在该零件
[21:17:46] [323/13737] ✗ 1092bbcd - Bricklink 上不存在该零件
[21:17:55] [324/13737] ✗ 1092be - Bricklink 上不存在该零件
[21:18:03] [325/13737] ✗ 1092boc - Bricklink 上不存在该零件
[21:18:10] [326/13737] ✗ 1093 - Bricklink 上不存在该零件
[21:18:19] [327/13737] ✗ 109373 - Bricklink 上不存在该零件
[21:18:24] [328/13737] ✓ 109393 = 0.4g
[21:18:37] [329/13737] ✗ 109481 - Bricklink 上不存在该零件
[21:18:41] [330/13737] ✓ 109516 = 6.0g
[21:18:41] 进度 330/13737 (2.4%) | 成功 109 失败 221 | 成功率 33.0% | 平均 7.6s/个 | 剩余 1.2d
[21:18:49] [331/13737] ✓ 109597 = 11.0g
[21:18:55] [332/13737] ✓ 109598 = 0.19g
[21:19:05] [333/13737] ✓ 109605 = 0.07g
[21:19:09] [334/13737] ✓ 109634 = 0.2g
[21:19:18] [335/13737] ✓ 109637 = 5.5g
[21:19:25] [336/13737] ✗ 109847c01 - Bricklink 上不存在该零件
[21:19:37] [337/13737] ✓ 109849 = 1.73g
[21:19:44] [338/13737] ✓ 109850 = 1.04g
[21:19:51] [339/13737] ✓ 109851 = 2.08g
[21:19:58] [340/13737] ✓ 109852 = 1.65g
[21:19:58] 进度 340/13737 (2.5%) | 成功 118 失败 222 | 成功率 34.7% | 平均 7.6s/个 | 剩余 1.2d
[21:20:06] [341/13737] ✓ 109853 = 2.62g
[21:20:12] [342/13737] ✓ 109854 = 2.62g
[21:20:22] [343/13737] ✓ 109855 = 1.05g
[21:20:28] [344/13737] ✓ 109856 = 0.77g
[21:20:38] [345/13737] ✗ 109864c01 - Bricklink 上不存在该零件
[21:20:44] [346/13737] ✓ 109866 = 0.48g
[21:20:48] [347/13737] ✓ 10a = 73.0g
[21:20:58] [348/13737] ✓ 10b = 74.0g
[21:21:04] [349/13737] ✓ 11002 = 1.2g
[21:21:14] [350/13737] ✓ 110050 = 4.7g
[21:21:14] 进度 350/13737 (2.5%) | 成功 127 失败 223 | 成功率 36.3% | 平均 7.6s/个 | 剩余 1.2d
[21:21:20] [351/13737] ✓ 110051 = 0.21g
[21:21:27] [352/13737] ✓ 11010 = 0.06g
[21:21:41] [353/13737] ✗ 110100 - Bricklink 上不存在该零件
[21:21:49] [354/13737] ✗ 110187c01 - Bricklink 上不存在该零件
[21:21:56] [355/13737] ✗ 11055 - Bricklink 上不存在该零件
[21:22:03] [356/13737] ✓ 11062 = 2.0g
[21:22:09] [357/13737] ✓ 110631 = 0.23g
[21:22:20] [358/13737] ✓ 110633 = 0.08g
[21:22:29] [359/13737] ✓ 11089 = 0.48g
[21:22:42] [360/13737] ✓ 11090 = 0.24g
[21:22:42] 进度 360/13737 (2.6%) | 成功 134 失败 226 | 成功率 37.2% | 平均 7.6s/个 | 剩余 1.2d
[21:22:48] [361/13737] ✓ 11091 = 1.2g
[21:22:56] [362/13737] ✓ 11092 = 0.46g
[21:23:07] [363/13737] ✓ 11094 = 19.45g
[21:23:14] [364/13737] ✓ 11096 = 0.68g
[21:23:24] [365/13737] ✓ 11097 = 0.77g
[21:23:32] [366/13737] ✓ 11098 = 1.12g
[21:23:42] [367/13737] ✓ 11100 = 0.52g
[21:23:46] [368/13737] ✓ 11103 = 0.6g
[21:23:51] [369/13737] ✗ 111049 - Bricklink 上不存在该零件
[21:23:56] [370/13737] ✓ 11106 = 1.27g
[21:23:56] 进度 370/13737 (2.7%) | 成功 143 失败 227 | 成功率 38.6% | 平均 7.6s/个 | 剩余 1.2d
[21:24:02] [371/13737] ✓ 11107 = 0.52g
[21:24:09] [372/13737] ✗ 1110M - Bricklink 上不存在该零件
[21:24:17] [373/13737] ✓ 111102 = 0.13g
[21:24:25] [374/13737] ✗ 1111L - Bricklink 上不存在该零件
[21:24:35] [375/13737] ✗ 1111M - Bricklink 上不存在该零件
[21:24:43] [376/13737] ✓ 11120 = 19.0g
[21:24:48] [377/13737] ✓ 111213 = 3.05g
[21:24:56] [378/13737] ✓ 111234 = 4.4g
[21:25:02] [379/13737] ✓ 11126 = 2.2g
[21:25:13] [380/13737] ✓ 11127 = 0.52g
[21:25:13] 进度 380/13737 (2.8%) | 成功 150 失败 230 | 成功率 39.5% | 平均 7.6s/个 | 剩余 1.2d
[21:25:21] [381/13737] ✗ 11145 - Bricklink 上不存在该零件
[21:25:27] [382/13737] ✗ 11153 - Bricklink 上不存在该零件
[21:25:35] [383/13737] ✗ 111539 - Bricklink 上不存在该零件
[21:25:41] [384/13737] ✓ 11156 = 0.31g
[21:25:47] [385/13737] ✓ 111581 = 1.64g
[21:25:52] [386/13737] ✓ 111600 = 0.07g
[21:25:57] [387/13737] ✓ 111618 = 23.0g
[21:26:03] [388/13737] ✓ 111619 = 53.0g
[21:26:09] [389/13737] ✓ 111620 = 25.5g
[21:26:17] [390/13737] ✓ 11169 = 7.7g
[21:26:17] 进度 390/13737 (2.8%) | 成功 157 失败 233 | 成功率 40.3% | 平均 7.6s/个 | 剩余 1.2d
[21:26:27] [391/13737] ✓ 11170 = 8.3g
[21:26:43] [392/13737] ✓ 11187 = 0.21g
[21:26:50] [393/13737] ✓ 111947 = 0.09g
[21:26:57] [394/13737] ✓ 11197 = 18.0g
[21:27:11] [395/13737] ✓ 11198 = 20.0g
[21:27:19] [396/13737] ✗ 111984 - Bricklink 上不存在该零件
[21:27:27] [397/13737] ✗ 111984a - Bricklink 上不存在该零件
[21:27:36] [398/13737] ✗ 111984b - Bricklink 上不存在该零件
[21:27:44] [399/13737] ✗ 111984c - Bricklink 上不存在该零件
[21:27:51] [400/13737] ✗ 112027 - Bricklink 上不存在该零件
[21:27:51] 进度 400/13737 (2.9%) | 成功 162 失败 238 | 成功率 40.5% | 平均 7.6s/个 | 剩余 1.2d
[21:28:05] [401/13737] ✓ 11203 = 0.62g
[21:28:14] [402/13737] ✗ 112073 - Bricklink 上不存在该零件
[21:28:22] [403/13737] ✓ 11208 = 0.91g
[21:28:31] [404/13737] ✓ 11209 = 1.43g
[21:28:41] [405/13737] ✓ 11211 = 0.86g
[21:28:51] [406/13737] ✓ 11212 = 1.25g
[21:29:04] [407/13737] ✓ 11213 = 3.47g
[21:29:22] [408/13737] ✓ 11214 = 0.35g
[21:29:48] [409/13737] ✓ 11215 = 2.17g
[21:30:00] [410/13737] ✓ 11216 = 22.5g
[21:30:00] 进度 410/13737 (3.0%) | 成功 171 失败 239 | 成功率 41.7% | 平均 7.7s/个 | 剩余 1.2d
[21:30:13] [411/13737] ✓ 11217 = 0.85g
[21:30:26] [412/13737] ✗ 1121L - Bricklink 上不存在该零件
[21:30:45] [413/13737] ✗ 1121M - Bricklink 上不存在该零件
[21:30:52] [414/13737] ✗ 1122L - Bricklink 上不存在该零件
[21:31:03] [415/13737] ✗ 1122M - Bricklink 上不存在该零件
[21:31:10] [416/13737] ✓ 112318 = 2.37g
[21:31:18] [417/13737] ✓ 11233 = 0.88g
[21:31:33] [418/13737] ✗ 112355c01 - Bricklink 上不存在该零件
[21:31:51] [419/13737] ✗ 1124 - Bricklink 上不存在该零件
[21:32:04] [420/13737] ✓ 112440 = 0.25g
[21:32:04] 进度 420/13737 (3.1%) | 成功 175 失败 245 | 成功率 41.7% | 平均 7.9s/个 | 剩余 1.2d
[21:32:17] [421/13737] ✗ 112441 - Bricklink 上不存在该零件
[21:32:29] [422/13737] ✗ 112441a - Bricklink 上不存在该零件
[21:32:40] [423/13737] ✗ 112441b - Bricklink 上不存在该零件
[21:32:47] [424/13737] ✗ 112441c - Bricklink 上不存在该零件
[21:32:53] [425/13737] ✗ 112441d - Bricklink 上不存在该零件
[21:33:04] [426/13737] ✓ 11245 = 0.87g
[21:33:13] [427/13737] ✓ 11248c01 = 32.0g
[21:33:20] [428/13737] ✓ 11248c02 = 32.4g
[21:33:32] [429/13737] ✓ 11248c03 = 32.0g
[21:33:45] [430/13737] ✓ 11248c04 = 32.0g
[21:33:45] 进度 430/13737 (3.1%) | 成功 180 失败 250 | 成功率 41.9% | 平均 7.9s/个 | 剩余 1.2d
[21:33:50] [431/13737] ✓ 11248c05 = 32.0g
[21:33:58] [432/13737] ✓ 11248c06 = 32.0g
[21:34:08] [433/13737] ✓ 11248c07 = 32.0g
[21:34:15] [434/13737] ✓ 11248c08 = 32.0g
[21:34:21] [435/13737] ✓ 11249 = 14.25g
[21:34:30] [436/13737] ✓ 11250 = 0.33g
[21:34:37] [437/13737] ✗ 11251 - Bricklink 上不存在该零件
[21:34:47] [438/13737] ✓ 11252 = 0.36g
[21:35:24] [439/13737] ✓ 11253 = 0.15g
[21:35:46] [440/13737] ✓ 112537 = 0.12g
[21:35:46] 进度 440/13737 (3.2%) | 成功 189 失败 251 | 成功率 43.0% | 平均 8.0s/个 | 剩余 1.2d
[21:36:15] [441/13737] ✓ 112538 = 0.27g
[21:36:43] [442/13737] ✓ 112539 = 2.06g
[21:36:47] [443/13737] ✓ 11255 = 1.1g
[21:36:55] [444/13737] ✓ 112554 = 3.25g
[21:37:01] [445/13737] ✓ 112555 = 4.74g
[21:37:07] [446/13737] ✓ 112556 = 3.17g
[21:37:13] [447/13737] ✓ 112557 = 1.63g
[21:37:21] [448/13737] ✓ 112558 = 0.28g
[21:37:27] [449/13737] ✓ 11256 = 0.77g
[21:37:31] [450/13737] ✓ 11258 = 0.38g
[21:37:31] 进度 450/13737 (3.3%) | 成功 199 失败 251 | 成功率 44.2% | 平均 8.1s/个 | 剩余 1.2d
[21:37:43] [451/13737] ✓ 1126 = 0.23g
[21:37:52] [452/13737] ✓ 11260 = 0.95g
[21:38:00] [453/13737] ✓ 11261 = 1.32g
[21:38:07] [454/13737] ✓ 11267 = 11.6g
[21:38:15] [455/13737] ✓ 11268 = 3.7g
[21:38:24] [456/13737] ✓ 11269 = 1.74g
[21:38:30] [457/13737] ✓ 1127 = 1.1g
[21:38:37] [458/13737] ✓ 11270 = 2.68g
[21:38:41] [459/13737] ✓ 11271 = 5.86g
[21:38:53] [460/13737] ✓ 11272 = 0.75g
[21:38:53] 进度 460/13737 (3.3%) | 成功 209 失败 251 | 成功率 45.4% | 平均 8.1s/个 | 剩余 1.2d
[21:39:00] [461/13737] ✓ 11273 = 4.8g
[21:39:06] [462/13737] ✓ 11275 = 2.5g
[21:39:10] [463/13737] ✓ 11276 = 2.25g
[21:39:19] [464/13737] ✓ 11277 = 2.6g
[21:39:27] [465/13737] ✓ 11278 = 2.8g
[21:39:36] [466/13737] ✓ 11279 = 2.6g
[21:39:41] [467/13737] ✓ 11280 = 3.4g
[21:39:48] [468/13737] ✓ 11281 = 2.6g
[21:39:53] [469/13737] ✓ 11282 = 3.1g
[21:40:02] [470/13737] ✓ 11286 = 2.9g
[21:40:02] 进度 470/13737 (3.4%) | 成功 219 失败 251 | 成功率 46.6% | 平均 8.0s/个 | 剩余 1.2d
[21:40:09] [471/13737] ✓ 11287 = 2.9g
[21:40:15] [472/13737] ✓ 11288 = 4.8g
[21:40:21] [473/13737] ✓ 11289 = 4.0g
[21:40:29] [474/13737] ✓ 11290 = 5.35g
[21:40:36] [475/13737] ✓ 11291 = 1.57g
[21:40:44] [476/13737] ✓ 11293 = 7.6g
[21:40:50] [477/13737] ✓ 11294 = 2.2g
[21:41:00] [478/13737] ✓ 11295 = 7.15g
[21:41:05] [479/13737] ✓ 11296 = 4.0g
[21:41:13] [480/13737] ✓ 11297 = 2.73g
[21:41:13] 进度 480/13737 (3.5%) | 成功 229 失败 251 | 成功率 47.7% | 平均 8.0s/个 | 剩余 1.2d
[21:41:19] [481/13737] ✓ 11298 = 3.9g
[21:41:23] [482/13737] ✓ 11299 = 7.5g
[21:41:31] [483/13737] ✓ 11301 = 6.01g
[21:41:39] [484/13737] ✓ 11302 = 3.8g
[21:41:45] [485/13737] ✓ 11303 = 0.36g
[21:41:53] [486/13737] ✓ 11305 = 1.84g
[21:42:00] [487/13737] ✗ 1131L - Bricklink 上不存在该零件
[21:42:08] [488/13737] ✗ 1131M - Bricklink 上不存在该零件
[21:42:21] [489/13737] ✓ 11327 = 2.45g
[21:42:28] [490/13737] ✓ 11329 = 0.78g
[21:42:28] 进度 490/13737 (3.6%) | 成功 237 失败 253 | 成功率 48.4% | 平均 8.0s/个 | 剩余 1.2d
[21:42:36] [491/13737] ✓ 113292 = 1.33g
[21:42:46] [492/13737] ✗ 1132L - Bricklink 上不存在该零件
[21:42:53] [493/13737] ✗ 1132M - Bricklink 上不存在该零件
[21:43:07] [494/13737] ✓ 11334 = 2.6g
[21:43:15] [495/13737] ✓ 11335 = 34.75g
[21:43:22] [496/13737] ✓ 11336 = 1.7g
[21:43:28] [497/13737] ✓ 11338 = 2.9g
[21:43:34] [498/13737] ✗ 11340 - Bricklink 上不存在该零件
[21:43:42] [499/13737] ✗ 11342 - Bricklink 上不存在该零件
[21:43:48] [500/13737] ✗ 11343 - Bricklink 上不存在该零件
[21:43:48] 进度 500/13737 (3.6%) | 成功 242 失败 258 | 成功率 48.4% | 平均 8.0s/个 | 剩余 1.2d
[21:43:56] [501/13737] ✓ 11344 = 16.0g
[21:44:04] [502/13737] ✓ 11345 = 32.0g
[21:44:11] [503/13737] ✗ 113558 - Bricklink 上不存在该零件
[21:44:17] [504/13737] ✓ 113578 = 7.0g
[21:44:24] [505/13737] ✓ 113921 = 0.07g
[21:44:30] [506/13737] ✗ 113926c01 - Bricklink 上不存在该零件
[21:44:35] [507/13737] ✓ 113944 = 3.87g
[21:44:46] [508/13737] ✓ 113945 = 1.5g
[21:44:52] [509/13737] ✓ 113946 = 1.4g
[21:45:00] [510/13737] ✓ 113947 = 1.0g
[21:45:00] 进度 510/13737 (3.7%) | 成功 250 失败 260 | 成功率 49.0% | 平均 8.0s/个 | 剩余 1.2d
[21:45:11] [511/13737] ✓ 113948 = 1.0g
[21:45:18] [512/13737] ✓ 113952 = 0.41g
[21:45:23] [513/13737] ✓ 113955 = 0.41g
[21:45:29] [514/13737] ✓ 113956 = 0.56g
[21:45:37] [515/13737] ✓ 11399 = 2.5g
[21:45:45] [516/13737] ✓ 11402 = 2.0g
[21:45:53] [517/13737] ✗ 1140Ma - Bricklink 上不存在该零件
[21:45:59] [518/13737] ✗ 1140Mb - Bricklink 上不存在该零件
[21:46:05] [519/13737] ✗ 1141L - Bricklink 上不存在该零件
[21:46:16] [520/13737] ✗ 1141M - Bricklink 上不存在该零件
[21:46:16] 进度 520/13737 (3.8%) | 成功 256 失败 264 | 成功率 49.2% | 平均 8.0s/个 | 剩余 1.2d
[21:46:21] [521/13737] ✓ 114253 = 6.83g
[21:46:27] [522/13737] ✗ 114254 - Bricklink 上不存在该零件
[21:46:34] [523/13737] ✗ 1142L - Bricklink 上不存在该零件
[21:46:41] [524/13737] ✗ 1142M - Bricklink 上不存在该零件
[21:46:50] [525/13737] ✓ 114303 = 1.0g
[21:47:06] [526/13737] ✗ 114335 - Bricklink 上不存在该零件
[21:47:14] [527/13737] ✗ 114342 - Bricklink 上不存在该零件
[21:47:40] [528/13737] ✗ 114343 - Bricklink 上不存在该零件
[21:47:51] [529/13737] ✗ 114345 - Bricklink 上不存在该零件
[21:48:00] [530/13737] ✗ 114346 - Bricklink 上不存在该零件
[21:48:00] 进度 530/13737 (3.9%) | 成功 258 失败 272 | 成功率 48.7% | 平均 8.0s/个 | 剩余 1.2d
[21:48:08] [531/13737] ✗ 114348 - Bricklink 上不存在该零件
[21:48:17] [532/13737] ✗ 114349 - Bricklink 上不存在该零件
[21:48:23] [533/13737] ✗ 11435 - Bricklink 上不存在该零件
[21:48:32] [534/13737] ✗ 114350 - Bricklink 上不存在该零件
[21:48:38] [535/13737] ✓ 114351 = 4.69g
[21:48:52] [536/13737] ✓ 11437 = 0.33g
[21:49:06] [537/13737] ✓ 11438 = 0.5g
[21:49:14] [538/13737] ✓ 11439 = 0.27g
[21:49:22] [539/13737] ✗ 114428 - Bricklink 上不存在该零件
[21:49:30] [540/13737] ✗ 114428a - Bricklink 上不存在该零件
[21:49:30] 进度 540/13737 (3.9%) | 成功 262 失败 278 | 成功率 48.5% | 平均 8.0s/个 | 剩余 1.2d
[21:49:38] [541/13737] ✗ 114428b - Bricklink 上不存在该零件
[21:49:46] [542/13737] ✗ 114429 - Bricklink 上不存在该零件
[21:49:53] [543/13737] ✗ 114429a - Bricklink 上不存在该零件
[21:50:00] [544/13737] ✓ 114476c01 = 11.55g
[21:50:11] [545/13737] ✓ 11455 = 1.0g
[21:50:21] [546/13737] ✓ 114571 = 0.38g
[21:50:26] [547/13737] ✓ 114573 = 0.23g
[21:50:34] [548/13737] ✓ 114576 = 0.18g
[21:50:54] [549/13737] ✓ 11458 = 0.47g
[21:51:05] [550/13737] ✓ 114637 = 2.05g
[21:51:05] 进度 550/13737 (4.0%) | 成功 269 失败 281 | 成功率 48.9% | 平均 8.1s/个 | 剩余 1.2d
[21:51:14] [551/13737] ✓ 114639 = 2.05g
[21:51:24] [552/13737] ✗ 11464 - Bricklink 上不存在该零件
[21:51:32] [553/13737] ✓ 114640 = 2.05g
[21:51:52] [554/13737] ✓ 11476 = 0.46g
[21:52:01] [555/13737] ✓ 114765 = 2.17g
[21:52:06] [556/13737] ✓ 114767 = 0.9g
[21:52:33] [557/13737] ✓ 11477 = 0.31g
[21:52:45] [558/13737] ✓ 11478 = 0.7g
[21:52:52] [559/13737] ✗ 114781 - Bricklink 上不存在该零件
[21:52:59] [560/13737] ✓ 1148 = 6.34g
[21:52:59] 进度 560/13737 (4.1%) | 成功 277 失败 283 | 成功率 49.5% | 平均 8.1s/个 | 剩余 1.2d
[21:53:04] [561/13737] ✓ 114876 = 6.14g
[21:53:10] [562/13737] ✓ 115061 = 0.06g
[21:53:17] [563/13737] ✓ 115062 = 0.04g
[21:53:26] [564/13737] ✗ 1151M - Bricklink 上不存在该零件
[21:53:34] [565/13737] ✗ 1152M - Bricklink 上不存在该零件
[21:53:39] [566/13737] ✓ 115530 = 0.19g
[21:53:44] [567/13737] ✓ 11575 = 1.73g
[21:53:52] [568/13737] ✗ 115901 - Bricklink 上不存在该零件
[21:53:57] [569/13737] ✓ 11597 = 0.41g
[21:54:07] [570/13737] ✓ 11598 = 4.5g
[21:54:07] 进度 570/13737 (4.1%) | 成功 284 失败 286 | 成功率 49.8% | 平均 8.1s/个 | 剩余 1.2d
[21:54:20] [571/13737] ✓ 11599 = 0.41g
[21:54:26] [572/13737] ✓ 11601 = 0.21g
[21:54:35] [573/13737] ✓ 11602 = 1.16g
[21:54:43] [574/13737] ✓ 116026 = 5.18g
[21:54:50] [575/13737] ✓ 11603 = 0.9g
[21:54:55] [576/13737] ✓ 11605 = 0.5g
[21:55:08] [577/13737] ✓ 11609 = 0.11g
[21:55:20] [578/13737] ✓ 11610 = 0.26g
[21:55:28] [579/13737] ✓ 116106 = 0.66g
[21:55:38] [580/13737] ✓ 11618 = 0.11g
[21:55:38] 进度 580/13737 (4.2%) | 成功 294 失败 286 | 成功率 50.7% | 平均 8.1s/个 | 剩余 1.2d
[21:55:44] [581/13737] ✓ 11640 = 0.44g
[21:55:52] [582/13737] ✓ 11641 = 2.39g
[21:55:59] [583/13737] ✓ 11691 = 0.39g
[21:56:07] [584/13737] ✗ 117282 - Bricklink 上不存在该零件
[21:56:14] [585/13737] ✗ 11767 - Bricklink 上不存在该零件
[21:56:23] [586/13737] ✗ 11778 - Bricklink 上不存在该零件
[21:56:32] [587/13737] ✗ 117803 - Bricklink 上不存在该零件
[21:56:42] [588/13737] ✗ 11795 - Bricklink 上不存在该零件
[21:56:49] [589/13737] ✗ 118084 - Bricklink 上不存在该零件
[21:56:57] [590/13737] ✗ 118091 - Bricklink 上不存在该零件
[21:56:57] 进度 590/13737 (4.3%) | 成功 297 失败 293 | 成功率 50.3% | 平均 8.1s/个 | 剩余 1.2d
[21:57:06] [591/13737] ✗ 118092 - Bricklink 上不存在该零件
[21:57:13] [592/13737] ✗ 1182M - Bricklink 上不存在该零件
[21:57:25] [593/13737] ✓ 11833 = 1.4g
[21:57:32] [594/13737] ✗ 11835 - Bricklink 上不存在该零件
[21:57:40] [595/13737] ✓ 11836 = 1.0g
[21:57:46] [596/13737] ✓ 11841c01 = 38.3g
[21:57:51] [597/13737] ✓ 11841c02 = 38.3g
[21:58:00] [598/13737] ✓ 11841c03 = 38.3g
[21:58:08] [599/13737] ✓ 11841c04 = 38.3g
[21:58:22] [600/13737] ✓ 11841c05 = 38.3g
[21:58:22] 进度 600/13737 (4.4%) | 成功 304 失败 296 | 成功率 50.7% | 平均 8.1s/个 | 剩余 1.2d
[21:58:31] [601/13737] ✓ 11891 = 1.01g
[21:58:37] [602/13737] ✗ 118t1 - Bricklink 上不存在该零件
[21:58:51] [603/13737] ✓ 11900 = 2.0g
[21:58:59] [604/13737] ✓ 11906 = 0.45g
[21:59:16] [605/13737] ✓ 11907 = 0.94g
[21:59:21] [606/13737] ✓ 11908 = 1.05g
[21:59:27] [607/13737] ✓ 11911 = 0.49g
[21:59:36] [608/13737] ✗ 11929 - Bricklink 上不存在该零件
[21:59:41] [609/13737] ✗ 11938 - Bricklink 上不存在该零件
[21:59:52] [610/13737] ✗ 11938c01 - Bricklink 上不存在该零件
[21:59:52] 进度 610/13737 (4.4%) | 成功 310 失败 300 | 成功率 50.8% | 平均 8.1s/个 | 剩余 1.2d
[22:00:01] [611/13737] ✓ 11946 = 1.43g
[22:00:11] [612/13737] ✓ 11947 = 1.43g
[22:00:21] [613/13737] ✓ 11949 = 2.9g
[22:00:29] [614/13737] ✓ 11950 = 1.75g
[22:00:53] [615/13737] ✓ 11953 = 2.7g
[22:01:02] [616/13737] ✓ 11954 = 7.4g
[22:01:11] [617/13737] ✓ 11955 = 0.2g
[22:01:17] [618/13737] ✓ 11957 = 22.0g
[22:01:25] [619/13737] ✗ 120070 - Bricklink 上不存在该零件
[22:01:33] [620/13737] ✗ 120246 - Bricklink 上不存在该零件
[22:01:33] 进度 620/13737 (4.5%) | 成功 318 失败 302 | 成功率 51.3% | 平均 8.2s/个 | 剩余 1.2d
[22:01:44] [621/13737] ✗ 120317 - Bricklink 上不存在该零件
[22:01:53] [622/13737] ✗ 12053 - Bricklink 上不存在该零件
[22:01:59] [623/13737] ✓ 120626 = 3.85g
[22:02:06] [624/13737] ✓ 120630 = 3.7g
[22:02:16] [625/13737] ✗ 12104 - Bricklink 上不存在该零件
[22:02:25] [626/13737] ✗ 12126 - Bricklink 上不存在该零件
[22:02:34] [627/13737] ✗ 12146 - Bricklink 上不存在该零件
[22:02:44] [628/13737] ✓ 122c01 = 1.86g
[22:02:51] [629/13737] ✓ 122c02 = 1.86g
[22:03:01] [630/13737] ✓ 122c02assy3 = 6.6g
[22:03:01] 进度 630/13737 (4.6%) | 成功 323 失败 307 | 成功率 51.3% | 平均 8.2s/个 | 剩余 1.2d
[22:03:07] [631/13737] ✓ 12547 = 0.13g
[22:03:14] [632/13737] ✗ 12592c01 - Bricklink 上不存在该零件
[22:03:24] [633/13737] ✗ 12592c02 - Bricklink 上不存在该零件
[22:03:33] [634/13737] ✗ 12592c03 - Bricklink 上不存在该零件
[22:03:41] [635/13737] ✗ 12592c04 - Bricklink 上不存在该零件
[22:03:48] [636/13737] ✗ 12592c05 - Bricklink 上不存在该零件
[22:03:57] [637/13737] ✗ 12592c06 - Bricklink 上不存在该零件
[22:04:05] [638/13737] ✗ 12592c07 - Bricklink 上不存在该零件
[22:04:13] [639/13737] ✗ 125c01 - Bricklink 上不存在该零件
[22:04:21] [640/13737] ✗ 12600c01 - Bricklink 上不存在该零件
[22:04:21] 进度 640/13737 (4.7%) | 成功 324 失败 316 | 成功率 50.6% | 平均 8.2s/个 | 剩余 1.2d
[22:04:28] [641/13737] ✓ 12602 = 5.9g
[22:04:37] [642/13737] ✗ 12610 - Bricklink 上不存在该零件
[22:04:54] [643/13737] ✓ 12617 = 0.6g
[22:05:00] [644/13737] ✓ 12618 = 0.24g
[22:05:08] [645/13737] ✗ 12622c01 - Bricklink 上不存在该零件
[22:05:15] [646/13737] ✗ 12622c02 - Bricklink 上不存在该零件
[22:05:26] [647/13737] ✗ 12622c03 - Bricklink 上不存在该零件
[22:05:34] [648/13737] ✗ 12622c04 - Bricklink 上不存在该零件
[22:05:40] [649/13737] ✗ 12622c05 - Bricklink 上不存在该零件
[22:05:45] [650/13737] ✓ 12651 = 7.0g
[22:05:45] 进度 650/13737 (4.7%) | 成功 328 失败 322 | 成功率 50.5% | 平均 8.2s/个 | 剩余 1.2d
[22:05:52] [651/13737] ✗ 12758 - Bricklink 上不存在该零件
[22:06:03] [652/13737] ✗ 12799 - Bricklink 上不存在该零件
[22:06:17] [653/13737] ✗ 12825 - Bricklink 上不存在该零件
[22:06:28] [654/13737] ✓ 12857 = 0.1g
[22:06:33] [655/13737] ✓ 12884 = 0.51g
[22:06:56] [656/13737] ✓ 12885 = 0.22g
[22:07:01] [657/13737] ✓ 12886 = 0.27g
[22:07:07] [658/13737] ✓ 12889 = 0.85g
[22:07:13] [659/13737] ✓ 12890 = 1.0g
[22:07:23] [660/13737] ✗ 12891 - Bricklink 上不存在该零件
[22:07:23] 进度 660/13737 (4.8%) | 成功 334 失败 326 | 成功率 50.6% | 平均 8.2s/个 | 剩余 1.2d
[22:07:40] [661/13737] ✓ 12892 = 0.54g
[22:07:52] [662/13737] ✓ 12895 = 0.48g
[22:08:06] [663/13737] ✓ 12897 = 0.34g
[22:08:16] [664/13737] ✓ 12898 = 0.51g
[22:08:42] [665/13737] ✓ 12939 = 2.76g
[22:08:47] [666/13737] ✓ 12941 = 6.0g
[22:08:53] [667/13737] ✓ 13037 = 0.6g
[22:09:25] [668/13737] ✓ 1314c01 = 97.0g
[22:09:38] [669/13737] ✓ 13233 = 0.14g
[22:09:45] [670/13737] ✗ 13246 - Bricklink 上不存在该零件
[22:09:45] 进度 670/13737 (4.9%) | 成功 343 失败 327 | 成功率 51.2% | 平均 8.3s/个 | 剩余 1.3d
[22:09:51] [671/13737] ✓ 13247 = 5.1g
[22:09:56] [672/13737] ✓ 13249 = 0.5g
[22:10:10] [673/13737] ✓ 13250 = 0.57g
[22:10:19] [674/13737] ✓ 13251 = 0.38g
[22:10:28] [675/13737] ✓ 13252 = 14.5g
[22:10:35] [676/13737] ✓ 13269 = 3.42g
[22:10:46] [677/13737] ✗ 13270 - Bricklink 上不存在该零件
[22:10:56] [678/13737] ✓ 13276 = 0.1g
[22:11:04] [679/13737] ✓ 13288 = 36.7g
[22:11:12] [680/13737] ✓ 13289 = 7.5g
[22:11:12] 进度 680/13737 (5.0%) | 成功 352 失败 328 | 成功率 51.8% | 平均 8.3s/个 | 剩余 1.3d
[22:11:23] [681/13737] ✗ 132a - Bricklink 上不存在该零件
[22:11:36] [682/13737] ✗ 132b - Bricklink 上不存在该零件
[22:11:45] [683/13737] ✗ 132c - Bricklink 上不存在该零件
[22:11:56] [684/13737] ✓ 13305c01 = 35.0g
[22:12:06] [685/13737] ✗ 13341 - Bricklink 上不存在该零件
[22:12:18] [686/13737] ✓ 13349 = 2.28g
[22:12:24] [687/13737] ✓ 13355 = 8.0g
[22:13:04] [688/13737] ✓ 13358 = 7.8g
[22:13:15] [689/13737] ✓ 13359 = 12.85g
[22:13:21] [690/13737] ✗ 13392 - Bricklink 上不存在该零件
[22:13:21] 进度 690/13737 (5.0%) | 成功 357 失败 333 | 成功率 51.7% | 平均 8.4s/个 | 剩余 1.3d
[22:13:33] [691/13737] ✗ 13415 - Bricklink 上不存在该零件
[22:13:59] [692/13737] ✗ 13457 - Bricklink 上不存在该零件
[22:14:17] [693/13737] ✓ 13459 = 1.61g
[22:14:29] [694/13737] ✗ 134916-740 - Bricklink 上不存在该零件
[22:14:40] [695/13737] ✗ 13525 - Bricklink 上不存在该零件
[22:14:47] [696/13737] ✗ 13527 - Bricklink 上不存在该零件
[22:14:59] [697/13737] ✓ 13530 = 15.0g
[22:15:07] [698/13737] ✓ 13532 = 21.0g
[22:15:14] [699/13737] ✗ 13533 - Bricklink 上不存在该零件
[22:15:25] [700/13737] ✓ 13535 = 22.0g
[22:15:25] 进度 700/13737 (5.1%) | 成功 361 失败 339 | 成功率 51.6% | 平均 8.4s/个 | 剩余 1.3d
[22:15:36] [701/13737] ✗ 13538 - Bricklink 上不存在该零件
[22:15:48] [702/13737] ✓ 13547 = 1.0g
[22:15:57] [703/13737] ✓ 13548 = 0.93g
[22:16:04] [704/13737] ✓ 13549 = 0.82g
[22:16:12] [705/13737] ✓ 13562 = 0.12g
[22:16:19] [706/13737] ✓ 13564 = 0.14g
[22:16:26] [707/13737] ✓ 13565 = 0.55g
[22:16:33] [708/13737] ✗ 13583 - Bricklink 上不存在该零件
[22:16:42] [709/13737] ✗ 13584 - Bricklink 上不存在该零件
[22:16:54] [710/13737] ✗ 13585 - Bricklink 上不存在该零件
[22:16:54] 进度 710/13737 (5.2%) | 成功 367 失败 343 | 成功率 51.7% | 平均 8.4s/个 | 剩余 1.3d
[22:17:01] [711/13737] ✗ 13586 - Bricklink 上不存在该零件
[22:17:10] [712/13737] ✓ 13591 = 0.31g
[22:17:16] [713/13737] ✓ 13607 = 37.4g
[22:17:27] [714/13737] ✓ 13608 = 0.41g
[22:17:35] [715/13737] ✓ 13609 = 3.3g
[22:17:41] [716/13737] ✓ 13665 = 0.28g
[22:17:46] [717/13737] ✓ 13695 = 0.92g
[22:17:52] [718/13737] ✗ 1372 - Bricklink 上不存在该零件
[22:18:03] [719/13737] ✗ 1373 - Bricklink 上不存在该零件
[22:18:14] [720/13737] ✗ 13731 - Bricklink 上不存在该零件
[22:18:14] 进度 720/13737 (5.2%) | 成功 373 失败 347 | 成功率 51.8% | 平均 8.4s/个 | 剩余 1.3d
[22:18:23] [721/13737] ✗ 13744 - Bricklink 上不存在该零件
[22:18:29] [722/13737] ✓ 13745 = 1.05g
[22:18:37] [723/13737] ✗ 1375 - Bricklink 上不存在该零件
[22:18:43] [724/13737] ✓ 13750 = 1.02g
[22:18:53] [725/13737] ✓ 13754 = 2.97g
[22:18:59] [726/13737] ✓ 13756 = 2.0g
[22:19:12] [727/13737] ✗ 13757 - Bricklink 上不存在该零件
[22:19:21] [728/13737] ✓ 13760 = 2.2g
[22:19:27] [729/13737] ✓ 13768 = 0.97g
[22:19:35] [730/13737] ✗ 1376Mx - Bricklink 上不存在该零件
[22:19:35] 进度 730/13737 (5.3%) | 成功 379 失败 351 | 成功率 51.9% | 平均 8.4s/个 | 剩余 1.3d
[22:19:43] [731/13737] ✗ 1377 - Bricklink 上不存在该零件
[22:19:52] [732/13737] ✓ 13770 = 0.67g
[22:20:01] [733/13737] ✗ 13778 - Bricklink 上不存在该零件
[22:20:15] [734/13737] ✗ 13779 - Bricklink 上不存在该零件
[22:20:20] [735/13737] ✗ 13780 - Bricklink 上不存在该零件
[22:20:27] [736/13737] ✗ 13781 - Bricklink 上不存在该零件
[22:20:47] [737/13737] ✗ 13782 - Bricklink 上不存在该零件
[22:20:57] [738/13737] ✓ 13783 = 0.18g
[22:21:04] [739/13737] ✓ 13784 = 0.71g
[22:21:14] [740/13737] ✓ 13785 = 0.61g
[22:21:14] 进度 740/13737 (5.4%) | 成功 383 失败 357 | 成功率 51.8% | 平均 8.4s/个 | 剩余 1.3d
[22:21:20] [741/13737] ✓ 13786 = 1.15g
[22:21:33] [742/13737] ✓ 13788 = 0.7g
[22:21:39] [743/13737] ✓ 13790 = 0.19g
[22:21:46] [744/13737] ✓ 13792 = 0.67g
[22:21:53] [745/13737] ✓ 13793 = 0.32g
[22:22:02] [746/13737] ✓ 13808 = 0.46g
[22:22:13] [747/13737] ✗ 1380A - Bricklink 上不存在该零件
[22:22:20] [748/13737] ✗ 1380B - Bricklink 上不存在该零件
[22:22:28] [749/13737] ✗ 1380C - Bricklink 上不存在该零件
[22:22:34] [750/13737] ✗ 1382 - Bricklink 上不存在该零件
[22:22:34] 进度 750/13737 (5.5%) | 成功 389 失败 361 | 成功率 51.9% | 平均 8.4s/个 | 剩余 1.3d
[22:22:42] [751/13737] ✗ 1383 - Bricklink 上不存在该零件
[22:22:49] [752/13737] ✗ 1384 - Bricklink 上不存在该零件
[22:23:01] [753/13737] ✗ 13853 - Bricklink 上不存在该零件
[22:23:08] [754/13737] ✗ 1386 - Bricklink 上不存在该零件
[22:23:15] [755/13737] ✗ 13879 - Bricklink 上不存在该零件
[22:23:27] [756/13737] ✓ 13880 = 2.6g
[22:23:37] [757/13737] ✓ 13882 = 4.1g
[22:23:44] [758/13737] ✓ 13884 = 1.5g
[22:23:51] [759/13737] ✓ 13952 = 0.33g
[22:24:02] [760/13737] ✓ 13965 = 1.51g
[22:24:02] 进度 760/13737 (5.5%) | 成功 394 失败 366 | 成功率 51.8% | 平均 8.4s/个 | 剩余 1.3d
[22:24:11] [761/13737] ✓ 13971 = 1.02g
[22:24:23] [762/13737] ✓ 14 = 0.95g
[22:24:32] [763/13737] ✗ 14013c01 - Bricklink 上不存在该零件
[22:24:49] [764/13737] ✗ 14013c02 - Bricklink 上不存在该零件
[22:24:54] [765/13737] ✗ 14036 - Bricklink 上不存在该零件
[22:25:01] [766/13737] ✓ 14045 = 0.18g
[22:25:14] [767/13737] ✓ 14094 = 26.23g
[22:25:19] [768/13737] ✓ 1410 = 0.56g
[22:25:23] [769/13737] ✓ 14119 = 0.3g
[22:25:29] [770/13737] ✓ 1413 = 0.77g
[22:25:29] 进度 770/13737 (5.6%) | 成功 401 失败 369 | 成功率 52.1% | 平均 8.4s/个 | 剩余 1.3d
[22:25:37] [771/13737] ✗ 14137 - Bricklink 上不存在该零件
[22:25:47] [772/13737] ✓ 14149 = 0.52g
[22:26:03] [773/13737] ✓ 14181 = 4.35g
[22:26:15] [774/13737] ✗ 141ac96 - Bricklink 上不存在该零件
[22:26:22] [775/13737] ✗ 14210 - Bricklink 上不存在该零件
[22:26:44] [776/13737] ✗ 14211 - Bricklink 上不存在该零件
[22:26:53] [777/13737] ✗ 14218 - Bricklink 上不存在该零件
[22:27:03] [778/13737] ✓ 14222 = 7.4g
[22:27:12] [779/13737] ✗ 14226c11 - Bricklink 上不存在该零件
[22:27:18] [780/13737] ✗ 14226c21 - Bricklink 上不存在该零件
[22:27:18] 进度 780/13737 (5.7%) | 成功 404 失败 376 | 成功率 51.8% | 平均 8.5s/个 | 剩余 1.3d
[22:27:28] [781/13737] ✗ 14226c31 - Bricklink 上不存在该零件
[22:27:36] [782/13737] ✗ 14226c41 - Bricklink 上不存在该零件
[22:27:42] [783/13737] ✓ 14295 = 0.09g
[22:27:51] [784/13737] ✓ 14301 = 1.55g
[22:27:58] [785/13737] ✓ 14306 = 3.45g
[22:28:10] [786/13737] ✗ 14309 - Bricklink 上不存在该零件
[22:28:26] [787/13737] ✓ 14310 = 1.35g
[22:28:33] [788/13737] ✓ 14320 = 0.09g
[22:28:40] [789/13737] ✗ 14391 - Bricklink 上不存在该零件
[22:28:48] [790/13737] ✗ 14395 - Bricklink 上不存在该零件
[22:28:48] 进度 790/13737 (5.8%) | 成功 409 失败 381 | 成功率 51.8% | 平均 8.5s/个 | 剩余 1.3d
[22:29:04] [791/13737] ✓ 14413 = 2.16g
[22:29:14] [792/13737] ✓ 14417 = 0.51g
[22:29:27] [793/13737] ✓ 14418 = 0.55g
[22:29:35] [794/13737] ✓ 14419 = 0.68g
[22:29:41] [795/13737] ✓ 14518 = 6.8g
[22:29:57] [796/13737] ✓ 14520 = 1.7g
[22:30:04] [797/13737] ✗ 14530a - Bricklink 上不存在该零件
[22:30:13] [798/13737] ✗ 14530c01 - Bricklink 上不存在该零件
[22:30:22] [799/13737] ✓ 14618 = 8.2g
[22:30:32] [800/13737] ✗ 1463 - Bricklink 上不存在该零件
[22:30:32] 进度 800/13737 (5.8%) | 成功 416 失败 384 | 成功率 52.0% | 平均 8.5s/个 | 剩余 1.3d
[22:30:40] [801/13737] ✓ 14682 = 1.7g
[22:30:47] [802/13737] ✗ 14696 - Bricklink 上不存在该零件
[22:30:54] [803/13737] ✓ 14704 = 0.55g
[22:31:01] [804/13737] ✓ 14707 = 5.12g
[22:31:12] [805/13737] ✓ 14716 = 1.24g
[22:31:24] [806/13737] ✓ 14718 = 1.8g
[22:31:45] [807/13737] ✓ 14719 = 0.43g
[22:32:00] [808/13737] ✓ 14720 = 2.29g
[22:32:11] [809/13737] ✓ 14721 = 14.4g
[22:32:19] [810/13737] ✗ 14728 - Bricklink 上不存在该零件
[22:32:19] 进度 810/13737 (5.9%) | 成功 424 失败 386 | 成功率 52.3% | 平均 8.5s/个 | 剩余 1.3d
[22:32:29] [811/13737] ✗ 14728c100 - Bricklink 上不存在该零件
[22:32:38] [812/13737] ✗ 14728c125 - Bricklink 上不存在该零件
[22:32:46] [813/13737] ✗ 14728c200 - Bricklink 上不存在该零件
[22:32:54] [814/13737] ✗ 14728c21 - Bricklink 上不存在该零件
[22:33:04] [815/13737] ✗ 14728c21.6 - Bricklink 上不存在该零件
[22:33:12] [816/13737] ✗ 14728c22.5 - Bricklink 上不存在该零件
[22:33:20] [817/13737] ✗ 14728c250 - Bricklink 上不存在该零件
[22:33:31] [818/13737] ✗ 14728c30 - Bricklink 上不存在该零件
[22:33:39] [819/13737] ✗ 14728c35 - Bricklink 上不存在该零件
[22:33:46] [820/13737] ✗ 14728c350 - Bricklink 上不存在该零件
[22:33:46] 进度 820/13737 (6.0%) | 成功 424 失败 396 | 成功率 51.7% | 平均 8.5s/个 | 剩余 1.3d
[22:33:53] [821/13737] ✗ 14728c40 - Bricklink 上不存在该零件
[22:33:59] [822/13737] ✗ 14728c487 - Bricklink 上不存在该零件
[22:34:08] [823/13737] ✗ 14728c50 - Bricklink 上不存在该零件
[22:34:16] [824/13737] ✗ 14728c650 - Bricklink 上不存在该零件
[22:34:25] [825/13737] ✗ 14728c75 - Bricklink 上不存在该零件
[22:34:48] [826/13737] ✓ 14732 = 1.73g
[22:34:55] [827/13737] ✗ 14733 - Bricklink 上不存在该零件
[22:35:01] [828/13737] ✗ 14734 - Bricklink 上不存在该零件
[22:35:07] [829/13737] ✓ 14736 = 1.44g
[22:35:24] [830/13737] ✓ 14769 = 0.33g
[22:35:24] 进度 830/13737 (6.0%) | 成功 427 失败 403 | 成功率 51.4% | 平均 8.6s/个 | 剩余 1.3d
[22:35:36] [831/13737] ✓ 1486c01 = 18.0g
[22:35:42] [832/13737] ✗ 14923 - Bricklink 上不存在该零件
[22:35:47] [833/13737] ✓ 15 = 1.0g
[22:35:58] [834/13737] ✓ 15038 = 16.4g
[22:36:09] [835/13737] ✓ 15064 = 0.7g
[22:36:15] [836/13737] ✓ 15066 = 1.65g
[22:36:42] [837/13737] ✓ 15068 = 0.57g
[22:36:51] [838/13737] ✓ 15070 = 0.25g
[22:36:57] [839/13737] ✓ 15071 = 0.8g
[22:37:10] [840/13737] ✓ 15073 = 2.94g
[22:37:10] 进度 840/13737 (6.1%) | 成功 436 失败 404 | 成功率 51.9% | 平均 8.6s/个 | 剩余 1.3d
[22:37:24] [841/13737] ✓ 15082 = 0.57g
[22:37:33] [842/13737] ✓ 15086 = 1.09g
[22:37:38] [843/13737] ✓ 15090 = 0.81g
[22:37:43] [844/13737] ✓ 15091 = 2.6g
[22:37:52] [845/13737] ✓ 15092 = 0.92g
[22:38:03] [846/13737] ✓ 15100 = 0.4g
[22:38:13] [847/13737] ✓ 15101 = 2.35g
[22:38:20] [848/13737] ✓ 15104 = 2.0g
[22:38:27] [849/13737] ✓ 15105 = 1.5g
[22:38:32] [850/13737] ✓ 15107 = 1.79g
[22:38:32] 进度 850/13737 (6.2%) | 成功 446 失败 404 | 成功率 52.5% | 平均 8.6s/个 | 剩余 1.3d
[22:38:43] [851/13737] ✓ 15108 = 1.51g
[22:38:51] [852/13737] ✗ 1511 - Bricklink 上不存在该零件
[22:38:59] [853/13737] ✓ 15118 = 3.42g
[22:39:06] [854/13737] ✗ 1516cdb01 - Bricklink 上不存在该零件
[22:39:16] [855/13737] ✗ 15207 - Bricklink 上不存在该零件
[22:39:27] [856/13737] ✓ 15208 = 0.41g
[22:39:34] [857/13737] ✓ 15209 = 0.46g
[22:40:00] [858/13737] ✗ 1521 - Bricklink 上不存在该零件
[22:40:06] [859/13737] ✓ 15210 = 0.5g
[22:40:13] [860/13737] ✓ 15211 = 3.0g
[22:40:13] 进度 860/13737 (6.3%) | 成功 452 失败 408 | 成功率 52.6% | 平均 8.6s/个 | 剩余 1.3d
[22:40:23] [861/13737] ✓ 15254 = 2.53g
[22:40:32] [862/13737] ✓ 15265 = 82.0g
[22:40:45] [863/13737] ✓ 15279 = 0.44g
[22:40:52] [864/13737] ✓ 15303 = 0.65g
[22:40:59] [865/13737] ✗ 1531 - Bricklink 上不存在该零件
[22:41:06] [866/13737] ✗ 15320c01 - Bricklink 上不存在该零件
[22:41:15] [867/13737] ✗ 15320c02 - Bricklink 上不存在该零件
[22:41:22] [868/13737] ✗ 15320c03 - Bricklink 上不存在该零件
[22:41:29] [869/13737] ✓ 15327 = 3.29g
[22:41:43] [870/13737] ✓ 15332 = 1.52g
[22:41:43] 进度 870/13737 (6.3%) | 成功 458 失败 412 | 成功率 52.6% | 平均 8.6s/个 | 剩余 1.3d
[22:41:49] [871/13737] ✗ 15336c01 - Bricklink 上不存在该零件
[22:41:58] [872/13737] ✗ 15336c02 - Bricklink 上不存在该零件
[22:42:03] [873/13737] ✓ 15339 = 1.71g
[22:42:17] [874/13737] ✓ 15341 = 0.39g
[22:42:24] [875/13737] ✓ 15343 = 0.86g
[22:42:33] [876/13737] ✓ 15344 = 0.7g
[22:42:39] [877/13737] ✓ 15345 = 0.53g
[22:42:47] [878/13737] ✓ 15346 = 0.55g
[22:42:56] [879/13737] ✓ 15348 = 0.56g
[22:43:05] [880/13737] ✓ 15349 = 0.45g
[22:43:05] 进度 880/13737 (6.4%) | 成功 466 失败 414 | 成功率 53.0% | 平均 8.6s/个 | 剩余 1.3d
[22:43:16] [881/13737] ✗ 1535 - Bricklink 上不存在该零件
[22:43:22] [882/13737] ✓ 15350 = 0.55g
[22:43:43] [883/13737] ✓ 15351 = 0.68g
[22:43:51] [884/13737] ✓ 15353 = 4.5g
[22:44:00] [885/13737] ✓ 15354 = 2.08g
[22:44:08] [886/13737] ✓ 15355 = 0.65g
[22:44:13] [887/13737] ✓ 15357 = 5.4g
[22:44:22] [888/13737] ✓ 15359 = 6.1g
[22:44:30] [889/13737] ✗ 1536 - Bricklink 上不存在该零件
[22:44:37] [890/13737] ✓ 15361 = 10.8g
[22:44:37] 进度 890/13737 (6.5%) | 成功 474 失败 416 | 成功率 53.3% | 平均 8.6s/个 | 剩余 1.3d
[22:44:44] [891/13737] ✓ 15362 = 1.43g
[22:44:49] [892/13737] ✓ 15366 = 7.8g
[22:45:04] [893/13737] ✓ 15367 = 5.98g
[22:45:15] [894/13737] ✓ 15368 = 2.7g
[22:45:25] [895/13737] ✓ 15369 = 2.4g
[22:45:33] [896/13737] ✗ 15379 - Bricklink 上不存在该零件
[22:45:40] [897/13737] ✓ 15391 = 0.6g
[22:45:52] [898/13737] ✓ 15391c01 = 0.72g
[22:46:02] [899/13737] ✓ 15392 = 0.14g
[22:46:18] [900/13737] ✓ 15395 = 0.65g
[22:46:18] 进度 900/13737 (6.6%) | 成功 483 失败 417 | 成功率 53.7% | 平均 8.6s/个 | 剩余 1.3d
[22:46:28] [901/13737] ✓ 15396 = 3.7g
[22:46:35] [902/13737] ✓ 15397 = 0.85g
[22:46:42] [903/13737] ✗ 15400 - Bricklink 上不存在该零件
[22:46:50] [904/13737] ✓ 15403 = 0.95g
[22:46:58] [905/13737] ✓ 15404 = 0.98g
[22:47:05] [906/13737] ✓ 15406 = 0.8g
[22:47:13] [907/13737] ✓ 15407 = 0.55g
[22:47:26] [908/13737] ✓ 15411 = 0.53g
[22:47:34] [909/13737] ✓ 15413 = 12.0g
[22:47:41] [910/13737] ✗ 1542 - Bricklink 上不存在该零件
[22:47:41] 进度 910/13737 (6.6%) | 成功 491 失败 419 | 成功率 54.0% | 平均 8.6s/个 | 剩余 1.3d
[22:47:47] [911/13737] ✓ 15424 = 0.88g
[22:48:03] [912/13737] ✓ 15427 = 0.72g
[22:48:13] [913/13737] ✓ 15428 = 0.25g
[22:48:26] [914/13737] ✓ 15429 = 0.7g
[22:48:37] [915/13737] ✓ 15439 = 0.12g
[22:48:47] [916/13737] ✗ 1544 - Bricklink 上不存在该零件
[22:48:56] [917/13737] ✓ 15440 = 1.34g
[22:49:03] [918/13737] ✓ 15442 = 0.31g
[22:49:12] [919/13737] ✓ 15443 = 0.4g
[22:49:18] [920/13737] ✓ 15444 = 0.8g
[22:49:18] 进度 920/13737 (6.7%) | 成功 500 失败 420 | 成功率 54.3% | 平均 8.6s/个 | 剩余 1.3d
[22:49:24] [921/13737] ✓ 15445 = 0.55g
[22:49:35] [922/13737] ✓ 15446 = 0.32g
[22:49:42] [923/13737] ✓ 15447 = 1.9g
[22:50:07] [924/13737] ✓ 15449 = 3.75g
[22:50:22] [925/13737] ✓ 15450 = 13.28g
[22:50:56] [926/13737] ✓ 15455 = 8.0g
[22:51:15] [927/13737] ✓ 15456 = 0.75g
[22:51:20] [928/13737] ✓ 15457 = 0.54g
[22:51:35] [929/13737] ✓ 15458 = 7.0g
[22:51:41] [930/13737] ✓ 15459 = 1.27g
[22:51:41] 进度 930/13737 (6.8%) | 成功 510 失败 420 | 成功率 54.8% | 平均 8.7s/个 | 剩余 1.3d
[22:51:49] [931/13737] ✓ 15460 = 0.62g
[22:51:56] [932/13737] ✓ 15461 = 0.69g
[22:52:06] [933/13737] ✓ 15462 = 0.73g
[22:52:14] [934/13737] ✗ 15466 - Bricklink 上不存在该零件
[22:52:36] [935/13737] ✓ 15469 = 1.13g
[22:52:43] [936/13737] ✓ 15470 = 0.15g
[22:52:55] [937/13737] ✗ 1548 - Bricklink 上不存在该零件
[22:53:02] [938/13737] ✓ 15490 = 0.65g
[22:53:09] [939/13737] ✓ 15491 = 0.49g
[22:53:22] [940/13737] ✓ 15496 = 0.31g
[22:53:22] 进度 940/13737 (6.8%) | 成功 518 失败 422 | 成功率 55.1% | 平均 8.7s/个 | 剩余 1.3d
[22:53:29] [941/13737] ✓ 15498 = 1.26g
[22:53:40] [942/13737] ✓ 15499 = 1.2g
[22:53:52] [943/13737] ✓ 15500 = 0.57g
[22:54:01] [944/13737] ✓ 15501 = 0.12g
[22:54:12] [945/13737] ✓ 15503 = 1.05g
[22:54:20] [946/13737] ✓ 15504 = 0.34g
[22:54:30] [947/13737] ✓ 15515 = 11.3g
[22:54:37] [948/13737] ✓ 15516 = 11.9g
[22:54:51] [949/13737] ✗ 1552 - Bricklink 上不存在该零件
[22:55:03] [950/13737] ✓ 15526c01 = 1.7g
[22:55:03] 进度 950/13737 (6.9%) | 成功 527 失败 423 | 成功率 55.5% | 平均 8.7s/个 | 剩余 1.3d
[22:55:10] [951/13737] ✗ 1553 - Bricklink 上不存在该零件
[22:55:17] [952/13737] ✓ 15530 = 0.51g
[22:55:27] [953/13737] ✓ 15532 = 1.4g
[22:55:36] [954/13737] ✓ 15533 = 1.55g
[22:55:41] [955/13737] ✓ 15534 = 0.26g
[22:55:50] [956/13737] ✓ 15535 = 0.32g
[22:56:01] [957/13737] ✓ 15536 = 21.8g
[22:56:07] [958/13737] ✓ 15537 = 11.9g
[22:56:18] [959/13737] ✓ 15540 = 1.35g
[22:56:33] [960/13737] ✗ 1555 - Bricklink 上不存在该零件
[22:56:33] 进度 960/13737 (7.0%) | 成功 535 失败 425 | 成功率 55.7% | 平均 8.7s/个 | 剩余 1.3d
[22:56:44] [961/13737] ✗ 15564 - 未在页面中找到重量数据
[22:57:10] [962/13737] ✓ 15571 = 0.34g
[22:57:47] [963/13737] ✓ 15573 = 0.3g
[22:57:55] [964/13737] ✓ 15575 = 61.1g
[22:58:05] [965/13737] ✓ 15576 = 42.3g
[22:58:12] [966/13737] ✓ 15577 = 26.0g
[22:58:18] [967/13737] ✓ 15579 = 14.5g
[22:58:37] [968/13737] ✓ 15580 = 13.4g
[22:58:42] [969/13737] ✓ 15582 = 4.5g
[22:58:48] [970/13737] ✗ 1558L - Bricklink 上不存在该零件
[22:58:48] 进度 970/13737 (7.1%) | 成功 543 失败 427 | 成功率 56.0% | 平均 8.8s/个 | 剩余 1.3d
[22:58:56] [971/13737] ✗ 1558M - Bricklink 上不存在该零件
[22:59:07] [972/13737] ✓ 15619 = 0.12g
[22:59:17] [973/13737] ✗ 1561A - Bricklink 上不存在该零件
[22:59:23] [974/13737] ✗ 1561B - Bricklink 上不存在该零件
[22:59:30] [975/13737] ✗ 1562 - Bricklink 上不存在该零件
[22:59:36] [976/13737] ✓ 15621 = 0.69g
[22:59:43] [977/13737] ✓ 15624 = 12.0g
[22:59:53] [978/13737] ✓ 15625 = 5.15g
[23:00:01] [979/13737] ✓ 15626 = 25.5g
[23:00:09] [980/13737] ✓ 15627 = 5.9g
[23:00:09] 进度 980/13737 (7.1%) | 成功 549 失败 431 | 成功率 56.0% | 平均 8.8s/个 | 剩余 1.3d
[23:00:19] [981/13737] ✗ 1563 - Bricklink 上不存在该零件
[23:00:26] [982/13737] ✗ 1565 - Bricklink 上不存在该零件
[23:00:34] [983/13737] ✓ 1566 = 0.32g
[23:00:40] [984/13737] ✓ 1567 = 4.0g
[23:00:50] [985/13737] ✗ 15672 - Bricklink 上不存在该零件
[23:00:58] [986/13737] ✓ 15675 = 1.07g
[23:01:13] [987/13737] ✓ 15677 = 1.11g
[23:01:22] [988/13737] ✗ 15678 - Bricklink 上不存在该零件
[23:01:32] [989/13737] ✓ 1568 = 1.98g
[23:01:40] [990/13737] ✓ 1569 = 0.85g
[23:01:40] 进度 990/13737 (7.2%) | 成功 555 失败 435 | 成功率 56.1% | 平均 8.8s/个 | 剩余 1.3d
[23:01:46] [991/13737] ✓ 1570 = 1.32g
[23:01:51] [992/13737] ✓ 15705 = 0.45g
[23:02:01] [993/13737] ✓ 15706 = 1.51g
[23:02:13] [994/13737] ✓ 15712 = 0.21g
[23:02:23] [995/13737] ✓ 15727 = 0.42g
[23:02:31] [996/13737] ✓ 15744 = 2.57g
[23:02:39] [997/13737] ✓ 15745 = 0.25g
[23:02:54] [998/13737] ✗ 1575 - Bricklink 上不存在该零件
[23:03:04] [999/13737] ✓ 1578 = 0.34g
[23:03:27] [1000/13737] ✓ 1579 = 0.56g
[23:03:27] 进度 1000/13737 (7.3%) | 成功 564 失败 436 | 成功率 56.4% | 平均 8.8s/个 | 剩余 1.3d
[23:03:37] [1001/13737] ✓ 15790 = 1.89g
[23:03:45] [1002/13737] ✓ 15793 = 2.2g
[23:03:54] [1003/13737] ✓ 1580 = 0.79g
[23:04:04] [1004/13737] ✗ 1586 - Bricklink 上不存在该零件
[23:04:11] [1005/13737] ✗ 15875c01 - Bricklink 上不存在该零件
[23:04:21] [1006/13737] ✗ 1588322 - Bricklink 上不存在该零件
[23:04:28] [1007/13737] ✗ 1590A - Bricklink 上不存在该零件
[23:04:37] [1008/13737] ✗ 1590B - Bricklink 上不存在该零件
[23:04:44] [1009/13737] ✗ 1591L - Bricklink 上不存在该零件
[23:04:52] [1010/13737] ✗ 1591M - Bricklink 上不存在该零件
[23:04:52] 进度 1010/13737 (7.4%) | 成功 567 失败 443 | 成功率 56.1% | 平均 8.8s/个 | 剩余 1.3d
[23:05:01] [1011/13737] ✗ 1592 - Bricklink 上不存在该零件
[23:05:08] [1012/13737] ✗ 1593A - Bricklink 上不存在该零件
[23:05:16] [1013/13737] ✗ 1593B - Bricklink 上不存在该零件
[23:05:26] [1014/13737] ✓ 15976 = 3.6g
[23:05:55] [1015/13737] ✓ 1601 = 1.59g
[23:06:03] [1016/13737] ✗ 1602 - Bricklink 上不存在该零件
[23:06:16] [1017/13737] ✗ 1602a - Bricklink 上不存在该零件
[23:06:25] [1018/13737] ✗ 1602b - Bricklink 上不存在该零件
[23:06:33] [1019/13737] ✓ 1603 = 2.28g
[23:06:42] [1020/13737] ✗ 16091 - Bricklink 上不存在该零件
[23:06:42] 进度 1020/13737 (7.4%) | 成功 570 失败 450 | 成功率 55.9% | 平均 8.8s/个 | 剩余 1.3d
[23:06:49] [1021/13737] ✗ 16097 - Bricklink 上不存在该零件
[23:06:57] [1022/13737] ✗ 160ac01 - Bricklink 上不存在该零件
[23:07:04] [1023/13737] ✗ 160ac02 - Bricklink 上不存在该零件
[23:07:11] [1024/13737] ✗ 1611mx - Bricklink 上不存在该零件
[23:07:23] [1025/13737] ✓ 1612 = 2.04g
[23:07:33] [1026/13737] ✗ 1612Mx - Bricklink 上不存在该零件
[23:07:40] [1027/13737] ✓ 1613 = 0.07g
[23:07:47] [1028/13737] ✗ 1613Mx - Bricklink 上不存在该零件
[23:07:56] [1029/13737] ✗ 1614 - Bricklink 上不存在该零件
[23:08:05] [1030/13737] ✗ 1616M - Bricklink 上不存在该零件
[23:08:05] 进度 1030/13737 (7.5%) | 成功 572 失败 458 | 成功率 55.5% | 平均 8.8s/个 | 剩余 1.3d
[23:08:14] [1031/13737] ✗ 16175 - Bricklink 上不存在该零件
[23:08:25] [1032/13737] ✗ 1618 - Bricklink 上不存在该零件
[23:08:31] [1033/13737] ✓ 16196 = 55.6g
[23:08:43] [1034/13737] ✗ 16197 - Bricklink 上不存在该零件
[23:08:50] [1035/13737] ✓ 16205 = 9.4g
[23:08:57] [1036/13737] ✗ 16206 - Bricklink 上不存在该零件
[23:09:01] [1037/13737] ✓ 16265 = 2.6g
[23:09:09] [1038/13737] ✓ 16280 = 1.7g
[23:09:18] [1039/13737] ✓ 16292 = 0.86g
[23:09:28] [1040/13737] ✗ 1632 - Bricklink 上不存在该零件
[23:09:28] 进度 1040/13737 (7.6%) | 成功 577 失败 463 | 成功率 55.5% | 平均 8.8s/个 | 剩余 1.3d
[23:09:38] [1041/13737] ✗ 16375 - Bricklink 上不存在该零件
[23:09:44] [1042/13737] ✗ 1641 - Bricklink 上不存在该零件
[23:09:57] [1043/13737] ✗ 1642 - Bricklink 上不存在该零件
[23:10:07] [1044/13737] ✗ 16429 - Bricklink 上不存在该零件
[23:10:18] [1045/13737] ✗ 1643 - Bricklink 上不存在该零件
[23:10:27] [1046/13737] ✗ 16434 - Bricklink 上不存在该零件
[23:10:35] [1047/13737] ✓ 1646 = 0.09g
[23:10:43] [1048/13737] ✓ 16477 = 31.7g
[23:10:51] [1049/13737] ✓ 16478 = 0.4g
[23:11:04] [1050/13737] ✗ 1648 - Bricklink 上不存在该零件
[23:11:04] 进度 1050/13737 (7.6%) | 成功 580 失败 470 | 成功率 55.2% | 平均 8.8s/个 | 剩余 1.3d
[23:11:15] [1051/13737] ✓ 16494 = 0.53g
[23:11:24] [1052/13737] ✓ 16497 = 0.2g
[23:11:33] [1053/13737] ✓ 16499 = 2.8g
[23:11:42] [1054/13737] ✗ 164c01 - Bricklink 上不存在该零件
[23:12:04] [1055/13737] ✗ 164c02 - Bricklink 上不存在该零件
[23:12:11] [1056/13737] ✗ 16511 - Bricklink 上不存在该零件
[23:12:18] [1057/13737] ✗ 1651a - Bricklink 上不存在该零件
[23:12:29] [1058/13737] ✗ 1651b - Bricklink 上不存在该零件
[23:12:37] [1059/13737] ✗ 16530c01 - Bricklink 上不存在该零件
[23:12:56] [1060/13737] ✗ 16541 - Bricklink 上不存在该零件
[23:12:56] 进度 1060/13737 (7.7%) | 成功 583 失败 477 | 成功率 55.0% | 平均 8.8s/个 | 剩余 1.3d
[23:13:04] [1061/13737] ✗ 16542 - Bricklink 上不存在该零件
[23:13:13] [1062/13737] ✓ 1656 = 1.5g
[23:13:20] [1063/13737] ✓ 16577 = 3.58g
[23:13:28] [1064/13737] ✗ 16597 - Bricklink 上不存在该零件
[23:13:38] [1065/13737] ✓ 16598 = 4.7g
[23:13:45] [1066/13737] ✓ 16599 = 0.45g
[23:13:52] [1067/13737] ✗ 165c01 - Bricklink 上不存在该零件
[23:14:00] [1068/13737] ✗ 165c01b - Bricklink 上不存在该零件
[23:14:06] [1069/13737] ✓ 16600 = 2.2g
[23:14:12] [1070/13737] ✓ 16606 = 2.21g
[23:14:12] 进度 1070/13737 (7.8%) | 成功 589 失败 481 | 成功率 55.0% | 平均 8.8s/个 | 剩余 1.3d
[23:14:17] [1071/13737] ✓ 16632 = 5.8g
[23:14:24] [1072/13737] ✗ 1667 - Bricklink 上不存在该零件
[23:14:33] [1073/13737] ✓ 16685 = 14.4g
[23:14:43] [1074/13737] ✓ 16686 = 8.6g
[23:14:50] [1075/13737] ✗ 16696 - Bricklink 上不存在该零件
[23:14:58] [1076/13737] ✓ 16697 = 10.6g
[23:15:05] [1077/13737] ✓ 16698 = 14.9g
[23:15:11] [1078/13737] ✓ 16699 = 9.2g
[23:15:16] [1079/13737] ✓ 16701 = 2.1g
[23:15:22] [1080/13737] ✗ 16709pats01 - Bricklink 上不存在该零件
[23:15:22] 进度 1080/13737 (7.9%) | 成功 596 失败 484 | 成功率 55.2% | 平均 8.8s/个 | 剩余 1.3d
[23:15:29] [1081/13737] ✗ 16709pats02 - Bricklink 上不存在该零件
[23:15:38] [1082/13737] ✗ 16709pats12 - Bricklink 上不存在该零件
[23:15:49] [1083/13737] ✗ 16709pats14 - Bricklink 上不存在该零件
[23:15:58] [1084/13737] ✗ 16709pats22 - Bricklink 上不存在该零件
[23:16:08] [1085/13737] ✗ 16709pats27 - Bricklink 上不存在该零件
[23:16:16] [1086/13737] ✗ 16709pats37 - Bricklink 上不存在该零件
[23:16:28] [1087/13737] ✗ 16709pats41 - Bricklink 上不存在该零件
[23:16:37] [1088/13737] ✗ 16768 - Bricklink 上不存在该零件
[23:16:49] [1089/13737] ✓ 16770 = 0.49g
[23:16:57] [1090/13737] ✗ 167914 - Bricklink 上不存在该零件
[23:16:57] 进度 1090/13737 (7.9%) | 成功 597 失败 493 | 成功率 54.8% | 平均 8.8s/个 | 剩余 1.3d
[23:17:05] [1091/13737] ✗ 167915 - Bricklink 上不存在该零件
[23:17:13] [1092/13737] ✗ 167916 - Bricklink 上不存在该零件
[23:17:22] [1093/13737] ✗ 167917 - Bricklink 上不存在该零件
[23:17:39] [1094/13737] ✓ 16816 = 0.08g
[23:17:46] [1095/13737] ✓ 16820 = 0.07g
[23:17:53] [1096/13737] ✓ 1685 = 0.9g
[23:18:02] [1097/13737] ✗ 16855 - Bricklink 上不存在该零件
[23:18:13] [1098/13737] ✗ 16857 - Bricklink 上不存在该零件
[23:18:24] [1099/13737] ✓ 1686 = 2.4g
[23:18:31] [1100/13737] ✓ 16877 = 1.0g
[23:18:31] 进度 1100/13737 (8.0%) | 成功 602 失败 498 | 成功率 54.7% | 平均 8.8s/个 | 剩余 1.3d
[23:18:40] [1101/13737] ✗ 16925c01 - Bricklink 上不存在该零件
[23:18:49] [1102/13737] ✗ 1694M - Bricklink 上不存在该零件
[23:19:00] [1103/13737] ✗ 1695 - Bricklink 上不存在该零件
[23:19:10] [1104/13737] ✓ 16957 = 0.7g
[23:19:16] [1105/13737] ✓ 16965 = 5.7g
[23:19:34] [1106/13737] ✓ 16968 = 1.58g
[23:19:39] [1107/13737] ✓ 16981 = 1.96g
[23:19:47] [1108/13737] ✓ 17 = 0.87g
[23:19:55] [1109/13737] ✗ 17003 - Bricklink 上不存在该零件
[23:20:10] [1110/13737] ✗ 17005 - Bricklink 上不存在该零件
[23:20:10] 进度 1110/13737 (8.1%) | 成功 607 失败 503 | 成功率 54.7% | 平均 8.8s/个 | 剩余 1.3d
[23:20:18] [1111/13737] ✓ 17010 = 0.23g
[23:20:27] [1112/13737] ✓ 17011 = 0.62g
[23:20:34] [1113/13737] ✓ 17018 = 0.82g
[23:20:45] [1114/13737] ✓ 1703 = 0.45g
[23:20:55] [1115/13737] ✗ 170310 - Bricklink 上不存在该零件
[23:21:04] [1116/13737] ✗ 170311 - Bricklink 上不存在该零件
[23:21:19] [1117/13737] ✓ 17048 = 80.0g
[23:21:24] [1118/13737] ✓ 1706 = 1.0g
[23:21:34] [1119/13737] ✓ 17114 = 2.34g
[23:21:40] [1120/13737] ✓ 17178c01 = 24.85g
[23:21:40] 进度 1120/13737 (8.2%) | 成功 615 失败 505 | 成功率 54.9% | 平均 8.8s/个 | 剩余 1.3d
[23:21:49] [1121/13737] ✗ 17274 - Bricklink 上不存在该零件
[23:21:58] [1122/13737] ✓ 17346 = 0.87g
[23:22:08] [1123/13737] ✓ 17347 = 0.84g
[23:22:20] [1124/13737] ✓ 17349 = 0.58g
[23:22:26] [1125/13737] ✗ 17435 - Bricklink 上不存在该零件
[23:22:33] [1126/13737] ✓ 1744 = 4.12g
[23:22:51] [1127/13737] ✓ 1745 = 0.23g
[23:22:58] [1128/13737] ✓ 17454 = 2.2g
[23:23:07] [1129/13737] ✓ 17457 = 1.8g
[23:23:15] [1130/13737] ✓ 1746 = 8.2g
[23:23:15] 进度 1130/13737 (8.2%) | 成功 623 失败 507 | 成功率 55.1% | 平均 8.8s/个 | 剩余 1.3d
[23:23:30] [1131/13737] ✓ 1747 = 0.63g
[23:23:39] [1132/13737] ✓ 17478 = 0.49g
[23:23:50] [1133/13737] ✓ 1748 = 0.21g
[23:24:07] [1134/13737] ✓ 17485 = 1.04g
[23:24:14] [1135/13737] ✓ 17486 = 0.7g
[23:24:22] [1136/13737] ✓ 1749 = 6.74g
[23:24:41] [1137/13737] ✓ 1750 = 1.01g
[23:24:58] [1138/13737] ✓ 1751 = 1.75g
[23:25:04] [1139/13737] ✓ 1752 = 0.44g
[23:25:13] [1140/13737] ✓ 1753 = 0.44g
[23:25:13] 进度 1140/13737 (8.3%) | 成功 633 失败 507 | 成功率 55.5% | 平均 8.8s/个 | 剩余 1.3d
[23:25:24] [1141/13737] ✓ 1754 = 4.0g
[23:25:32] [1142/13737] ✗ 1755 - Bricklink 上不存在该零件
[23:25:39] [1143/13737] ✓ 1756 = 0.1g
[23:25:46] [1144/13737] ✗ 17562 - Bricklink 上不存在该零件
[23:26:01] [1145/13737] ✓ 1762 = 0.49g
[23:26:11] [1146/13737] ✓ 17630 = 0.2g
[23:26:24] [1147/13737] ✗ 17744 - Bricklink 上不存在该零件
[23:26:35] [1148/13737] ✓ 17961 = 0.22g
[23:26:46] [1149/13737] ✗ 17979 - Bricklink 上不存在该零件
[23:26:51] [1150/13737] ✓ 18018 = 2.65g
[23:26:51] 进度 1150/13737 (8.4%) | 成功 639 失败 511 | 成功率 55.6% | 平均 8.9s/个 | 剩余 1.3d
[23:27:00] [1151/13737] ✓ 18031 = 0.21g
[23:27:09] [1152/13737] ✓ 18034 = 0.17g
[23:27:17] [1153/13737] ✓ 18041 = 0.2g
[23:27:28] [1154/13737] ✓ 18051 = 2.48g
[23:27:36] [1155/13737] ✗ 18153 - Bricklink 上不存在该零件
[23:27:45] [1156/13737] ✗ 18154 - Bricklink 上不存在该零件
[23:27:50] [1157/13737] ✗ 18159 - Bricklink 上不存在该零件
[23:27:58] [1158/13737] ✗ 18160 - Bricklink 上不存在该零件
[23:28:08] [1159/13737] ✓ 18161 = 3.26g
[23:28:23] [1160/13737] ✓ 18165 = 0.35g
[23:28:23] 进度 1160/13737 (8.4%) | 成功 645 失败 515 | 成功率 55.6% | 平均 8.9s/个 | 剩余 1.3d
[23:28:31] [1161/13737] ✓ 18166 = 0.35g
[23:28:39] [1162/13737] ✓ 18200 = 0.07g
[23:28:45] [1163/13737] ✓ 18202 = 0.12g
[23:28:53] [1164/13737] ✗ 18234 - Bricklink 上不存在该零件
[23:29:04] [1165/13737] ✓ 18277 = 0.51g
[23:29:12] [1166/13737] ✗ 18306 - Bricklink 上不存在该零件
[23:29:22] [1167/13737] ✗ 18312 - Bricklink 上不存在该零件
[23:29:29] [1168/13737] ✗ 18352 - Bricklink 上不存在该零件
[23:29:39] [1169/13737] ✗ 18386c00 - Bricklink 上不存在该零件
[23:29:48] [1170/13737] ✓ 18395 = 0.6g
[23:29:48] 进度 1170/13737 (8.5%) | 成功 650 失败 520 | 成功率 55.6% | 平均 8.9s/个 | 剩余 1.3d
[23:29:56] [1171/13737] ✗ 18396 - Bricklink 上不存在该零件
[23:30:07] [1172/13737] ✗ 184 - Bricklink 上不存在该零件
[23:30:19] [1173/13737] ✗ 18449 - Bricklink 上不存在该零件
[23:30:25] [1174/13737] ✓ 18450 = 38.0g
[23:30:37] [1175/13737] ✗ 18453 - Bricklink 上不存在该零件
[23:30:54] [1176/13737] ✗ 18454 - Bricklink 上不存在该零件
[23:31:00] [1177/13737] ✓ 18455 = 3.0g
[23:31:08] [1178/13737] ✓ 1846 = 2.95g
[23:31:20] [1179/13737] ✓ 18520c01 = 64.0g
[23:31:26] [1180/13737] ✓ 18520c02 = 64.9g
[23:31:26] 进度 1180/13737 (8.6%) | 成功 655 失败 525 | 成功率 55.5% | 平均 8.9s/个 | 剩余 1.3d
[23:31:34] [1181/13737] ✓ 18527 = 56.7g
[23:31:42] [1182/13737] ✗ 18575 - Bricklink 上不存在该零件
[23:31:54] [1183/13737] ✓ 18585 = 4.4g
[23:32:06] [1184/13737] ✓ 18587 = 0.76g
[23:32:15] [1185/13737] ✓ 18588 = 2.8g
[23:32:27] [1186/13737] ✓ 18590 = 4.7g
[23:32:45] [1187/13737] ✓ 18591 = 4.6g
[23:32:52] [1188/13737] ✓ 18592 = 11.0g
[23:32:58] [1189/13737] ✗ 185c01 - Bricklink 上不存在该零件
[23:33:05] [1190/13737] ✗ 185c02 - Bricklink 上不存在该零件
[23:33:05] 进度 1190/13737 (8.7%) | 成功 662 失败 528 | 成功率 55.6% | 平均 8.9s/个 | 剩余 1.3d
[23:33:17] [1191/13737] ✓ 18601 = 24.46g
[23:33:34] [1192/13737] ✓ 18646 = 1.65g
[23:33:42] [1193/13737] ✓ 18649 = 0.4g
[23:33:51] [1194/13737] ✓ 18651 = 0.32g
[23:34:03] [1195/13737] ✓ 18652 = 37.8g
[23:34:18] [1196/13737] ✓ 18653 = 1.2g
[23:34:35] [1197/13737] ✓ 18654 = 0.17g
[23:34:43] [1198/13737] ✓ 18663 = 1.56g
[23:34:52] [1199/13737] ✓ 18671 = 1.68g
[23:34:57] [1200/13737] ✓ 18673 = 0.2g
[23:34:57] 进度 1200/13737 (8.7%) | 成功 672 失败 528 | 成功率 56.0% | 平均 8.9s/个 | 剩余 1.3d
[23:35:20] [1201/13737] ✓ 18674 = 0.35g
[23:35:28] [1202/13737] ✓ 18675 = 4.0g
[23:35:39] [1203/13737] ✓ 18677 = 0.4g
[23:35:50] [1204/13737] ✓ 1871 = 0.42g
[23:35:59] [1205/13737] ✓ 18720 = 69.7g
[23:36:05] [1206/13737] ✓ 18721 = 46.85g
[23:36:15] [1207/13737] ✓ 18729 = 12.9g
[23:36:30] [1208/13737] ✓ 18738 = 0.15g
[23:36:40] [1209/13737] ✓ 1874 = 6.17g
[23:36:53] [1210/13737] ✓ 18742 = 1.79g
[23:36:53] 进度 1210/13737 (8.8%) | 成功 682 失败 528 | 成功率 56.4% | 平均 8.9s/个 | 剩余 1.3d
[23:37:05] [1211/13737] ✓ 18746 = 1.0g
[23:37:12] [1212/13737] ✗ 1875 - Bricklink 上不存在该零件
[23:37:21] [1213/13737] ✗ 18759 - Bricklink 上不存在该零件
[23:37:26] [1214/13737] ✗ 18763 - Bricklink 上不存在该零件
[23:37:40] [1215/13737] ✗ 18769 - Bricklink 上不存在该零件
[23:37:46] [1216/13737] ✓ 18783 = 5.8g
[23:37:56] [1217/13737] ✓ 18787 = 0.33g
[23:38:03] [1218/13737] ✓ 18788 = 0.28g
[23:38:21] [1219/13737] ✓ 18789 = 0.35g
[23:38:26] [1220/13737] ✓ 1879 = 1.04g
[23:38:26] 进度 1220/13737 (8.9%) | 成功 688 失败 532 | 成功率 56.4% | 平均 8.9s/个 | 剩余 1.3d
[23:38:37] [1221/13737] ✓ 18791 = 0.35g
[23:38:47] [1222/13737] ✓ 18792 = 0.45g
[23:39:02] [1223/13737] ✓ 18806 = 12.5g
[23:39:06] [1224/13737] ✓ 1881 = 0.95g
[23:39:18] [1225/13737] ✓ 18814 = 24.4g
[23:39:27] [1226/13737] ✓ 18816 = 4.42g
[23:39:46] [1227/13737] ✓ 18822 = 1.22g
[23:39:54] [1228/13737] ✓ 18827 = 1.47g
[23:40:10] [1229/13737] ✓ 18832 = 0.51g
[23:40:24] [1230/13737] ✓ 18838 = 5.21g
[23:40:24] 进度 1230/13737 (9.0%) | 成功 698 失败 532 | 成功率 56.7% | 平均 8.9s/个 | 剩余 1.3d
[23:40:31] [1231/13737] ✓ 1884 = 0.11g
[23:40:38] [1232/13737] ✓ 18842 = 1.0g
[23:40:44] [1233/13737] ✓ 18844 = 0.62g
[23:40:53] [1234/13737] ✓ 18852 = 0.42g
[23:41:05] [1235/13737] ✓ 18853 = 0.07g
[23:41:14] [1236/13737] ✓ 18854 = 0.06g
[23:41:20] [1237/13737] ✓ 18855 = 0.4g
[23:41:29] [1238/13737] ✓ 18857 = 33.0g
[23:41:46] [1239/13737] ✓ 18858 = 0.68g
[23:41:54] [1240/13737] ✓ 18859 = 5.0g
[23:41:54] 进度 1240/13737 (9.0%) | 成功 708 失败 532 | 成功率 57.1% | 平均 8.9s/个 | 剩余 1.3d
[23:42:02] [1241/13737] ✓ 18866 = 0.44g
[23:42:10] [1242/13737] ✗ 18868c00 - Bricklink 上不存在该零件
[23:42:19] [1243/13737] ✗ 18868c01 - Bricklink 上不存在该零件
[23:42:25] [1244/13737] ✓ 18892 = 2.66g
[23:42:38] [1245/13737] ✓ 18895 = 5.0g
[23:42:43] [1246/13737] ✓ 18896 = 2.0g
[23:42:53] [1247/13737] ✓ 18897 = 7.0g
[23:43:05] [1248/13737] ✓ 18904 = 6.23g
[23:43:12] [1249/13737] ✓ 18905 = 0.84g
[23:43:20] [1250/13737] ✓ 18906 = 1.41g
[23:43:20] 进度 1250/13737 (9.1%) | 成功 716 失败 534 | 成功率 57.3% | 平均 8.9s/个 | 剩余 1.3d
[23:43:26] [1251/13737] ✓ 18907 = 11.0g
[23:43:43] [1252/13737] ✓ 18908 = 1.4g
[23:43:47] [1253/13737] ✓ 18909 = 7.44g
[23:44:05] [1254/13737] ✓ 18910 = 2.5g
[23:44:13] [1255/13737] ✓ 18912 = 125.0g
[23:44:21] [1256/13737] ✓ 18913 = 109.0g
[23:44:30] [1257/13737] ✗ 18918 - Bricklink 上不存在该零件
[23:44:40] [1258/13737] ✓ 18920 = 0.19g
[23:44:51] [1259/13737] ✓ 18922 = 23.5g
[23:45:02] [1260/13737] ✓ 18927 = 0.4g
[23:45:02] 进度 1260/13737 (9.2%) | 成功 725 失败 535 | 成功率 57.5% | 平均 8.9s/个 | 剩余 1.3d
[23:45:15] [1261/13737] ✓ 18936 = 1.09g
[23:45:24] [1262/13737] ✗ 18937c01 - Bricklink 上不存在该零件
[23:45:33] [1263/13737] ✗ 18937c02 - Bricklink 上不存在该零件
[23:45:41] [1264/13737] ✗ 18937c03 - Bricklink 上不存在该零件
[23:45:55] [1265/13737] ✓ 18938 = 9.28g
[23:46:00] [1266/13737] ✓ 18939 = 5.0g
[23:46:07] [1267/13737] ✓ 18940 = 10.2g
[23:46:14] [1268/13737] ✓ 18942 = 7.5g
[23:46:22] [1269/13737] ✓ 18943 = 10.0g
[23:46:31] [1270/13737] ✓ 18944 = 5.06g
[23:46:31] 进度 1270/13737 (9.2%) | 成功 732 失败 538 | 成功率 57.6% | 平均 8.9s/个 | 剩余 1.3d
[23:46:47] [1271/13737] ✓ 18945 = 8.5g
[23:46:52] [1272/13737] ✓ 18946 = 0.84g
[23:47:06] [1273/13737] ✓ 18947 = 1.97g
[23:47:14] [1274/13737] ✓ 18948 = 0.78g
[23:47:26] [1275/13737] ✓ 18950 = 0.29g
[23:47:32] [1276/13737] ✓ 18959 = 0.59g
[23:47:41] [1277/13737] ✓ 18962 = 0.41g
[23:47:51] [1278/13737] ✓ 18969 = 5.62g
[23:48:02] [1279/13737] ✓ 18970 = 1.53g
[23:48:10] [1280/13737] ✓ 18972 = 3.0g
[23:48:10] 进度 1280/13737 (9.3%) | 成功 742 失败 538 | 成功率 58.0% | 平均 9.0s/个 | 剩余 1.3d
[23:48:22] [1281/13737] ✓ 18973 = 4.0g
[23:48:30] [1282/13737] ✓ 18974 = 2.9g
[23:48:46] [1283/13737] ✓ 18975 = 2.5g
[23:48:51] [1284/13737] ✓ 18976 = 1.4g
[23:48:59] [1285/13737] ✓ 18977 = 2.0g
[23:49:05] [1286/13737] ✓ 18978 = 1.0g
[23:49:11] [1287/13737] ✓ 18978a = 0.22g
[23:49:21] [1288/13737] ✓ 18978b = 0.25g
[23:49:29] [1289/13737] ✓ 18979 = 1.85g
[23:49:38] [1290/13737] ✓ 18979a = 0.23g
[23:49:38] 进度 1290/13737 (9.4%) | 成功 752 失败 538 | 成功率 58.3% | 平均 9.0s/个 | 剩余 1.3d
[23:49:50] [1291/13737] ✓ 18979b = 0.19g
[23:50:07] [1292/13737] ✓ 18980 = 1.42g
[23:50:15] [1293/13737] ✗ 18983 - Bricklink 上不存在该零件
[23:50:26] [1294/13737] ✓ 18986 = 0.39g
[23:50:34] [1295/13737] ✓ 18987 = 0.85g
[23:50:49] [1296/13737] ✓ 18990 = 2.5g
[23:50:56] [1297/13737] ✗ 18999 - Bricklink 上不存在该零件
[23:51:04] [1298/13737] ✓ 1900 = 0.23g
[23:51:15] [1299/13737] ✗ 19000 - Bricklink 上不存在该零件
[23:51:29] [1300/13737] ✗ 19001 - Bricklink 上不存在该零件
[23:51:29] 进度 1300/13737 (9.5%) | 成功 758 失败 542 | 成功率 58.3% | 平均 9.0s/个 | 剩余 1.3d
[23:51:35] [1301/13737] ✗ 19001c01 - Bricklink 上不存在该零件
[23:51:49] [1302/13737] ✗ 19014 - Bricklink 上不存在该零件
[23:51:55] [1303/13737] ✗ 19020 - Bricklink 上不存在该零件
[23:52:02] [1304/13737] ✓ 19023c01 = 0.71g
[23:52:13] [1305/13737] ✗ 19034 - Bricklink 上不存在该零件
[23:52:21] [1306/13737] ✗ 19038 - Bricklink 上不存在该零件
[23:52:29] [1307/13737] ✓ 190380 = 58.0g
[23:52:39] [1308/13737] ✗ 19039 - Bricklink 上不存在该零件
[23:52:49] [1309/13737] ✓ 19049 = 2.93g
[23:52:55] [1310/13737] ✓ 19050 = 1.34g
[23:52:55] 进度 1310/13737 (9.5%) | 成功 762 失败 548 | 成功率 58.2% | 平均 9.0s/个 | 剩余 1.3d
[23:53:07] [1311/13737] ✓ 19052 = 3.25g
[23:53:13] [1312/13737] ✓ 19061 = 3.7g
[23:53:18] [1313/13737] ✓ 19062 = 3.38g
[23:53:25] [1314/13737] ✓ 19064 = 3.82g
[23:53:32] [1315/13737] ✗ 19071 - Bricklink 上不存在该零件
[23:53:39] [1316/13737] ✓ 19077 = 2.48g
[23:53:47] [1317/13737] ✓ 19082 = 3.83g
[23:53:57] [1318/13737] ✗ 19084 - Bricklink 上不存在该零件
[23:54:09] [1319/13737] ✓ 19086 = 4.37g
[23:54:17] [1320/13737] ✓ 19087 = 2.67g
[23:54:17] 进度 1320/13737 (9.6%) | 成功 770 失败 550 | 成功率 58.3% | 平均 9.0s/个 | 剩余 1.3d
[23:54:25] [1321/13737] ✓ 19089 = 4.6g
[23:54:34] [1322/13737] ✓ 19090 = 2.63g
[23:54:40] [1323/13737] ✗ 19106 - Bricklink 上不存在该零件
[23:54:48] [1324/13737] ✓ 19118 = 0.49g
[23:54:54] [1325/13737] ✓ 19119 = 0.26g
[23:55:02] [1326/13737] ✓ 19121 = 1.69g
[23:55:12] [1327/13737] ✓ 19141 = 0.29g
[23:55:23] [1328/13737] ✓ 19151 = 5.2g
[23:55:27] [1329/13737] ✓ 19159 = 1.25g
[23:55:39] [1330/13737] ✓ 19179 = 0.4g
[23:55:39] 进度 1330/13737 (9.7%) | 成功 779 失败 551 | 成功率 58.6% | 平均 9.0s/个 | 剩余 1.3d
[23:55:46] [1331/13737] ✓ 19185 = 0.16g
[23:55:55] [1332/13737] ✓ 19212 = 8.31g
[23:56:02] [1333/13737] ✓ 19215 = 0.7g
[23:56:09] [1334/13737] ✓ 19220 = 0.53g
[23:56:17] [1335/13737] ✓ 19250 = 1.93g
[23:56:24] [1336/13737] ✗ 1927 - Bricklink 上不存在该零件
[23:56:34] [1337/13737] ✓ 19303 = 0.49g
[23:56:45] [1338/13737] ✓ 19305 = 0.4g
[23:56:53] [1339/13737] ✓ 1941 = 0.6g
[23:57:01] [1340/13737] ✓ 1942 = 1.2g
[23:57:01] 进度 1340/13737 (9.8%) | 成功 788 失败 552 | 成功率 58.8% | 平均 9.0s/个 | 剩余 1.3d
[23:57:07] [1341/13737] ✗ 19440 - Bricklink 上不存在该零件
[23:57:14] [1342/13737] ✓ 19451 = 19.3g
[23:57:23] [1343/13737] ✗ 19474 - Bricklink 上不存在该零件
[23:57:29] [1344/13737] ✗ 19475 - Bricklink 上不存在该零件
[23:57:40] [1345/13737] ✗ 19476 - Bricklink 上不存在该零件
[23:57:48] [1346/13737] ✗ 19478 - Bricklink 上不存在该零件
[23:57:55] [1347/13737] ✗ 19482 - Bricklink 上不存在该零件
[23:58:02] [1348/13737] ✓ 194c01 = 0.25g
[23:58:10] [1349/13737] ✗ 194c02 - Bricklink 上不存在该零件
[23:58:18] [1350/13737] ✓ 194c03 = 0.5g
[23:58:18] 进度 1350/13737 (9.8%) | 成功 791 失败 559 | 成功率 58.6% | 平均 8.9s/个 | 剩余 1.3d
[23:58:28] [1351/13737] ✗ 194c04 - Bricklink 上不存在该零件
[23:58:36] [1352/13737] ✓ 19540 = 2.9g
[23:58:50] [1353/13737] ✓ 1962 = 27.3g
[23:59:07] [1354/13737] ✓ 19663 = 15.3g
[23:59:18] [1355/13737] ✗ 19680 - Bricklink 上不存在该零件
[23:59:30] [1356/13737] ✓ 196926 = 7.0g
[23:59:37] [1357/13737] ✓ 1970 = 17.93g
[23:59:44] [1358/13737] ✓ 19723 = 0.96g
[23:59:59] [1359/13737] ✓ 19727 = 1.02g
[00:00:12] [1360/13737] ✓ 19729 = 0.9g
[00:00:12] 进度 1360/13737 (9.9%) | 成功 799 失败 561 | 成功率 58.8% | 平均 9.0s/个 | 剩余 1.3d
[00:00:41] [1361/13737] ✓ 19730 = 0.73g
[00:00:49] [1362/13737] ✓ 19732 = 3.02g
[00:00:57] [1363/13737] ✓ 19734 = 2.3g
[00:01:05] [1364/13737] ✓ 1974 = 7.63g
[00:01:11] [1365/13737] ✓ 1979 = 4.7g
[00:01:21] [1366/13737] ✗ 19798 - Bricklink 上不存在该零件
[00:01:26] [1367/13737] ✓ 19802 = 43.6g
[00:01:31] [1368/13737] ✓ 19807 = 0.35g
[00:01:39] [1369/13737] ✗ 198323 - Bricklink 上不存在该零件
[00:01:45] [1370/13737] ✗ 198324 - Bricklink 上不存在该零件
[00:01:45] 进度 1370/13737 (10.0%) | 成功 806 失败 564 | 成功率 58.8% | 平均 9.0s/个 | 剩余 1.3d
[00:01:52] [1371/13737] ✗ 198325 - Bricklink 上不存在该零件
[00:02:01] [1372/13737] ✗ 198326 - Bricklink 上不存在该零件
[00:02:13] [1373/13737] ✗ 198327 - Bricklink 上不存在该零件
[00:02:23] [1374/13737] ✗ 198331 - Bricklink 上不存在该零件
[00:02:34] [1375/13737] ✓ 19858 = 0.4g
[00:02:44] [1376/13737] ✓ 1987 = 1.5g
[00:02:55] [1377/13737] ✓ 1988 = 0.71g
[00:03:08] [1378/13737] ✓ 19888 = 0.19g
[00:03:17] [1379/13737] ✗ 19888a - Bricklink 上不存在该零件
[00:03:23] [1380/13737] ✓ 1989 = 0.83g
[00:03:23] 进度 1380/13737 (10.0%) | 成功 811 失败 569 | 成功率 58.8% | 平均 9.0s/个 | 剩余 1.3d
[00:03:36] [1381/13737] ✓ 19900 = 0.19g
[00:03:43] [1382/13737] ✓ 19916 = 0.71g
[00:03:52] [1383/13737] ✓ 19917 = 0.13g
[00:04:06] [1384/13737] ✓ 1993 = 0.46g
[00:04:14] [1385/13737] ✓ 19934 = 1.75g
[00:04:22] [1386/13737] ✓ 1994 = 2.19g
[00:04:27] [1387/13737] ✓ 19946 = 0.1g
[00:04:36] [1388/13737] ✓ 19948 = 0.18g
[00:04:43] [1389/13737] ✓ 19949 = 0.17g
[00:04:52] [1390/13737] ✗ 1995 - Bricklink 上不存在该零件
[00:04:52] 进度 1390/13737 (10.1%) | 成功 820 失败 570 | 成功率 59.0% | 平均 9.0s/个 | 剩余 1.3d
[00:05:02] [1391/13737] ✓ 19951 = 0.08g
[00:05:13] [1392/13737] ✓ 1997 = 0.73g
[00:05:20] [1393/13737] ✓ 19992 = 7.8g
[00:05:30] [1394/13737] ✓ 2 = 10.14g
[00:05:37] [1395/13737] ✗ 200 - 未在页面中找到重量数据
[00:06:04] [1396/13737] ✗ 2000045 - Bricklink 上不存在该零件
[00:06:12] [1397/13737] ✗ 2000080 - Bricklink 上不存在该零件
[00:06:23] [1398/13737] ✗ 2000094 - Bricklink 上不存在该零件
[00:06:32] [1399/13737] ✗ 2000095 - Bricklink 上不存在该零件
[00:06:39] [1400/13737] ✗ 2000097 - Bricklink 上不存在该零件
[00:06:39] 进度 1400/13737 (10.2%) | 成功 824 失败 576 | 成功率 58.9% | 平均 9.0s/个 | 剩余 1.3d
[00:06:45] [1401/13737] ✓ 2003 = 0.88g
[00:06:52] [1402/13737] ✗ 20033 - Bricklink 上不存在该零件
[00:07:07] [1403/13737] ✗ 2005544 - Bricklink 上不存在该零件
[00:07:14] [1404/13737] ✓ 2007 = 0.58g
[00:07:22] [1405/13737] ✓ 2008 = 0.49g
[00:07:31] [1406/13737] ✗ 2009580 - Bricklink 上不存在该零件
[00:07:43] [1407/13737] ✗ 2009585 - Bricklink 上不存在该零件
[00:07:52] [1408/13737] ✗ 2009594 - Bricklink 上不存在该零件
[00:08:02] [1409/13737] ✗ 2009641 - Bricklink 上不存在该零件
[00:08:12] [1410/13737] ✗ 2009656 - Bricklink 上不存在该零件
[00:08:12] 进度 1410/13737 (10.3%) | 成功 827 失败 583 | 成功率 58.7% | 平均 9.0s/个 | 剩余 1.3d
[00:08:18] [1411/13737] ✗ 2009686 - Bricklink 上不存在该零件
[00:08:25] [1412/13737] ✗ 2009687 - Bricklink 上不存在该零件
[00:08:33] [1413/13737] ✗ 2009688 - Bricklink 上不存在该零件
[00:08:48] [1414/13737] ✗ 2009689 - Bricklink 上不存在该零件
[00:09:04] [1415/13737] ✓ 2010 = 0.67g
[00:09:15] [1416/13737] ✓ 20105 = 0.9g
[00:09:44] [1417/13737] ✓ 2012 = 0.31g
[00:09:56] [1418/13737] ✓ 2016 = 0.73g
[00:10:08] [1419/13737] ✗ 2016b - Bricklink 上不存在该零件
[00:10:12] [1420/13737] ✓ 20170 = 0.5g
[00:10:12] 进度 1420/13737 (10.3%) | 成功 832 失败 588 | 成功率 58.6% | 平均 9.0s/个 | 剩余 1.3d
[00:10:27] [1421/13737] ✓ 20174 = 0.5g
[00:10:39] [1422/13737] ✓ 20176 = 0.5g
[00:10:57] [1423/13737] ✓ 20178 = 0.5g
[00:11:02] [1424/13737] ✓ 20193 = 1.72g
[00:11:10] [1425/13737] ✓ 202 = 5.47g
[00:11:16] [1426/13737] ✓ 2023c01 = 73.0g
[00:11:23] [1427/13737] ✓ 20251 = 3.71g
[00:11:30] [1428/13737] ✓ 20252 = 1.04g
[00:11:36] [1429/13737] ✓ 2025c01 = 88.0g
[00:11:42] [1430/13737] ✓ 2026 = 13.0g
[00:11:42] 进度 1430/13737 (10.4%) | 成功 842 失败 588 | 成功率 58.9% | 平均 9.0s/个 | 剩余 1.3d
[00:11:52] [1431/13737] ✓ 20273a = 0.52g
[00:11:56] [1432/13737] ✓ 20273b = 0.3g
[00:12:06] [1433/13737] ✗ 20273c01 - Bricklink 上不存在该零件
[00:12:11] [1434/13737] ✓ 2028 = 18.0g
[00:12:18] [1435/13737] ✗ 20286a - Bricklink 上不存在该零件
[00:12:25] [1436/13737] ✗ 20286b - Bricklink 上不存在该零件
[00:12:33] [1437/13737] ✗ 20286c01 - Bricklink 上不存在该零件
[00:12:41] [1438/13737] ✓ 20302 = 4.8g
[00:12:47] [1439/13737] ✓ 20308 = 1.2g
[00:12:54] [1440/13737] ✓ 20309 = 1.35g
[00:12:54] 进度 1440/13737 (10.5%) | 成功 848 失败 592 | 成功率 58.9% | 平均 9.0s/个 | 剩余 1.3d
[00:13:03] [1441/13737] ✓ 20310 = 0.66g
[00:13:10] [1442/13737] ✓ 20312 = 2.9g
[00:13:20] [1443/13737] ✓ 20313 = 2.9g
[00:13:26] [1444/13737] ✓ 2032 = 29.0g
[00:13:33] [1445/13737] ✓ 2033 = 28.0g
[00:13:38] [1446/13737] ✓ 20374 = 0.14g
[00:13:48] [1447/13737] ✗ 2038 - Bricklink 上不存在该零件
[00:13:56] [1448/13737] ✗ 20381c01 - Bricklink 上不存在该零件
[00:14:05] [1449/13737] ✓ 2039 = 2.0g
[00:14:14] [1450/13737] ✓ 20394 = 1.0g
[00:14:14] 进度 1450/13737 (10.6%) | 成功 856 失败 594 | 成功率 59.0% | 平均 9.0s/个 | 剩余 1.3d
[00:14:22] [1451/13737] ✗ 20398c01 - Bricklink 上不存在该零件
[00:14:48] [1452/13737] ✓ 2040 = 2.0g
[00:14:57] [1453/13737] ✗ 20401 - Bricklink 上不存在该零件
[00:15:04] [1454/13737] ✓ 2041 = 3.8g
[00:15:10] [1455/13737] ✓ 2042 = 14.0g
[00:15:16] [1456/13737] ✓ 2042c01 = 16.0g
[00:15:24] [1457/13737] ✓ 2042c02 = 16.0g
[00:15:31] [1458/13737] ✓ 2042c03 = 16.0g
[00:15:38] [1459/13737] ✓ 2043 = 1.0g
[00:15:46] [1460/13737] ✓ 20439 = 2.0g
[00:15:46] 进度 1460/13737 (10.6%) | 成功 864 失败 596 | 成功率 59.2% | 平均 9.0s/个 | 剩余 1.3d
[00:15:55] [1461/13737] ✓ 20441 = 2.0g
[00:16:03] [1462/13737] ✗ 2045110 - Bricklink 上不存在该零件
[00:16:10] [1463/13737] ✓ 20455 = 16.0g
[00:16:14] [1464/13737] ✓ 2045c01 = 10.5g
[00:16:21] [1465/13737] ✓ 2046 = 15.0g
[00:16:28] [1466/13737] ✓ 2047 = 10.5g
[00:16:36] [1467/13737] ✓ 20473 = 4.2g
[00:16:43] [1468/13737] ✓ 20474 = 1.8g
[00:16:54] [1469/13737] ✓ 20475 = 3.9g
[00:17:00] [1470/13737] ✓ 20476 = 2.46g
[00:17:00] 进度 1470/13737 (10.7%) | 成功 873 失败 597 | 成功率 59.4% | 平均 9.0s/个 | 剩余 1.3d
[00:17:11] [1471/13737] ✓ 20477 = 4.62g
[00:17:16] [1472/13737] ✓ 20478 = 2.6g
[00:17:22] [1473/13737] ✓ 20479 = 5.3g
[00:17:29] [1474/13737] ✓ 2047c01 = 13.0g
[00:17:37] [1475/13737] ✓ 2048 = 32.0g
[00:17:44] [1476/13737] ✓ 20480 = 3.2g
[00:17:56] [1477/13737] ✓ 20482 = 0.16g
[00:18:02] [1478/13737] ✓ 20512 = 0.95g
[00:18:10] [1479/13737] ✓ 20551 = 0.05g
[00:18:21] [1480/13737] ✓ 20582 = 14.0g
[00:18:21] 进度 1480/13737 (10.8%) | 成功 883 失败 597 | 成功率 59.7% | 平均 9.0s/个 | 剩余 1.3d
[00:18:30] [1481/13737] ✓ 20595 = 2.26g
[00:18:38] [1482/13737] ✓ 20596 = 0.9g
[00:18:46] [1483/13737] ✓ 20597 = 0.57g
[00:18:53] [1484/13737] ✗ 20606 - Bricklink 上不存在该零件
[00:19:00] [1485/13737] ✓ 20608 = 0.87g
[00:19:07] [1486/13737] ✓ 20612 = 0.42g
[00:19:20] [1487/13737] ✓ 20684 = 5.1g
[00:19:32] [1488/13737] ✗ 20736 - Bricklink 上不存在该零件
[00:19:43] [1489/13737] ✗ 20841 - 未在页面中找到重量数据
[00:19:49] [1490/13737] ✓ 20844 = 9.23g
[00:19:49] 进度 1490/13737 (10.8%) | 成功 890 失败 600 | 成功率 59.7% | 平均 9.0s/个 | 剩余 1.3d
[00:19:56] [1491/13737] ✗ 20854 - Bricklink 上不存在该零件
[00:20:12] [1492/13737] ✓ 20870 = 1.5g
[00:20:24] [1493/13737] ✓ 20877 = 0.86g
[00:20:31] [1494/13737] ✓ 20904 = 0.9g
[00:20:38] [1495/13737] ✓ 20908 = 1.0g
[00:20:45] [1496/13737] ✓ 2092c01 = 79.0g
[00:20:59] [1497/13737] ✓ 20952 = 0.34g
[00:21:07] [1498/13737] ✓ 20953 = 1.59g
[00:21:14] [1499/13737] ✗ 209656 - Bricklink 上不存在该零件
[00:21:26] [1500/13737] ✓ 21 = 2.14g
[00:21:26] 进度 1500/13737 (10.9%) | 成功 898 失败 602 | 成功率 59.9% | 平均 9.0s/个 | 剩余 1.3d
[00:21:32] [1501/13737] ✓ 210 = 35.0g
[00:21:40] [1502/13737] ✓ 2102 = 30.8g
[00:21:48] [1503/13737] ✓ 2103 = 504.2g
[00:21:54] [1504/13737] ✓ 2104 = 9.4g
[00:22:01] [1505/13737] ✓ 2121 = 19.0g
[00:22:08] [1506/13737] ✓ 21229 = 2.01g
[00:22:14] [1507/13737] ✓ 2123 = 0.82g
[00:22:21] [1508/13737] ✓ 21268 = 0.4g
[00:22:30] [1509/13737] ✓ 21269 = 0.75g
[00:22:36] [1510/13737] ✗ 21271 - Bricklink 上不存在该零件
[00:22:36] 进度 1510/13737 (11.0%) | 成功 907 失败 603 | 成功率 60.1% | 平均 9.0s/个 | 剩余 1.3d
[00:22:48] [1511/13737] ✓ 2130 = 31.0g
[00:22:57] [1512/13737] ✓ 21301 = 15.0g
[00:23:04] [1513/13737] ✗ 21308 - Bricklink 上不存在该零件
[00:23:12] [1514/13737] ✓ 2131 = 9.2g
[00:23:24] [1515/13737] ✗ 21310 - Bricklink 上不存在该零件
[00:23:32] [1516/13737] ✓ 2131c01 = 14.0g
[00:23:38] [1517/13737] ✓ 2132 = 3.8g
[00:23:46] [1518/13737] ✓ 2133 = 139.0g
[00:23:51] [1519/13737] ✓ 2135 = 2.69g
[00:23:58] [1520/13737] ✗ 2137 - Bricklink 上不存在该零件
[00:23:58] 进度 1520/13737 (11.1%) | 成功 914 失败 606 | 成功率 60.1% | 平均 9.0s/个 | 剩余 1.3d
[00:24:06] [1521/13737] ✓ 2137c01 = 62.0g
[00:24:38] [1522/13737] ✓ 2138 = 2.0g
[00:24:51] [1523/13737] ✓ 2140 = 2.5g
[00:24:59] [1524/13737] ✓ 2142 = 2.31g
[00:25:06] [1525/13737] ✓ 2143 = 0.12g
[00:25:12] [1526/13737] ✓ 2144 = 5.16g
[00:25:20] [1527/13737] ✓ 21445 = 0.44g
[00:25:26] [1528/13737] ✓ 2145 = 5.27g
[00:25:46] [1529/13737] ✓ 21459 = 0.21g
[00:25:53] [1530/13737] ✗ 2145c01 - Bricklink 上不存在该零件
[00:25:53] 进度 1530/13737 (11.1%) | 成功 923 失败 607 | 成功率 60.3% | 平均 9.0s/个 | 剩余 1.3d
[00:25:59] [1531/13737] ✓ 2146 = 2.85g
[00:26:05] [1532/13737] ✓ 21474 = 1.11g
[00:26:12] [1533/13737] ✓ 21478 = 2.0g
[00:26:18] [1534/13737] ✓ 2147c01 = 17.74g
[00:26:29] [1535/13737] ✓ 2147c02 = 17.74g
[00:26:34] [1536/13737] ✓ 2148 = 7.73g
[00:26:41] [1537/13737] ✓ 2149 = 1.16g
[00:26:50] [1538/13737] ✓ 21490 = 0.1g
[00:27:02] [1539/13737] ✓ 21497 = 0.2g
[00:27:08] [1540/13737] ✓ 21503 = 0.11g
[00:27:08] 进度 1540/13737 (11.2%) | 成功 933 失败 607 | 成功率 60.6% | 平均 9.0s/个 | 剩余 1.3d
[00:27:15] [1541/13737] ✓ 2150c01 = 165.0g
[00:27:22] [1542/13737] ✓ 2150c02 = 165.0g
[00:27:28] [1543/13737] ✓ 2155 = 44.0g
[00:27:34] [1544/13737] ✓ 2156 = 19.0g
[00:27:44] [1545/13737] ✓ 21560 = 1.97g
[00:27:49] [1546/13737] ✓ 21561 = 9.32g
[00:27:54] [1547/13737] ✓ 21562 = 3.26g
[00:28:00] [1548/13737] ✓ 2157 = 14.0g
[00:28:10] [1549/13737] ✓ 2158c01 = 15.0g
[00:28:14] [1550/13737] ✓ 2159 = 2.72g
[00:28:14] 进度 1550/13737 (11.3%) | 成功 943 失败 607 | 成功率 60.8% | 平均 8.9s/个 | 剩余 1.3d
[00:28:22] [1551/13737] ✗ 2159c01 - Bricklink 上不存在该零件
[00:28:32] [1552/13737] ✗ 2159c02 - Bricklink 上不存在该零件
[00:28:39] [1553/13737] ✗ 2159c03 - Bricklink 上不存在该零件
[00:28:46] [1554/13737] ✗ 2159c04 - Bricklink 上不存在该零件
[00:28:54] [1555/13737] ✗ 2159c05 - Bricklink 上不存在该零件
[00:29:01] [1556/13737] ✓ 21608 = 1.0g
[00:29:10] [1557/13737] ✓ 2161c01 = 18.5g
[00:29:21] [1558/13737] ✓ 21625 = 0.1g
[00:29:27] [1559/13737] ✓ 21626 = 1.95g
[00:29:33] [1560/13737] ✓ 2162c01 = 80.0g
[00:29:33] 进度 1560/13737 (11.4%) | 成功 948 失败 612 | 成功率 60.8% | 平均 8.9s/个 | 剩余 1.3d
[00:29:41] [1561/13737] ✓ 2164 = 6.0g
[00:29:51] [1562/13737] ✓ 2166c01 = 32.0g
[00:29:56] [1563/13737] ✓ 2169 = 5.6g
[00:30:07] [1564/13737] ✓ 21699 = 0.4g
[00:30:15] [1565/13737] ✗ 21709 - Bricklink 上不存在该零件
[00:30:20] [1566/13737] ✓ 21747 = 1.72g
[00:30:37] [1567/13737] ✓ 21755 = 0.45g
[00:30:47] [1568/13737] ✗ 21763a - Bricklink 上不存在该零件
[00:30:59] [1569/13737] ✗ 21763b - Bricklink 上不存在该零件
[00:31:09] [1570/13737] ✗ 21763c - Bricklink 上不存在该零件
[00:31:09] 进度 1570/13737 (11.4%) | 成功 954 失败 616 | 成功率 60.8% | 平均 8.9s/个 | 剩余 1.3d
[00:31:17] [1571/13737] ✗ 21763c01 - Bricklink 上不存在该零件
[00:31:24] [1572/13737] ✗ 21763d - Bricklink 上不存在该零件
[00:31:34] [1573/13737] ✓ 21765 = 1.31g
[00:31:43] [1574/13737] ✓ 21777 = 0.58g
[00:31:53] [1575/13737] ✓ 21778 = 0.48g
[00:32:05] [1576/13737] ✓ 21787 = 0.76g
[00:32:11] [1577/13737] ✓ 21788 = 3.58g
[00:32:17] [1578/13737] ✓ 21789 = 0.94g
[00:32:24] [1579/13737] ✗ 21810 - Bricklink 上不存在该零件
[00:32:35] [1580/13737] ✓ 21841 = 0.15g
[00:32:35] 进度 1580/13737 (11.5%) | 成功 961 失败 619 | 成功率 60.8% | 平均 8.9s/个 | 剩余 1.3d
[00:32:44] [1581/13737] ✓ 21849 = 5.76g
[00:32:52] [1582/13737] ✗ 21850 - Bricklink 上不存在该零件
[00:32:58] [1583/13737] ✓ 21858 = 1.72g
[00:33:02] [1584/13737] ✓ 2186 = 5.08g
[00:33:09] [1585/13737] ✓ 2186a = 0.42g
[00:33:13] [1586/13737] ✓ 2186b = 0.42g
[00:33:21] [1587/13737] ✓ 2186c = 0.26g
[00:33:29] [1588/13737] ✓ 2186d = 0.29g
[00:33:35] [1589/13737] ✓ 2186e = 0.36g
[00:33:41] [1590/13737] ✓ 2187 = 0.54g
[00:33:41] 进度 1590/13737 (11.6%) | 成功 970 失败 620 | 成功率 61.0% | 平均 8.9s/个 | 剩余 1.3d
[00:33:48] [1591/13737] ✓ 2188 = 0.85g
[00:33:56] [1592/13737] ✗ 219 - Bricklink 上不存在该零件
[00:34:05] [1593/13737] ✗ 21921 - Bricklink 上不存在该零件
[00:34:12] [1594/13737] ✗ 21939 - Bricklink 上不存在该零件
[00:34:19] [1595/13737] ✗ 21968 - Bricklink 上不存在该零件
[00:34:27] [1596/13737] ✗ 21969 - Bricklink 上不存在该零件
[00:34:33] [1597/13737] ✓ 21980 = 34.0g
[00:34:40] [1598/13737] ✓ 21987 = 3.49g
[00:34:48] [1599/13737] ✓ 2199 = 27.0g
[00:34:53] [1600/13737] ✓ 21994 = 6.02g
[00:34:53] 进度 1600/13737 (11.6%) | 成功 975 失败 625 | 成功率 60.9% | 平均 8.9s/个 | 剩余 1.3d
[00:35:01] [1601/13737] ✓ 21995 = 40.0g
[00:35:18] [1602/13737] ✓ 21996 = 7.5g
[00:35:23] [1603/13737] ✓ 21997 = 13.12g
[00:35:34] [1604/13737] ✓ 21998 = 18.5g
[00:35:47] [1605/13737] ✗ 219a - Bricklink 上不存在该零件
[00:35:53] [1606/13737] ✓ 2200 = 14.0g
[00:35:59] [1607/13737] ✓ 2201 = 141.0g
[00:36:07] [1608/13737] ✓ 2204 = 148.0g
[00:36:19] [1609/13737] ✓ 2205 = 10.0g
[00:36:25] [1610/13737] ✓ 2206 = 3.49g
[00:36:25] 进度 1610/13737 (11.7%) | 成功 984 失败 626 | 成功率 61.1% | 平均 8.9s/个 | 剩余 1.3d
[00:36:37] [1611/13737] ✓ 2207 = 150.0g
[00:36:44] [1612/13737] ✓ 2208 = 7.62g
[00:36:51] [1613/13737] ✓ 2209 = 6.65g
[00:36:57] [1614/13737] ✓ 2210 = 141.0g
[00:37:04] [1615/13737] ✓ 2211c01 = 19.5g
[00:37:09] [1616/13737] ✓ 2211c02 = 19.5g
[00:37:14] [1617/13737] ✓ 2212 = 26.0g
[00:37:20] [1618/13737] ✗ 22127 - Bricklink 上不存在该零件
[00:37:28] [1619/13737] ✓ 2213 = 48.0g
[00:37:36] [1620/13737] ✓ 2214 = 5.0g
[00:37:36] 进度 1620/13737 (11.8%) | 成功 993 失败 627 | 成功率 61.3% | 平均 8.9s/个 | 剩余 1.2d
[00:37:43] [1621/13737] ✗ 22167 - Bricklink 上不存在该零件
[00:37:53] [1622/13737] ✗ 22168 - Bricklink 上不存在该零件
[00:37:59] [1623/13737] ✗ 22169 - Bricklink 上不存在该零件
[00:38:11] [1624/13737] ✗ 22172 - Bricklink 上不存在该零件
[00:38:19] [1625/13737] ✗ 22183 - Bricklink 上不存在该零件
[00:38:27] [1626/13737] ✓ 22185 = 0.3g
[00:38:36] [1627/13737] ✓ 22188 = 0.84g
[00:38:48] [1628/13737] ✗ 22189 - 未在页面中找到重量数据
[00:38:58] [1629/13737] ✓ 2218c01 = 49.0g
[00:39:06] [1630/13737] ✓ 2218c02 = 50.0g
[00:39:06] 进度 1630/13737 (11.9%) | 成功 997 失败 633 | 成功率 61.2% | 平均 8.9s/个 | 剩余 1.2d
[00:39:11] [1631/13737] ✓ 2218c03 = 50.0g
[00:39:17] [1632/13737] ✓ 2218c04 = 50.0g
[00:39:25] [1633/13737] ✗ 2218c06 - Bricklink 上不存在该零件
[00:39:36] [1634/13737] ✗ 22190 - 未在页面中找到重量数据
[00:39:42] [1635/13737] ✗ 22191 - 未在页面中找到重量数据
[00:39:49] [1636/13737] ✓ 22193 = 1.6g
[00:39:56] [1637/13737] ✓ 22194 = 0.18g
[00:40:06] [1638/13737] ✓ 22195 = 0.32g
[00:40:17] [1639/13737] ✓ 22198 = 1.2g
[00:40:22] [1640/13737] ✗ 22201 - 未在页面中找到重量数据
[00:40:22] 进度 1640/13737 (11.9%) | 成功 1003 失败 637 | 成功率 61.2% | 平均 8.9s/个 | 剩余 1.2d
[00:40:29] [1641/13737] ✗ 22203 - 未在页面中找到重量数据
[00:40:36] [1642/13737] ✓ 22204 = 3.19g
[00:40:44] [1643/13737] ✓ 22205 = 0.59g
[00:40:56] [1644/13737] ✓ 22206 = 1.2g
[00:41:06] [1645/13737] ✓ 22207 = 4.73g
[00:41:15] [1646/13737] ✓ 22209 = 2.12g
[00:41:21] [1647/13737] ✓ 2221 = 23.0g
[00:41:27] [1648/13737] ✓ 22210 = 3.22g
[00:41:38] [1649/13737] ✗ 22212 - 未在页面中找到重量数据
[00:41:46] [1650/13737] ✓ 22214 = 1.64g
[00:41:46] 进度 1650/13737 (12.0%) | 成功 1011 失败 639 | 成功率 61.3% | 平均 8.9s/个 | 剩余 1.2d
[00:41:50] [1651/13737] ✓ 2222 = 12.53g
[00:41:58] [1652/13737] ✓ 2223 = 9.0g
[00:42:06] [1653/13737] ✗ 22239 - Bricklink 上不存在该零件
[00:42:14] [1654/13737] ✓ 2224 = 8.0g
[00:42:20] [1655/13737] ✗ 22253 - Bricklink 上不存在该零件
[00:42:27] [1656/13737] ✗ 22279 - Bricklink 上不存在该零件
[00:42:34] [1657/13737] ✓ 2229 = 0.87g
[00:42:40] [1658/13737] ✓ 22291 = 26.47g
[00:42:53] [1659/13737] ✓ 22292 = 2.79g
[00:42:59] [1660/13737] ✓ 22293 = 2.28g
[00:42:59] 进度 1660/13737 (12.1%) | 成功 1018 失败 642 | 成功率 61.3% | 平均 8.9s/个 | 剩余 1.2d
[00:43:04] [1661/13737] ✓ 22294 = 0.45g
[00:43:31] [1662/13737] ✓ 22295 = 0.47g
[00:43:39] [1663/13737] ✓ 22297 = 8.0g
[00:43:48] [1664/13737] ✓ 2230 = 8.0g
[00:43:59] [1665/13737] ✓ 22307c01 = 54.0g
[00:44:04] [1666/13737] ✓ 22307c02 = 61.0g
[00:44:13] [1667/13737] ✓ 2231 = 2.69g
[00:44:20] [1668/13737] ✗ 22330 - Bricklink 上不存在该零件
[00:44:29] [1669/13737] ✓ 2234 = 4.0g
[00:44:35] [1670/13737] ✓ 2235c01 = 48.0g
[00:44:35] 进度 1670/13737 (12.2%) | 成功 1027 失败 643 | 成功率 61.5% | 平均 8.9s/个 | 剩余 1.2d
[00:44:43] [1671/13737] ✗ 2235c02 - 未在页面中找到重量数据
[00:44:56] [1672/13737] ✗ 22370 - Bricklink 上不存在该零件
[00:45:05] [1673/13737] ✓ 22380 = 0.53g
[00:45:17] [1674/13737] ✓ 22385 = 0.6g
[00:45:24] [1675/13737] ✓ 22387 = 7.16g
[00:45:32] [1676/13737] ✓ 22388 = 0.16g
[00:45:38] [1677/13737] ✓ 22390 = 4.31g
[00:45:50] [1678/13737] ✓ 22391 = 1.9g
[00:46:01] [1679/13737] ✓ 22392 = 0.28g
[00:46:09] [1680/13737] ✓ 22393 = 0.27g
[00:46:09] 进度 1680/13737 (12.2%) | 成功 1035 失败 645 | 成功率 61.6% | 平均 8.9s/个 | 剩余 1.2d
[00:46:14] [1681/13737] ✓ 22394 = 0.3g
[00:46:24] [1682/13737] ✓ 22395 = 0.46g
[00:46:30] [1683/13737] ✓ 22400 = 0.45g
[00:46:39] [1684/13737] ✓ 22401 = 0.45g
[00:46:45] [1685/13737] ✓ 22402 = 1.6g
[00:46:50] [1686/13737] ✓ 22407 = 0.5g
[00:46:58] [1687/13737] ✓ 22408 = 1.13g
[00:47:04] [1688/13737] ✗ 22408c01 - Bricklink 上不存在该零件
[00:47:12] [1689/13737] ✓ 22409 = 1.42g
[00:47:19] [1690/13737] ✓ 22410 = 6.4g
[00:47:19] 进度 1690/13737 (12.3%) | 成功 1044 失败 646 | 成功率 61.8% | 平均 8.9s/个 | 剩余 1.2d
[00:47:32] [1691/13737] ✓ 22411 = 0.36g
[00:47:38] [1692/13737] ✓ 22425 = 0.89g
[00:47:48] [1693/13737] ✗ 22470c01 - Bricklink 上不存在该零件
[00:47:58] [1694/13737] ✗ 22479 - Bricklink 上不存在该零件
[00:48:07] [1695/13737] ✓ 22483 = 2.76g
[00:48:15] [1696/13737] ✓ 22484 = 0.22g
[00:48:24] [1697/13737] ✓ 22487 = 1.04g
[00:48:33] [1698/13737] ✗ 22494 - Bricklink 上不存在该零件
[00:48:39] [1699/13737] ✓ 22495 = 0.25g
[00:48:47] [1700/13737] ✓ 22497 = 2.35g
[00:48:47] 进度 1700/13737 (12.4%) | 成功 1051 失败 649 | 成功率 61.8% | 平均 8.9s/个 | 剩余 1.2d
[00:48:54] [1701/13737] ✓ 22499 = 1.07g
[00:49:01] [1702/13737] ✓ 22500 = 1.5g
[00:49:06] [1703/13737] ✓ 22503 = 0.75g
[00:49:13] [1704/13737] ✓ 22507 = 0.13g
[00:49:18] [1705/13737] ✓ 2250c01 = 52.0g
[00:49:25] [1706/13737] ✓ 2251 = 31.0g
[00:49:40] [1707/13737] ✓ 22528 = 4.0g
[00:49:49] [1708/13737] ✗ 22532 - 未在页面中找到重量数据
[00:49:56] [1709/13737] ✗ 22537 - Bricklink 上不存在该零件
[00:50:07] [1710/13737] ✓ 22538 = 2.0g
[00:50:07] 进度 1710/13737 (12.4%) | 成功 1059 失败 651 | 成功率 61.9% | 平均 8.9s/个 | 剩余 1.2d
[00:50:16] [1711/13737] ✓ 22541 = 21.51g
[00:50:21] [1712/13737] ✓ 22549 = 4.0g
[00:50:27] [1713/13737] ✗ 22566 - Bricklink 上不存在该零件
[00:50:36] [1714/13737] ✗ 22578c01 - Bricklink 上不存在该零件
[00:50:42] [1715/13737] ✓ 22632 = 4.81g
[00:50:48] [1716/13737] ✓ 22633 = 1.88g
[00:50:53] [1717/13737] ✓ 22634 = 2.65g
[00:51:01] [1718/13737] ✓ 22637 = 2.77g
[00:51:08] [1719/13737] ✓ 22639 = 1.61g
[00:51:14] [1720/13737] ✓ 22640 = 3.88g
[00:51:14] 进度 1720/13737 (12.5%) | 成功 1067 失败 653 | 成功率 62.0% | 平均 8.9s/个 | 剩余 1.2d
[00:51:23] [1721/13737] ✓ 22642 = 0.84g
[00:51:32] [1722/13737] ✗ 22643 - 未在页面中找到重量数据
[00:51:39] [1723/13737] ✓ 22656 = 0.15g
[00:51:46] [1724/13737] ✓ 22658 = 12.0g
[00:51:53] [1725/13737] ✓ 22667 = 0.11g
[00:52:00] [1726/13737] ✗ 22670 - Bricklink 上不存在该零件
[00:52:06] [1727/13737] ✓ 22734 = 4.1g
[00:52:16] [1728/13737] ✓ 22735 = 2.0g
[00:52:23] [1729/13737] ✗ 2277c01 - Bricklink 上不存在该零件
[00:52:30] [1730/13737] ✓ 22800 = 2.17g
[00:52:30] 进度 1730/13737 (12.6%) | 成功 1074 失败 656 | 成功率 62.1% | 平均 8.9s/个 | 剩余 1.2d
[00:52:43] [1731/13737] ✓ 22801 = 2.21g
[00:52:53] [1732/13737] ✓ 22802 = 0.68g
[00:53:00] [1733/13737] ✓ 22803 = 14.0g
[00:53:10] [1734/13737] ✓ 22806 = 3.79g
[00:53:16] [1735/13737] ✓ 22807 = 4.2g
[00:53:24] [1736/13737] ✓ 22808 = 2.89g
[00:53:31] [1737/13737] ✓ 22809 = 0.92g
[00:53:40] [1738/13737] ✓ 22810 = 1.57g
[00:53:49] [1739/13737] ✓ 22811 = 0.7g
[00:53:55] [1740/13737] ✓ 22812 = 1.97g
[00:53:55] 进度 1740/13737 (12.7%) | 成功 1084 失败 656 | 成功率 62.3% | 平均 8.9s/个 | 剩余 1.2d
[00:54:02] [1741/13737] ✓ 22813 = 6.0g
[00:54:10] [1742/13737] ✓ 22817 = 2.42g
[00:54:17] [1743/13737] ✗ 22821 - Bricklink 上不存在该零件
[00:54:24] [1744/13737] ✓ 22854 = 2.52g
[00:54:31] [1745/13737] ✗ 22870 - Bricklink 上不存在该零件
[00:54:39] [1746/13737] ✓ 2288 = 12.0g
[00:54:44] [1747/13737] ✓ 22881 = 7.06g
[00:54:57] [1748/13737] ✓ 22885 = 1.28g
[00:55:09] [1749/13737] ✓ 22886 = 2.1g
[00:55:21] [1750/13737] ✓ 22888 = 3.3g
[00:55:21] 进度 1750/13737 (12.7%) | 成功 1092 失败 658 | 成功率 62.4% | 平均 8.9s/个 | 剩余 1.2d
[00:55:27] [1751/13737] ✓ 22889 = 2.23g
[00:55:31] [1752/13737] ✓ 2289 = 16.0g
[00:55:41] [1753/13737] ✓ 22890 = 0.5g
[00:55:47] [1754/13737] ✗ 22891 - Bricklink 上不存在该零件
[00:55:58] [1755/13737] ✓ 2290 = 3.5g
[00:56:05] [1756/13737] ✗ 22906 - Bricklink 上不存在该零件
[00:56:14] [1757/13737] ✗ 22907c01 - Bricklink 上不存在该零件
[00:56:23] [1758/13737] ✗ 22907c02 - Bricklink 上不存在该零件
[00:56:30] [1759/13737] ✗ 22907c03 - Bricklink 上不存在该零件
[00:56:37] [1760/13737] ✗ 22907c04 - Bricklink 上不存在该零件
[00:56:37] 进度 1760/13737 (12.8%) | 成功 1096 失败 664 | 成功率 62.3% | 平均 8.8s/个 | 剩余 1.2d
[00:56:43] [1761/13737] ✗ 22908c01 - Bricklink 上不存在该零件
[00:56:54] [1762/13737] ✗ 22908c02 - Bricklink 上不存在该零件
[00:57:00] [1763/13737] ✗ 22908c03 - Bricklink 上不存在该零件
[00:57:09] [1764/13737] ✗ 22908c04 - Bricklink 上不存在该零件
[00:57:14] [1765/13737] ✗ 22908c05 - Bricklink 上不存在该零件
[00:57:20] [1766/13737] ✗ 22909c01 - Bricklink 上不存在该零件
[00:57:30] [1767/13737] ✗ 22909c02 - Bricklink 上不存在该零件
[00:57:43] [1768/13737] ✓ 2291 = 30.85g
[00:57:50] [1769/13737] ✗ 22910 - Bricklink 上不存在该零件
[00:57:59] [1770/13737] ✗ 22910c01 - Bricklink 上不存在该零件
[00:57:59] 进度 1770/13737 (12.9%) | 成功 1097 失败 673 | 成功率 62.0% | 平均 8.8s/个 | 剩余 1.2d
[00:58:09] [1771/13737] ✗ 22910c02 - Bricklink 上不存在该零件
[00:58:17] [1772/13737] ✗ 22910c03 - Bricklink 上不存在该零件
[00:58:25] [1773/13737] ✓ 22921 = 0.26g
[00:58:31] [1774/13737] ✓ 2292c01 = 12.0g
[00:58:37] [1775/13737] ✓ 2292c02 = 12.0g
[00:58:45] [1776/13737] ✓ 2292c03 = 11.69g
[00:58:50] [1777/13737] ✓ 2292c04 = 12.0g
[00:58:58] [1778/13737] ✓ 2292c05 = 11.69g
[00:59:04] [1779/13737] ✓ 2293 = 5.0g
[00:59:13] [1780/13737] ✗ 22934 - Bricklink 上不存在该零件
[00:59:13] 进度 1780/13737 (13.0%) | 成功 1104 失败 676 | 成功率 62.0% | 平均 8.8s/个 | 剩余 1.2d
[00:59:20] [1781/13737] ✗ 22935 - Bricklink 上不存在该零件
[00:59:29] [1782/13737] ✗ 22935a - Bricklink 上不存在该零件
[00:59:34] [1783/13737] ✗ 22935b - Bricklink 上不存在该零件
[00:59:42] [1784/13737] ✗ 22935c - Bricklink 上不存在该零件
[00:59:52] [1785/13737] ✗ 22935d - Bricklink 上不存在该零件
[01:00:00] [1786/13737] ✗ 22936 - Bricklink 上不存在该零件
[01:00:08] [1787/13737] ✗ 22936a - Bricklink 上不存在该零件
[01:00:13] [1788/13737] ✗ 22936b - Bricklink 上不存在该零件
[01:00:22] [1789/13737] ✗ 22936c - Bricklink 上不存在该零件
[01:00:29] [1790/13737] ✗ 22936d - Bricklink 上不存在该零件
[01:00:29] 进度 1790/13737 (13.0%) | 成功 1104 失败 686 | 成功率 61.7% | 平均 8.8s/个 | 剩余 1.2d
[01:00:38] [1791/13737] ✗ 22936e - Bricklink 上不存在该零件
[01:00:44] [1792/13737] ✗ 22936f - Bricklink 上不存在该零件
[01:00:54] [1793/13737] ✗ 22936g - Bricklink 上不存在该零件
[01:01:00] [1794/13737] ✗ 22938 - Bricklink 上不存在该零件
[01:01:07] [1795/13737] ✗ 22938a - Bricklink 上不存在该零件
[01:01:15] [1796/13737] ✗ 22938b - Bricklink 上不存在该零件
[01:01:22] [1797/13737] ✗ 22938c - Bricklink 上不存在该零件
[01:01:30] [1798/13737] ✗ 22938d - Bricklink 上不存在该零件
[01:01:36] [1799/13737] ✗ 22938e - Bricklink 上不存在该零件
[01:01:43] [1800/13737] ✗ 22938f - Bricklink 上不存在该零件
[01:01:43] 进度 1800/13737 (13.1%) | 成功 1104 失败 696 | 成功率 61.3% | 平均 8.8s/个 | 剩余 1.2d
[01:01:49] [1801/13737] ✗ 22938g - Bricklink 上不存在该零件
[01:01:56] [1802/13737] ✗ 22938h - Bricklink 上不存在该零件
[01:02:04] [1803/13737] ✗ 22938i - Bricklink 上不存在该零件
[01:02:12] [1804/13737] ✗ 22938j - Bricklink 上不存在该零件
[01:02:20] [1805/13737] ✗ 22938k - Bricklink 上不存在该零件
[01:02:25] [1806/13737] ✓ 2294 = 5.0g
[01:02:31] [1807/13737] ✓ 2295 = 320.0g
[01:02:38] [1808/13737] ✗ 22960c01 - Bricklink 上不存在该零件
[01:02:45] [1809/13737] ✗ 22960c02 - Bricklink 上不存在该零件
[01:02:53] [1810/13737] ✗ 22960c03 - Bricklink 上不存在该零件
[01:02:53] 进度 1810/13737 (13.2%) | 成功 1106 失败 704 | 成功率 61.1% | 平均 8.8s/个 | 剩余 1.2d
[01:03:01] [1811/13737] ✓ 22961 = 0.34g
[01:03:09] [1812/13737] ✗ 22981 - Bricklink 上不存在该零件
[01:03:14] [1813/13737] ✓ 2300 = 18.0g
[01:03:22] [1814/13737] ✓ 2301 = 11.6g
[01:03:32] [1815/13737] ✓ 2302 = 8.5g
[01:03:40] [1816/13737] ✗ 2306 - Bricklink 上不存在该零件
[01:03:54] [1817/13737] ✓ 2310 = 0.46g
[01:04:04] [1818/13737] ✓ 2312c01 = 32.0g
[01:04:09] [1819/13737] ✓ 2312c02 = 32.0g
[01:04:15] [1820/13737] ✓ 2312c03 = 31.37g
[01:04:15] 进度 1820/13737 (13.2%) | 成功 1114 失败 706 | 成功率 61.2% | 平均 8.8s/个 | 剩余 1.2d
[01:04:25] [1821/13737] ✓ 2312c04 = 30.0g
[01:04:30] [1822/13737] ✓ 2312c05 = 32.0g
[01:04:41] [1823/13737] ✗ 2314 - Bricklink 上不存在该零件
[01:04:48] [1824/13737] ✗ 23144c01 - Bricklink 上不存在该零件
[01:04:55] [1825/13737] ✗ 23146 - Bricklink 上不存在该零件
[01:05:04] [1826/13737] ✗ 2315 - Bricklink 上不存在该零件
[01:05:11] [1827/13737] ✓ 23154 = 19.0g
[01:05:17] [1828/13737] ✓ 23155 = 19.0g
[01:05:25] [1829/13737] ✓ 23158 = 13.0g
[01:05:34] [1830/13737] ✓ 23160c01 = 25.0g
[01:05:34] 进度 1830/13737 (13.3%) | 成功 1120 失败 710 | 成功率 61.2% | 平均 8.8s/个 | 剩余 1.2d
[01:05:41] [1831/13737] ✓ 23186 = 0.45g
[01:05:46] [1832/13737] ✓ 23187 = 1.55g
[01:05:54] [1833/13737] ✓ 2318c01 = 7.0g
[01:06:00] [1834/13737] ✓ 2318c02 = 7.0g
[01:06:07] [1835/13737] ✓ 2318c03 = 7.0g
[01:06:13] [1836/13737] ✗ 23194 - Bricklink 上不存在该零件
[01:06:20] [1837/13737] ✓ 2319c01 = 11.29g
[01:06:26] [1838/13737] ✗ 2320 - Bricklink 上不存在该零件
[01:06:31] [1839/13737] ✓ 23203 = 2.8g
[01:06:38] [1840/13737] ✓ 23204 = 2.3g
[01:06:38] 进度 1840/13737 (13.4%) | 成功 1128 失败 712 | 成功率 61.3% | 平均 8.8s/个 | 剩余 1.2d
[01:06:45] [1841/13737] ✓ 2322 = 14.0g
[01:06:53] [1842/13737] ✗ 23221 - Bricklink 上不存在该零件
[01:06:57] [1843/13737] ✓ 23229 = 1.0g
[01:07:02] [1844/13737] ✓ 23233 = 18.0g
[01:07:09] [1845/13737] ✓ 2324 = 31.0g
[01:07:14] [1846/13737] ✗ 23241 - 未在页面中找到重量数据
[01:07:19] [1847/13737] ✓ 2325 = 25.1g
[01:07:27] [1848/13737] ✓ 23259 = 2.48g
[01:07:33] [1849/13737] ✓ 23260 = 2.0g
[01:07:40] [1850/13737] ✓ 23263 = 1.0g
[01:07:40] 进度 1850/13737 (13.5%) | 成功 1136 失败 714 | 成功率 61.4% | 平均 8.8s/个 | 剩余 1.2d
[01:07:54] [1851/13737] ✗ 23265 - Bricklink 上不存在该零件
[01:08:03] [1852/13737] ✓ 23267 = 31.0g
[01:08:07] [1853/13737] ✓ 23268 = 0.5g
[01:08:14] [1854/13737] ✗ 23306 - Bricklink 上不存在该零件
[01:08:21] [1855/13737] ✗ 23319c01 - Bricklink 上不存在该零件
[01:08:26] [1856/13737] ✓ 2332 = 23.0g
[01:08:38] [1857/13737] ✓ 23323c01 = 165.5g
[01:08:45] [1858/13737] ✓ 23325 = 6.9g
[01:08:50] [1859/13737] ✓ 2332b = 28.0g
[01:09:02] [1860/13737] ✓ 23335c01 = 85.0g
[01:09:02] 进度 1860/13737 (13.5%) | 成功 1143 失败 717 | 成功率 61.5% | 平均 8.8s/个 | 剩余 1.2d
[01:09:09] [1861/13737] ✓ 2335 = 0.62g
[01:09:16] [1862/13737] ✗ 23352 - Bricklink 上不存在该零件
[01:09:28] [1863/13737] ✓ 2336 = 3.66g
[01:09:34] [1864/13737] ✓ 2337 = 4.22g
[01:09:41] [1865/13737] ✓ 2338 = 1.0g
[01:09:48] [1866/13737] ✓ 2339 = 2.22g
[01:10:01] [1867/13737] ✓ 2340 = 1.64g
[01:10:07] [1868/13737] ✓ 23405 = 5.9g
[01:10:25] [1869/13737] ✓ 2341 = 0.96g
[01:10:32] [1870/13737] ✗ 2341Mx - Bricklink 上不存在该零件
[01:10:32] 进度 1870/13737 (13.6%) | 成功 1151 失败 719 | 成功率 61.6% | 平均 8.8s/个 | 剩余 1.2d
[01:10:43] [1871/13737] ✓ 2342 = 1.0g
[01:10:55] [1872/13737] ✓ 23421 = 2.9g
[01:11:01] [1873/13737] ✓ 23422 = 0.5g
[01:11:09] [1874/13737] ✓ 2343 = 0.26g
[01:11:16] [1875/13737] ✓ 2344 = 0.35g
[01:11:21] [1876/13737] ✓ 23443 = 0.28g
[01:11:27] [1877/13737] ✓ 23444 = 1.19g
[01:11:35] [1878/13737] ✓ 23447 = 3.3g
[01:11:41] [1879/13737] ✓ 23448 = 5.43g
[01:11:49] [1880/13737] ✓ 2345 = 4.95g
[01:11:49] 进度 1880/13737 (13.7%) | 成功 1161 失败 719 | 成功率 61.8% | 平均 8.8s/个 | 剩余 1.2d
[01:11:54] [1881/13737] ✓ 2346 = 3.88g
[01:11:58] [1882/13737] ✓ 2347 = 4.41g
[01:12:07] [1883/13737] ✓ 2348a = 0.4g
[01:12:17] [1884/13737] ✓ 2348b = 0.41g
[01:12:24] [1885/13737] ✗ 2349a - Bricklink 上不存在该零件
[01:12:31] [1886/13737] ✗ 2349b - Bricklink 上不存在该零件
[01:12:37] [1887/13737] ✓ 2350a = 5.82g
[01:12:43] [1888/13737] ✓ 2350b = 5.9g
[01:12:52] [1889/13737] ✓ 2350c = 6.8g
[01:13:02] [1890/13737] ✗ 2350d - Bricklink 上不存在该零件
[01:13:02] 进度 1890/13737 (13.8%) | 成功 1168 失败 722 | 成功率 61.8% | 平均 8.8s/个 | 剩余 1.2d
[01:13:07] [1891/13737] ✓ 2351 = 4.12g
[01:13:13] [1892/13737] ✗ 2351Mx - Bricklink 上不存在该零件
[01:13:20] [1893/13737] ✓ 2352a = 3.0g
[01:13:27] [1894/13737] ✓ 2352b = 3.0g
[01:13:33] [1895/13737] ✓ 2354 = 14.3g
[01:13:43] [1896/13737] ✓ 2356 = 6.3g
[01:14:07] [1897/13737] ✓ 2357 = 1.25g
[01:14:13] [1898/13737] ✗ 2361Mx - Bricklink 上不存在该零件
[01:14:21] [1899/13737] ✓ 2362a = 1.3g
[01:14:30] [1900/13737] ✓ 2362b = 1.3g
[01:14:30] 进度 1900/13737 (13.8%) | 成功 1176 失败 724 | 成功率 61.9% | 平均 8.8s/个 | 剩余 1.2d
[01:14:36] [1901/13737] ✓ 2366c01 = 178.0g
[01:14:44] [1902/13737] ✗ 236ac01 - Bricklink 上不存在该零件
[01:14:52] [1903/13737] ✗ 236bc96 - Bricklink 上不存在该零件
[01:14:58] [1904/13737] ✗ 2371 - Bricklink 上不存在该零件
[01:15:05] [1905/13737] ✓ 23714 = 0.4g
[01:15:11] [1906/13737] ✓ 23715a = 0.31g
[01:15:15] [1907/13737] ✓ 23715b = 0.17g
[01:15:23] [1908/13737] ✓ 2372c01 = 115.0g
[01:15:28] [1909/13737] ✓ 23738c01 = 50.8g
[01:15:39] [1910/13737] ✓ 2374 = 27.0g
[01:15:39] 进度 1910/13737 (13.9%) | 成功 1183 失败 727 | 成功率 61.9% | 平均 8.8s/个 | 剩余 1.2d
[01:15:45] [1911/13737] ✓ 23742 = 13.23g
[01:15:51] [1912/13737] ✓ 2375 = 1.07g
[01:15:59] [1913/13737] ✓ 2376 = 0.49g
[01:16:06] [1914/13737] ✓ 23769 = 0.32g
[01:16:14] [1915/13737] ✓ 2377 = 0.62g
[01:16:19] [1916/13737] ✓ 2377c01 = 1.1g
[01:16:25] [1917/13737] ✗ 23786 - Bricklink 上不存在该零件
[01:16:33] [1918/13737] ✓ 23798 = 64.0g
[01:16:40] [1919/13737] ✓ 23799 = 38.0g
[01:16:52] [1920/13737] ✓ 23800 = 20.0g
[01:16:52] 进度 1920/13737 (14.0%) | 成功 1192 失败 728 | 成功率 62.1% | 平均 8.7s/个 | 剩余 1.2d
[01:17:00] [1921/13737] ✓ 23801 = 2.99g
[01:17:12] [1922/13737] ✓ 2383 = 1.1g
[01:17:18] [1923/13737] ✗ 2384 - Bricklink 上不存在该零件
[01:17:22] [1924/13737] ✓ 23851 = 0.21g
[01:17:27] [1925/13737] ✓ 23860 = 0.28g
[01:17:33] [1926/13737] ✓ 23861 = 0.81g
[01:17:49] [1927/13737] ✓ 2387 = 0.71g
[01:17:55] [1928/13737] ✓ 2388 = 31.82g
[01:18:07] [1929/13737] ✓ 2389 = 0.71g
[01:18:14] [1930/13737] ✓ 2390 = 4.07g
[01:18:14] 进度 1930/13737 (14.0%) | 成功 1201 失败 729 | 成功率 62.2% | 平均 8.7s/个 | 剩余 1.2d
[01:18:19] [1931/13737] ✓ 23901 = 0.02g
[01:18:28] [1932/13737] ✓ 2391 = 2.0g
[01:18:34] [1933/13737] ✓ 2392 = 55.6g
[01:18:40] [1934/13737] ✓ 23922 = 0.8g
[01:18:47] [1935/13737] ✗ 23924 - Bricklink 上不存在该零件
[01:18:54] [1936/13737] ✓ 23925 = 8.0g
[01:19:04] [1937/13737] ✓ 23927 = 21.9g
[01:19:11] [1938/13737] ✓ 2393 = 0.93g
[01:19:17] [1939/13737] ✓ 23930 = 2.5g
[01:19:23] [1940/13737] ✓ 23948 = 1.65g
[01:19:23] 进度 1940/13737 (14.1%) | 成功 1210 失败 730 | 成功率 62.4% | 平均 8.7s/个 | 剩余 1.2d
[01:19:31] [1941/13737] ✓ 23949 = 2.9g
[01:19:38] [1942/13737] ✓ 2395 = 1.07g
[01:19:46] [1943/13737] ✓ 23950 = 0.7g
[01:19:51] [1944/13737] ✓ 23955 = 0.93g
[01:20:09] [1945/13737] ✓ 23969 = 0.65g
[01:20:18] [1946/13737] ✓ 2397 = 2.17g
[01:20:26] [1947/13737] ✗ 23974 - Bricklink 上不存在该零件
[01:20:33] [1948/13737] ✓ 23983 = 0.37g
[01:20:43] [1949/13737] ✓ 23984 = 0.45g
[01:20:49] [1950/13737] ✓ 23985 = 0.53g
[01:20:49] 进度 1950/13737 (14.2%) | 成功 1219 失败 731 | 成功率 62.5% | 平均 8.7s/个 | 剩余 1.2d
[01:20:59] [1951/13737] ✓ 23986 = 0.68g
[01:21:13] [1952/13737] ✓ 23988 = 0.05g
[01:21:19] [1953/13737] ✓ 23989 = 4.85g
[01:21:25] [1954/13737] ✓ 2399 = 3.04g
[01:21:50] [1955/13737] ✓ 23990 = 8.4g
[01:22:00] [1956/13737] ✓ 23991 = 24.3g
[01:22:07] [1957/13737] ✓ 23996 = 18.9g
[01:22:15] [1958/13737] ✓ 23997 = 71.7g
[01:22:19] [1959/13737] ✓ 23998 = 92.1g
[01:22:25] [1960/13737] ✗ 23999c01 - Bricklink 上不存在该零件
[01:22:25] 进度 1960/13737 (14.3%) | 成功 1228 失败 732 | 成功率 62.7% | 平均 8.7s/个 | 剩余 1.2d
[01:22:33] [1961/13737] ✓ 2400 = 4.55g
[01:22:38] [1962/13737] ✓ 2401 = 8.7g
[01:22:43] [1963/13737] ✓ 24010 = 5.25g
[01:22:48] [1964/13737] ✓ 24014 = 0.7g
[01:22:54] [1965/13737] ✗ 2401A - Bricklink 上不存在该零件
[01:23:05] [1966/13737] ✗ 2401B - Bricklink 上不存在该零件
[01:23:12] [1967/13737] ✗ 2401C - Bricklink 上不存在该零件
[01:23:19] [1968/13737] ✗ 2402A - Bricklink 上不存在该零件
[01:23:26] [1969/13737] ✗ 2402B - Bricklink 上不存在该零件
[01:23:35] [1970/13737] ✗ 2402C - Bricklink 上不存在该零件
[01:23:35] 进度 1970/13737 (14.3%) | 成功 1232 失败 738 | 成功率 62.5% | 平均 8.7s/个 | 剩余 1.2d
[01:23:46] [1971/13737] ✓ 2403 = 1.07g
[01:23:53] [1972/13737] ✗ 2403A - Bricklink 上不存在该零件
[01:23:59] [1973/13737] ✗ 2403B - Bricklink 上不存在该零件
[01:24:07] [1974/13737] ✗ 2403C - Bricklink 上不存在该零件
[01:24:14] [1975/13737] ✓ 2405 = 0.57g
[01:24:21] [1976/13737] ✓ 24054 = 3.6g
[01:24:26] [1977/13737] ✓ 24055 = 7.9g
[01:24:36] [1978/13737] ✗ 2406A - Bricklink 上不存在该零件
[01:24:45] [1979/13737] ✗ 2406B - Bricklink 上不存在该零件
[01:24:56] [1980/13737] ✗ 2406C - Bricklink 上不存在该零件
[01:24:56] 进度 1980/13737 (14.4%) | 成功 1236 失败 744 | 成功率 62.4% | 平均 8.7s/个 | 剩余 1.2d
[01:25:03] [1981/13737] ✓ 24072 = 0.7g
[01:25:10] [1982/13737] ✓ 24073 = 0.34g
[01:25:16] [1983/13737] ✓ 24074 = 0.39g
[01:25:26] [1984/13737] ✓ 24077 = 0.39g
[01:25:31] [1985/13737] ✓ 24078 = 0.66g
[01:25:38] [1986/13737] ✓ 2408 = 16.0g
[01:25:46] [1987/13737] ✓ 24080 = 0.6g
[01:25:52] [1988/13737] ✓ 24084 = 0.38g
[01:26:00] [1989/13737] ✓ 24085 = 0.88g
[01:26:05] [1990/13737] ✓ 24086 = 1.07g
[01:26:05] 进度 1990/13737 (14.5%) | 成功 1246 失败 744 | 成功率 62.6% | 平均 8.7s/个 | 剩余 1.2d
[01:26:10] [1991/13737] ✓ 24087 = 1.02g
[01:26:16] [1992/13737] ✓ 24088 = 0.91g
[01:26:23] [1993/13737] ✓ 2409 = 35.42g
[01:26:31] [1994/13737] ✓ 24093 = 0.57g
[01:26:38] [1995/13737] ✗ 24101c01 - Bricklink 上不存在该零件
[01:26:45] [1996/13737] ✗ 24101c02 - Bricklink 上不存在该零件
[01:26:55] [1997/13737] ✗ 24104c01 - Bricklink 上不存在该零件
[01:27:05] [1998/13737] ✗ 24104c02 - Bricklink 上不存在该零件
[01:27:31] [1999/13737] ✓ 24108 = 1.13g
[01:27:37] [2000/13737] ✓ 24116 = 2.68g
[01:27:37] 进度 2000/13737 (14.6%) | 成功 1252 失败 748 | 成功率 62.6% | 平均 8.7s/个 | 剩余 1.2d
[01:27:42] [2001/13737] ✓ 24118 = 5.9g
[01:27:51] [2002/13737] ✓ 24119 = 4.15g
[01:27:57] [2003/13737] ✓ 24120 = 9.5g
[01:28:03] [2004/13737] ✓ 24121 = 8.45g
[01:28:10] [2005/13737] ✓ 24122 = 0.38g
[01:28:17] [2006/13737] ✓ 24123 = 5.55g
[01:28:23] [2007/13737] ✓ 24124 = 6.08g
[01:28:31] [2008/13737] ✓ 2412a = 0.21g
[01:29:01] [2009/13737] ✓ 2412b = 0.23g
[01:29:09] [2010/13737] ✓ 2413 = 4.86g
[01:29:09] 进度 2010/13737 (14.6%) | 成功 1262 失败 748 | 成功率 62.8% | 平均 8.7s/个 | 剩余 1.2d
[01:29:14] [2011/13737] ✓ 24130 = 3.3g
[01:29:22] [2012/13737] ✓ 24131 = 0.17g
[01:29:28] [2013/13737] ✓ 24132 = 3.2g
[01:29:38] [2014/13737] ✓ 24135 = 0.15g
[01:29:43] [2015/13737] ✓ 24144 = 0.73g
[01:29:51] [2016/13737] ✓ 2415 = 0.67g
[01:29:57] [2017/13737] ✓ 24151 = 2.8g
[01:30:03] [2018/13737] ✗ 24157 - Bricklink 上不存在该零件
[01:30:13] [2019/13737] ✓ 2417 = 1.07g
[01:30:20] [2020/13737] ✓ 24179 = 27.0g
[01:30:20] 进度 2020/13737 (14.7%) | 成功 1271 失败 749 | 成功率 62.9% | 平均 8.7s/个 | 剩余 1.2d
[01:30:26] [2021/13737] ✓ 24180 = 27.0g
[01:30:32] [2022/13737] ✓ 24181 = 11.0g
[01:30:38] [2023/13737] ✓ 24183 = 0.4g
[01:30:46] [2024/13737] ✓ 24184 = 0.16g
[01:30:53] [2025/13737] ✗ 24186 - Bricklink 上不存在该零件
[01:31:00] [2026/13737] ✓ 24187 = 1.1g
[01:31:07] [2027/13737] ✓ 24188 = 3.6g
[01:31:13] [2028/13737] ✓ 24189 = 3.1g
[01:31:20] [2029/13737] ✓ 2418a = 5.34g
[01:31:26] [2030/13737] ✓ 2418b = 5.6g
[01:31:26] 进度 2030/13737 (14.8%) | 成功 1280 失败 750 | 成功率 63.1% | 平均 8.7s/个 | 剩余 1.2d
[01:31:34] [2031/13737] ✓ 2419 = 1.95g
[01:31:41] [2032/13737] ✓ 24190 = 5.4g
[01:31:47] [2033/13737] ✓ 24191 = 3.8g
[01:31:53] [2034/13737] ✓ 24192 = 3.4g
[01:32:01] [2035/13737] ✗ 24198 - Bricklink 上不存在该零件
[01:32:09] [2036/13737] ✓ 24199 = 2.26g
[01:32:21] [2037/13737] ✓ 2420 = 0.54g
[01:32:28] [2038/13737] ✓ 24201 = 0.36g
[01:32:35] [2039/13737] ✓ 24204 = 1.62g
[01:32:42] [2040/13737] ✓ 2421 = 0.41g
[01:32:42] 进度 2040/13737 (14.9%) | 成功 1289 失败 751 | 成功率 63.2% | 平均 8.7s/个 | 剩余 1.2d
[01:32:48] [2041/13737] ✓ 24217 = 1.0g
[01:32:53] [2042/13737] ✓ 2422 = 1.24g
[01:33:02] [2043/13737] ✓ 24226c01 = 3.8g
[01:33:13] [2044/13737] ✓ 2423 = 0.44g
[01:33:22] [2045/13737] ✓ 24232 = 4.42g
[01:33:26] [2046/13737] ✓ 24235c01 = 3.8g
[01:33:32] [2047/13737] ✓ 2424 = 2.61g
[01:33:38] [2048/13737] ✗ 24240 - Bricklink 上不存在该零件
[01:33:59] [2049/13737] ✓ 24246 = 0.13g
[01:34:04] [2050/13737] ✓ 24248 = 10.6g
[01:34:04] 进度 2050/13737 (14.9%) | 成功 1298 失败 752 | 成功率 63.3% | 平均 8.7s/个 | 剩余 1.2d
[01:34:12] [2051/13737] ✗ 24250 - Bricklink 上不存在该零件
[01:34:20] [2052/13737] ✓ 2426c01 = 5.5g
[01:34:29] [2053/13737] ✓ 2428 = 5.94g
[01:34:41] [2054/13737] ✓ 2429 = 0.35g
[01:34:51] [2055/13737] ✓ 24299 = 0.44g
[01:35:10] [2056/13737] ✗ 242c01 - Bricklink 上不存在该零件
[01:35:19] [2057/13737] ✓ 2430 = 0.42g
[01:35:28] [2058/13737] ✓ 24307 = 0.44g
[01:35:40] [2059/13737] ✓ 24308 = 1.85g
[01:35:47] [2060/13737] ✓ 24308a = 0.25g
[01:35:47] 进度 2060/13737 (15.0%) | 成功 1306 失败 754 | 成功率 63.4% | 平均 8.7s/个 | 剩余 1.2d
[01:35:52] [2061/13737] ✓ 24308b = 0.25g
[01:36:02] [2062/13737] ✓ 24309 = 1.21g
[01:36:16] [2063/13737] ✓ 2431 = 0.54g
[01:36:23] [2064/13737] ✓ 24312 = 2.06g
[01:36:31] [2065/13737] ✗ 24314c01 - Bricklink 上不存在该零件
[01:36:38] [2066/13737] ✗ 24314c02 - Bricklink 上不存在该零件
[01:36:44] [2067/13737] ✗ 24315 - Bricklink 上不存在该零件
[01:36:50] [2068/13737] ✓ 24316 = 0.45g
[01:36:56] [2069/13737] ✓ 2432 = 0.58g
[01:37:04] [2070/13737] ✓ 24324 = 0.76g
[01:37:04] 进度 2070/13737 (15.1%) | 成功 1313 失败 757 | 成功率 63.4% | 平均 8.7s/个 | 剩余 1.2d
[01:37:10] [2071/13737] ✓ 24326 = 2.2g
[01:37:18] [2072/13737] ✓ 2433 = 0.28g
[01:37:24] [2073/13737] ✓ 2434 = 4.96g
[01:37:28] [2074/13737] ✓ 2435 = 2.76g
[01:37:38] [2075/13737] ✓ 2436 = 0.93g
[01:37:59] [2076/13737] ✓ 2437 = 2.26g
[01:38:04] [2077/13737] ✓ 24375 = 0.1g
[01:38:10] [2078/13737] ✓ 2438 = 3.36g
[01:38:20] [2079/13737] ✓ 2439 = 1.31g
[01:38:27] [2080/13737] ✗ 24394c00 - Bricklink 上不存在该零件
[01:38:27] 进度 2080/13737 (15.1%) | 成功 1322 失败 758 | 成功率 63.6% | 平均 8.7s/个 | 剩余 1.2d
[01:38:34] [2081/13737] ✓ 2440 = 2.15g
[01:39:01] [2082/13737] ✓ 2441 = 4.21g
[01:39:07] [2083/13737] ✓ 24417 = 15.1g
[01:39:12] [2084/13737] ✓ 2442 = 3.36g
[01:39:18] [2085/13737] ✓ 2443 = 3.0g
[01:39:24] [2086/13737] ✓ 2444 = 0.81g
[01:39:32] [2087/13737] ✓ 24445 = 0.38g
[01:39:41] [2088/13737] ✓ 2445 = 3.5g
[01:39:52] [2089/13737] ✓ 2446 = 0.52g
[01:39:59] [2090/13737] ✓ 2447 = 0.16g
[01:39:59] 进度 2090/13737 (15.2%) | 成功 1332 失败 758 | 成功率 63.7% | 平均 8.7s/个 | 剩余 1.2d
[01:40:03] [2091/13737] ✓ 2448 = 2.5g
[01:40:10] [2092/13737] ✓ 24482 = 0.15g
[01:40:20] [2093/13737] ✓ 2449 = 1.88g
[01:40:26] [2094/13737] ✗ 24496 - Bricklink 上不存在该零件
[01:40:46] [2095/13737] ✓ 2450 = 1.08g
[01:40:54] [2096/13737] ✓ 24504 = 0.12g
[01:41:01] [2097/13737] ✓ 2452 = 0.61g
[01:41:09] [2098/13737] ✓ 2453a = 2.13g
[01:41:18] [2099/13737] ✓ 2453b = 2.13g
[01:41:26] [2100/13737] ✗ 2454a - Bricklink 上不存在该零件
[01:41:26] 进度 2100/13737 (15.3%) | 成功 1340 失败 760 | 成功率 63.8% | 平均 8.7s/个 | 剩余 1.2d
[01:41:33] [2101/13737] ✗ 2454b - Bricklink 上不存在该零件
[01:41:45] [2102/13737] ✓ 2456 = 3.74g
[01:41:53] [2103/13737] ✓ 2457 = 1.04g
[01:42:01] [2104/13737] ✓ 2458 = 1.09g
[01:42:06] [2105/13737] ✓ 24586 = 0.92g
[01:42:11] [2106/13737] ✓ 24588 = 1.01g
[01:42:16] [2107/13737] ✓ 2459 = 2.85g
[01:42:29] [2108/13737] ✓ 24593 = 2.3g
[01:42:42] [2109/13737] ✓ 24599 = 4.0g
[01:42:48] [2110/13737] ✓ 2460 = 0.98g
[01:42:48] 进度 2110/13737 (15.4%) | 成功 1349 失败 761 | 成功率 63.9% | 平均 8.7s/个 | 剩余 1.2d
[01:42:56] [2111/13737] ✓ 24607 = 7.0g
[01:43:04] [2112/13737] ✓ 2462 = 1.46g
[01:43:11] [2113/13737] ✓ 2463 = 2.12g
[01:43:17] [2114/13737] ✓ 24634 = 0.42g
[01:43:23] [2115/13737] ✓ 24636 = 0.72g
[01:43:29] [2116/13737] ✓ 2464 = 2.25g
[01:43:37] [2117/13737] ✓ 2465 = 6.2g
[01:43:43] [2118/13737] ✓ 2466 = 2.84g
[01:43:53] [2119/13737] ✓ 2467 = 5.07g
[01:44:03] [2120/13737] ✗ 24673 - Bricklink 上不存在该零件
[01:44:03] 进度 2120/13737 (15.4%) | 成功 1358 失败 762 | 成功率 64.1% | 平均 8.7s/个 | 剩余 1.2d
[01:44:13] [2121/13737] ✓ 2468 = 3.52g
[01:44:19] [2122/13737] ✓ 24699 = 0.16g
[01:44:31] [2123/13737] ✓ 2470 = 1.08g
[01:44:48] [2124/13737] ✓ 2471 = 1.5g
[01:44:53] [2125/13737] ✓ 24715 = 0.08g
[01:44:57] [2126/13737] ✓ 24721 = 0.07g
[01:45:03] [2127/13737] ✗ 24724 - Bricklink 上不存在该零件
[01:45:11] [2128/13737] ✗ 24725 - Bricklink 上不存在该零件
[01:45:18] [2129/13737] ✓ 2473 = 0.78g
[01:45:22] [2130/13737] ✓ 2474 = 0.7g
[01:45:22] 进度 2130/13737 (15.5%) | 成功 1366 失败 764 | 成功率 64.1% | 平均 8.7s/个 | 剩余 1.2d
[01:45:27] [2131/13737] ✓ 24742 = 0.3g
[01:45:34] [2132/13737] ✓ 2475 = 2.6g
[01:45:41] [2133/13737] ✗ 2476a - Bricklink 上不存在该零件
[01:45:47] [2134/13737] ✓ 2476b = 0.95g
[01:45:52] [2135/13737] ✓ 2477 = 1.68g
[01:46:00] [2136/13737] ✓ 24779 = 0.26g
[01:46:08] [2137/13737] ✓ 24782 = 0.75g
[01:46:13] [2138/13737] ✓ 24787 = 1.17g
[01:46:18] [2139/13737] ✓ 2479 = 1.6g
[01:46:22] [2140/13737] ✓ 24791 = 0.32g
[01:46:22] 进度 2140/13737 (15.6%) | 成功 1375 失败 765 | 成功率 64.3% | 平均 8.7s/个 | 剩余 1.2d
[01:46:28] [2141/13737] ✓ 24792 = 0.76g
[01:46:33] [2142/13737] ✓ 24793 = 4.55g
[01:46:40] [2143/13737] ✓ 24794 = 2.32g
[01:46:44] [2144/13737] ✓ 24806 = 5.4g
[01:46:51] [2145/13737] ✓ 24807 = 3.5g
[01:46:57] [2146/13737] ✓ 2483 = 4.73g
[01:47:04] [2147/13737] ✓ 2484c01 = 1.5g
[01:47:11] [2148/13737] ✓ 24855 = 0.16g
[01:47:17] [2149/13737] ✓ 2486 = 1.4g
[01:47:37] [2150/13737] ✓ 24866 = 0.09g
[01:47:37] 进度 2150/13737 (15.7%) | 成功 1385 失败 765 | 成功率 64.4% | 平均 8.7s/个 | 剩余 1.2d
[01:47:43] [2151/13737] ✓ 24869 = 0.73g
[01:47:47] [2152/13737] ✓ 24876 = 14.7g
[01:47:52] [2153/13737] ✓ 2488 = 0.49g
[01:47:59] [2154/13737] ✓ 2489 = 1.7g
[01:48:07] [2155/13737] ✓ 24890 = 2.18g
[01:48:13] [2156/13737] ✓ 2490 = 5.0g
[01:48:19] [2157/13737] ✓ 24900 = 7.35g
[01:48:31] [2158/13737] ✓ 24902 = 1.57g
[01:48:37] [2159/13737] ✓ 2491 = 30.8g
[01:48:42] [2160/13737] ✗ 24911c01 - Bricklink 上不存在该零件
[01:48:42] 进度 2160/13737 (15.7%) | 成功 1394 失败 766 | 成功率 64.5% | 平均 8.7s/个 | 剩余 1.2d
[01:48:50] [2161/13737] ✗ 24911c02 - Bricklink 上不存在该零件
[01:48:59] [2162/13737] ✗ 24911c03 - Bricklink 上不存在该零件
[01:49:06] [2163/13737] ✗ 24911c04 - Bricklink 上不存在该零件
[01:49:13] [2164/13737] ✗ 24911c05 - Bricklink 上不存在该零件
[01:49:19] [2165/13737] ✓ 2493a = 2.34g
[01:49:29] [2166/13737] ✓ 2493b = 2.3g
[01:49:37] [2167/13737] ✓ 2493c01 = 4.84g
[01:49:42] [2168/13737] ✓ 2493c02 = 4.84g
[01:49:50] [2169/13737] ✓ 2494 = 2.19g
[01:50:13] [2170/13737] ✓ 24946 = 0.53g
[01:50:13] 进度 2170/13737 (15.8%) | 成功 1400 失败 770 | 成功率 64.5% | 平均 8.7s/个 | 剩余 1.2d
[01:50:19] [2171/13737] ✓ 24947 = 1.1g
[01:50:25] [2172/13737] ✓ 2495 = 1.58g
[01:50:31] [2173/13737] ✓ 24954 = 5.88g
[01:50:35] [2174/13737] ✓ 24955 = 4.0g
[01:50:41] [2175/13737] ✓ 2496 = 0.3g
[01:50:46] [2176/13737] ✓ 2497 = 0.74g
[01:50:52] [2177/13737] ✓ 2498 = 0.8g
[01:50:58] [2178/13737] ✗ 250 - Bricklink 上不存在该零件
[01:51:05] [2179/13737] ✓ 2500c01 = 4.39g
[01:51:13] [2180/13737] ✓ 2502 = 6.52g
[01:51:13] 进度 2180/13737 (15.9%) | 成功 1409 失败 771 | 成功率 64.6% | 平均 8.6s/个 | 剩余 1.2d
[01:51:20] [2181/13737] ✓ 25059 = 6.92g
[01:51:26] [2182/13737] ✓ 25061 = 7.62g
[01:51:31] [2183/13737] ✓ 2507 = 6.94g
[01:51:37] [2184/13737] ✓ 2508 = 0.91g
[01:51:44] [2185/13737] ✗ 25081c01 - Bricklink 上不存在该零件
[01:51:52] [2186/13737] ✗ 25081c02 - Bricklink 上不存在该零件
[01:51:58] [2187/13737] ✗ 25081c03 - Bricklink 上不存在该零件
[01:52:05] [2188/13737] ✗ 25081c04 - Bricklink 上不存在该零件
[01:52:10] [2189/13737] ✓ 25086 = 16.75g
[01:52:15] [2190/13737] ✓ 2509 = 4.5g
[01:52:15] 进度 2190/13737 (15.9%) | 成功 1415 失败 775 | 成功率 64.6% | 平均 8.6s/个 | 剩余 1.2d
[01:52:22] [2191/13737] ✓ 251 = 0.46g
[01:52:26] [2192/13737] ✓ 25110 = 0.92g
[01:52:30] [2193/13737] ✓ 25111 = 0.23g
[01:52:36] [2194/13737] ✓ 2512 = 3.8g
[01:52:41] [2195/13737] ✗ 25128 - Bricklink 上不存在该零件
[01:52:46] [2196/13737] ✗ 25128c01 - Bricklink 上不存在该零件
[01:52:52] [2197/13737] ✗ 25128c02 - Bricklink 上不存在该零件
[01:52:57] [2198/13737] ✓ 2513 = 2.14g
[01:53:02] [2199/13737] ✓ 2514 = 0.5g
[01:53:10] [2200/13737] ✗ 2514c01 - Bricklink 上不存在该零件
[01:53:10] 进度 2200/13737 (16.0%) | 成功 1421 失败 779 | 成功率 64.6% | 平均 8.6s/个 | 剩余 1.2d
[01:53:17] [2201/13737] ✓ 2515 = 20.01g
[01:53:24] [2202/13737] ✓ 2516 = 0.72g
[01:53:31] [2203/13737] ✗ 25167 - Bricklink 上不存在该零件
[01:53:37] [2204/13737] ✓ 2517 = 1.27g
[01:53:43] [2205/13737] ✓ 2518 = 1.86g
[01:53:51] [2206/13737] ✓ 25195 = 2.01g
[01:53:56] [2207/13737] ✓ 25214 = 0.68g
[01:54:03] [2208/13737] ✗ 25234 - 未在页面中找到重量数据
[01:54:10] [2209/13737] ✓ 2524 = 0.73g
[01:54:16] [2210/13737] ✓ 2525 = 3.0g
[01:54:16] 进度 2210/13737 (16.1%) | 成功 1429 失败 781 | 成功率 64.7% | 平均 8.6s/个 | 剩余 1.1d
[01:54:23] [2211/13737] ✓ 2526 = 0.17g
[01:54:30] [2212/13737] ✓ 25264 = 0.12g
[01:54:41] [2213/13737] ✓ 25269 = 0.1g
[01:54:48] [2214/13737] ✓ 2527 = 1.88g
[01:54:52] [2215/13737] ✓ 25279 = 4.32g
[01:55:16] [2216/13737] ✓ 2528 = 0.54g
[01:55:27] [2217/13737] ✓ 2529 = 0.4g
[01:55:36] [2218/13737] ✓ 2530 = 0.16g
[01:55:50] [2219/13737] ✓ 2531 = 0.08g
[01:55:57] [2220/13737] ✗ 25342 - Bricklink 上不存在该零件
[01:55:57] 进度 2220/13737 (16.2%) | 成功 1438 失败 782 | 成功率 64.8% | 平均 8.6s/个 | 剩余 1.1d
[01:56:04] [2221/13737] ✗ 25343 - Bricklink 上不存在该零件
[01:56:20] [2222/13737] ✓ 25348a = 3.13g
[01:56:26] [2223/13737] ✗ 25348b - Bricklink 上不存在该零件
[01:56:38] [2224/13737] ✗ 25348c01 - Bricklink 上不存在该零件
[01:56:48] [2225/13737] ✗ 2536 - Bricklink 上不存在该零件
[01:57:00] [2226/13737] ✓ 2536a = 0.87g
[01:57:10] [2227/13737] ✓ 2536b = 0.82g
[01:57:17] [2228/13737] ✓ 2536c = 0.68g
[01:57:23] [2229/13737] ✓ 2536e = 0.93g
[01:57:29] [2230/13737] ✓ 25375 = 0.28g
[01:57:29] 进度 2230/13737 (16.2%) | 成功 1444 失败 786 | 成功率 64.8% | 平均 8.6s/个 | 剩余 1.1d
[01:57:34] [2231/13737] ✓ 25376 = 0.22g
[01:57:40] [2232/13737] ✓ 25378 = 0.65g
[01:57:45] [2233/13737] ✓ 25379 = 0.3g
[01:57:50] [2234/13737] ✓ 2537a = 9.35g
[01:57:55] [2235/13737] ✓ 2537b = 9.58g
[01:58:01] [2236/13737] ✗ 2538 - Bricklink 上不存在该零件
[01:58:08] [2237/13737] ✓ 25380 = 7.04g
[01:58:15] [2238/13737] ✓ 25386 = 0.3g
[01:58:25] [2239/13737] ✓ 2538a = 5.85g
[01:58:30] [2240/13737] ✓ 2538b = 5.5g
[01:58:30] 进度 2240/13737 (16.3%) | 成功 1453 失败 787 | 成功率 64.9% | 平均 8.6s/个 | 剩余 1.1d
[01:58:35] [2241/13737] ✓ 2539 = 3.5g
[01:58:41] [2242/13737] ✓ 2540 = 0.63g
[01:58:47] [2243/13737] ✓ 25405 = 1.02g
[01:58:54] [2244/13737] ✓ 25409 = 0.65g
[01:59:02] [2245/13737] ✓ 2541 = 6.74g
[01:59:08] [2246/13737] ✓ 25411 = 0.92g
[01:59:15] [2247/13737] ✓ 25412 = 0.67g
[01:59:21] [2248/13737] ✓ 2542 = 0.38g
[01:59:29] [2249/13737] ✗ 2543 - Bricklink 上不存在该零件
[01:59:34] [2250/13737] ✓ 2544 = 0.8g
[01:59:34] 进度 2250/13737 (16.4%) | 成功 1462 失败 788 | 成功率 65.0% | 平均 8.6s/个 | 剩余 1.1d
[01:59:59] [2251/13737] ✓ 25440 = 0.17g
[02:00:11] [2252/13737] ✓ 2545 = 0.55g
[02:00:16] [2253/13737] ✓ 2546 = 0.85g
[02:00:22] [2254/13737] ✓ 2547 = 8.0g
[02:00:29] [2255/13737] ✗ 2547a - Bricklink 上不存在该零件
[02:00:36] [2256/13737] ✓ 2548 = 2.0g
[02:00:42] [2257/13737] ✓ 2549 = 8.82g
[02:00:48] [2258/13737] ✓ 2550 = 1.0g
[02:00:53] [2259/13737] ✓ 25505 = 0.08g
[02:01:01] [2260/13737] ✓ 25508 = 0.07g
[02:01:01] 进度 2260/13737 (16.5%) | 成功 1471 失败 789 | 成功率 65.1% | 平均 8.6s/个 | 剩余 1.1d
[02:01:08] [2261/13737] ✓ 2550c01 = 2.32g
[02:01:15] [2262/13737] ✓ 2550c02 = 2.32g
[02:01:21] [2263/13737] ✓ 2551 = 15.0g
[02:01:26] [2264/13737] ✓ 25511 = 0.12g
[02:01:32] [2265/13737] ✓ 25514 = 0.12g
[02:01:39] [2266/13737] ✓ 25516 = 0.19g
[02:01:45] [2267/13737] ✓ 2552 = 128.0g
[02:01:51] [2268/13737] ✓ 25528 = 3.3g
[02:01:57] [2269/13737] ✓ 2553 = 1.24g
[02:02:05] [2270/13737] ✗ 25532 - Bricklink 上不存在该零件
[02:02:05] 进度 2270/13737 (16.5%) | 成功 1480 失败 790 | 成功率 65.2% | 平均 8.6s/个 | 剩余 1.1d
[02:02:10] [2271/13737] ✓ 25534 = 5.67g
[02:02:16] [2272/13737] ✓ 2554 = 1.65g
[02:02:23] [2273/13737] ✓ 25548 = 21.0g
[02:02:29] [2274/13737] ✓ 25549 = 22.0g
[02:02:37] [2275/13737] ✓ 2555 = 0.22g
[02:02:42] [2276/13737] ✓ 25550 = 5.9g
[02:02:47] [2277/13737] ✓ 25551 = 26.6g
[02:02:53] [2278/13737] ✗ 2557c02 - Bricklink 上不存在该零件
[02:02:59] [2279/13737] ✗ 2557c03 - Bricklink 上不存在该零件
[02:03:05] [2280/13737] ✗ 2557c04 - Bricklink 上不存在该零件
[02:03:05] 进度 2280/13737 (16.6%) | 成功 1487 失败 793 | 成功率 65.2% | 平均 8.6s/个 | 剩余 1.1d
[02:03:11] [2281/13737] ✗ 2559c02 - Bricklink 上不存在该零件
[02:03:18] [2282/13737] ✗ 2559c03 - Bricklink 上不存在该零件
[02:03:27] [2283/13737] ✗ 2559c04 - Bricklink 上不存在该零件
[02:03:35] [2284/13737] ✓ 2560 = 37.0g
[02:03:42] [2285/13737] ✗ 25600 - Bricklink 上不存在该零件
[02:03:51] [2286/13737] ✓ 2561 = 0.37g
[02:03:59] [2287/13737] ✓ 25613 = 0.71g
[02:04:08] [2288/13737] ✓ 2562 = 0.2g
[02:04:16] [2289/13737] ✓ 2563 = 1.35g
[02:04:21] [2290/13737] ✓ 25632 = 10.0g
[02:04:21] 进度 2290/13737 (16.7%) | 成功 1493 失败 797 | 成功率 65.2% | 平均 8.6s/个 | 剩余 1.1d
[02:04:25] [2291/13737] ✓ 2564 = 1.42g
[02:04:32] [2292/13737] ✓ 2566 = 0.73g
[02:04:40] [2293/13737] ✓ 2569 = 0.41g
[02:04:50] [2294/13737] ✓ 2570 = 0.46g
[02:04:55] [2295/13737] ✓ 2571 = 5.92g
[02:05:01] [2296/13737] ✓ 2572 = 13.8g
[02:05:07] [2297/13737] ✓ 2573 = 38.85g
[02:05:12] [2298/13737] ✓ 2574 = 14.5g
[02:05:20] [2299/13737] ✓ 2577 = 3.57g
[02:05:26] [2300/13737] ✓ 2578a = 3.06g
[02:05:26] 进度 2300/13737 (16.7%) | 成功 1503 失败 797 | 成功率 65.3% | 平均 8.6s/个 | 剩余 1.1d
[02:05:32] [2301/13737] ✓ 2578b = 3.0g
[02:05:37] [2302/13737] ✓ 2580c01 = 3.05g
[02:05:43] [2303/13737] ✓ 2582 = 2.82g
[02:05:48] [2304/13737] ✓ 2583 = 2.04g
[02:05:54] [2305/13737] ✓ 2584 = 0.9g
[02:05:59] [2306/13737] ✓ 2584c01 = 1.3g
[02:06:05] [2307/13737] ✓ 2584c02 = 1.48g
[02:06:11] [2308/13737] ✓ 2584c03 = 1.67g
[02:06:15] [2309/13737] ✓ 2584c04 = 2.5g
[02:06:21] [2310/13737] ✓ 2584c05 = 1.84g
[02:06:21] 进度 2310/13737 (16.8%) | 成功 1513 失败 797 | 成功率 65.5% | 平均 8.6s/个 | 剩余 1.1d
[02:06:25] [2311/13737] ✓ 2584c06 = 3.32g
[02:06:31] [2312/13737] ✓ 2584c07 = 2.0g
[02:06:45] [2313/13737] ✓ 2584c08 = 2.15g
[02:06:51] [2314/13737] ✓ 2584c09 = 1.6g
[02:06:57] [2315/13737] ✓ 2585 = 0.38g
[02:07:06] [2316/13737] ✓ 2586 = 0.51g
[02:07:12] [2317/13737] ✓ 2587 = 0.77g
[02:07:19] [2318/13737] ✓ 2588 = 2.9g
[02:07:26] [2319/13737] ✓ 25892 = 0.31g
[02:07:42] [2320/13737] ✓ 25893 = 0.14g
[02:07:42] 进度 2320/13737 (16.9%) | 成功 1523 失败 797 | 成功率 65.6% | 平均 8.6s/个 | 剩余 1.1d
[02:07:48] [2321/13737] ✓ 25894 = 0.64g
[02:07:53] [2322/13737] ✓ 25895 = 1.5g
[02:07:58] [2323/13737] ✗ 258cdb01 - Bricklink 上不存在该零件
[02:08:03] [2324/13737] ✓ 2590 = 0.76g
[02:08:09] [2325/13737] ✓ 2591 = 39.1g
[02:08:15] [2326/13737] ✓ 2593 = 9.8g
[02:08:22] [2327/13737] ✗ 2594 - Bricklink 上不存在该零件
[02:08:27] [2328/13737] ✓ 2596 = 14.42g
[02:08:32] [2329/13737] ✓ 25972 = 0.5g
[02:08:39] [2330/13737] ✗ 25973 - Bricklink 上不存在该零件
[02:08:39] 进度 2330/13737 (17.0%) | 成功 1530 失败 800 | 成功率 65.7% | 平均 8.5s/个 | 剩余 1.1d
[02:08:44] [2331/13737] ✓ 25974 = 0.12g
[02:08:50] [2332/13737] ✓ 25976 = 0.67g
[02:08:58] [2333/13737] ✓ 2598 = 17.0g
[02:09:03] [2334/13737] ✓ 25981 = 3.6g
[02:09:09] [2335/13737] ✗ 2599 - Bricklink 上不存在该零件
[02:09:13] [2336/13737] ✓ 25999 = 0.94g
[02:09:19] [2337/13737] ✓ 26007 = 0.7g
[02:09:25] [2338/13737] ✓ 2601 = 3.9g
[02:09:30] [2339/13737] ✓ 26021 = 5.76g
[02:09:36] [2340/13737] ✓ 26022 = 3.96g
[02:09:36] 进度 2340/13737 (17.0%) | 成功 1539 失败 801 | 成功率 65.8% | 平均 8.5s/个 | 剩余 1.1d
[02:09:41] [2341/13737] ✓ 26032 = 0.74g
[02:09:47] [2342/13737] ✓ 26034 = 0.39g
[02:09:52] [2343/13737] ✓ 26036 = 0.18g
[02:09:58] [2344/13737] ✓ 26041 = 0.13g
[02:10:04] [2345/13737] ✓ 26045 = 0.67g
[02:10:12] [2346/13737] ✓ 26047 = 0.3g
[02:10:19] [2347/13737] ✓ 26048 = 0.75g
[02:10:28] [2348/13737] ✓ 2605c01 = 2.17g
[02:10:34] [2349/13737] ✓ 26064 = 1.77g
[02:10:42] [2350/13737] ✓ 26066 = 0.75g
[02:10:42] 进度 2350/13737 (17.1%) | 成功 1549 失败 801 | 成功率 65.9% | 平均 8.5s/个 | 剩余 1.1d
[02:10:47] [2351/13737] ✓ 2607 = 0.89g
[02:10:54] [2352/13737] ✓ 26077 = 0.2g
[02:11:00] [2353/13737] ✓ 26079 = 0.8g
[02:11:08] [2354/13737] ✓ 2609a = 0.6g
[02:11:14] [2355/13737] ✓ 2609b = 0.53g
[02:11:20] [2356/13737] ✓ 2609c = 0.53g
[02:11:24] [2357/13737] ✓ 2610 = 0.76g
[02:11:30] [2358/13737] ✓ 26104 = 0.23g
[02:11:34] [2359/13737] ✓ 26112 = 0.1g
[02:11:40] [2360/13737] ✓ 2612 = 34.07g
[02:11:40] 进度 2360/13737 (17.2%) | 成功 1559 失败 801 | 成功率 66.1% | 平均 8.5s/个 | 剩余 1.1d
[02:11:45] [2361/13737] ✓ 26138 = 0.7g
[02:11:53] [2362/13737] ✓ 26139 = 0.5g
[02:11:58] [2363/13737] ✓ 2614 = 0.48g
[02:12:04] [2364/13737] ✓ 26140 = 0.8g
[02:12:12] [2365/13737] ✗ 2614a - Bricklink 上不存在该零件
[02:12:17] [2366/13737] ✓ 2617 = 55.44g
[02:12:23] [2367/13737] ✓ 2618 = 20.06g
[02:12:28] [2368/13737] ✓ 2619 = 9.16g
[02:12:34] [2369/13737] ✓ 2620 = 4.7g
[02:12:39] [2370/13737] ✓ 2621 = 9.0g
[02:12:39] 进度 2370/13737 (17.3%) | 成功 1568 失败 802 | 成功率 66.2% | 平均 8.5s/个 | 剩余 1.1d
[02:12:47] [2371/13737] ✓ 2622 = 12.0g
[02:12:51] [2372/13737] ✓ 2623 = 7.15g
[02:12:57] [2373/13737] ✓ 26243 = 0.99g
[02:13:03] [2374/13737] ✓ 26245 = 1.0g
[02:13:08] [2375/13737] ✓ 26249 = 3.9g
[02:13:15] [2376/13737] ✓ 2625 = 4.49g
[02:13:25] [2377/13737] ✓ 2626 = 7.16g
[02:13:29] [2378/13737] ✓ 26269 = 4.9g
[02:13:35] [2379/13737] ✓ 2627 = 3.0g
[02:13:40] [2380/13737] ✓ 26270 = 4.95g
[02:13:40] 进度 2380/13737 (17.3%) | 成功 1578 失败 802 | 成功率 66.3% | 平均 8.5s/个 | 剩余 1.1d
[02:13:46] [2381/13737] ✓ 26271 = 5.34g
[02:13:56] [2382/13737] ✓ 26272 = 5.4g
[02:14:00] [2383/13737] ✓ 2628 = 11.88g
[02:14:10] [2384/13737] ✗ 26280 - Bricklink 上不存在该零件
[02:14:15] [2385/13737] ✓ 26287 = 0.58g
[02:14:22] [2386/13737] ✗ 26288 - Bricklink 上不存在该零件
[02:14:27] [2387/13737] ✓ 2629 = 23.3g
[02:14:33] [2388/13737] ✓ 263 = 1.0g
[02:14:41] [2389/13737] ✓ 2630 = 0.88g
[02:14:47] [2390/13737] ✓ 2631 = 0.46g
[02:14:47] 进度 2390/13737 (17.4%) | 成功 1586 失败 804 | 成功率 66.4% | 平均 8.5s/个 | 剩余 1.1d
[02:14:55] [2391/13737] ✓ 2632 = 1.08g
[02:15:01] [2392/13737] ✓ 2633 = 0.95g
[02:15:05] [2393/13737] ✓ 26337 = 3.12g
[02:15:12] [2394/13737] ✓ 2634c01 = 5.45g
[02:15:18] [2395/13737] ✓ 2634c02 = 5.52g
[02:15:23] [2396/13737] ✗ 2635a - Bricklink 上不存在该零件
[02:15:30] [2397/13737] ✓ 2635b = 21.7g
[02:15:34] [2398/13737] ✓ 2636 = 3.16g
[02:15:38] [2399/13737] ✓ 2637 = 1.77g
[02:15:43] [2400/13737] ✓ 2638 = 3.3g
[02:15:43] 进度 2400/13737 (17.5%) | 成功 1595 失败 805 | 成功率 66.5% | 平均 8.5s/个 | 剩余 1.1d
[02:15:50] [2401/13737] ✓ 2639 = 1.75g
[02:15:59] [2402/13737] ✗ 26393 - Bricklink 上不存在该零件
[02:16:03] [2403/13737] ✓ 2640 = 0.87g
[02:16:10] [2404/13737] ✗ 2641 - Bricklink 上不存在该零件
[02:16:16] [2405/13737] ✓ 2642 = 51.71g
[02:16:21] [2406/13737] ✓ 2644 = 1.24g
[02:16:27] [2407/13737] ✓ 2645 = 1.1g
[02:16:31] [2408/13737] ✓ 2646 = 1.2g
[02:16:38] [2409/13737] ✗ 26474 - Bricklink 上不存在该零件
[02:16:47] [2410/13737] ✓ 2648 = 2.98g
[02:16:47] 进度 2410/13737 (17.5%) | 成功 1602 失败 808 | 成功率 66.5% | 平均 8.5s/个 | 剩余 1.1d
[02:16:52] [2411/13737] ✓ 26486 = 0.2g
[02:16:58] [2412/13737] ✓ 2649 = 0.5g
[02:17:05] [2413/13737] ✗ 26490c01 - Bricklink 上不存在该零件
[02:17:12] [2414/13737] ✗ 26497 - Bricklink 上不存在该零件
[02:17:19] [2415/13737] ✓ 2650 = 0.86g
[02:17:25] [2416/13737] ✓ 2651 = 0.68g
[02:17:29] [2417/13737] ✓ 2653 = 1.42g
[02:17:37] [2418/13737] ✓ 2654 = 0.45g
[02:17:43] [2419/13737] ✓ 2655 = 0.43g
[02:17:50] [2420/13737] ✓ 26559 = 7.29g
[02:17:50] 进度 2420/13737 (17.6%) | 成功 1610 失败 810 | 成功率 66.5% | 平均 8.4s/个 | 剩余 1.1d
[02:17:58] [2421/13737] ✓ 2655c01 = 0.63g
[02:18:03] [2422/13737] ✓ 2656 = 4.95g
[02:18:09] [2423/13737] ✓ 26560 = 7.65g
[02:18:15] [2424/13737] ✓ 26561 = 4.0g
[02:18:21] [2425/13737] ✓ 2657 = 1.63g
[02:18:27] [2426/13737] ✓ 26584 = 0.15g
[02:18:32] [2427/13737] ✓ 26597 = 0.91g
[02:18:38] [2428/13737] ✓ 26599 = 1.46g
[02:18:46] [2429/13737] ✗ 265ac01 - Bricklink 上不存在该零件
[02:18:54] [2430/13737] ✗ 265bc01 - Bricklink 上不存在该零件
[02:18:54] 进度 2430/13737 (17.7%) | 成功 1618 失败 812 | 成功率 66.6% | 平均 8.4s/个 | 剩余 1.1d
[02:19:05] [2431/13737] ✓ 26601 = 0.5g
[02:19:15] [2432/13737] ✓ 26603 = 0.68g
[02:19:22] [2433/13737] ✗ 26603c01 - Bricklink 上不存在该零件
[02:19:28] [2434/13737] ✓ 26604 = 0.45g
[02:19:34] [2435/13737] ✗ 2661 - Bricklink 上不存在该零件
[02:19:39] [2436/13737] ✓ 2662 = 9.43g
[02:19:44] [2437/13737] ✓ 2663 = 3.17g
[02:19:48] [2438/13737] ✓ 2665 = 3.95g
[02:19:53] [2439/13737] ✓ 26651 = 1.27g
[02:19:58] [2440/13737] ✓ 26653 = 1.27g
[02:19:58] 进度 2440/13737 (17.8%) | 成功 1626 失败 814 | 成功率 66.6% | 平均 8.4s/个 | 剩余 1.1d
[02:20:06] [2441/13737] ✓ 2665a = 0.26g
[02:20:12] [2442/13737] ✓ 2665b = 0.32g
[02:20:16] [2443/13737] ✓ 2665c = 0.24g
[02:20:22] [2444/13737] ✓ 2665d = 0.4g
[02:20:27] [2445/13737] ✓ 2665e = 0.53g
[02:20:31] [2446/13737] ✓ 2665f = 0.38g
[02:20:37] [2447/13737] ✓ 2665g = 0.43g
[02:20:45] [2448/13737] ✗ 26674 - Bricklink 上不存在该零件
[02:20:52] [2449/13737] ✓ 26697 = 0.1g
[02:20:58] [2450/13737] ✗ 266ac01 - Bricklink 上不存在该零件
[02:20:58] 进度 2450/13737 (17.8%) | 成功 1634 失败 816 | 成功率 66.7% | 平均 8.4s/个 | 剩余 1.1d
[02:21:03] [2451/13737] ✗ 266bc01 - Bricklink 上不存在该零件
[02:21:10] [2452/13737] ✗ 266bc02 - Bricklink 上不存在该零件
[02:21:15] [2453/13737] ✓ 2670 = 9.0g
[02:21:21] [2454/13737] ✓ 26701 = 0.1g
[02:21:25] [2455/13737] ✓ 2671 = 35.47g
[02:21:29] [2456/13737] ✓ 2672 = 47.0g
[02:21:37] [2457/13737] ✓ 2674 = 4.63g
[02:21:41] [2458/13737] ✓ 2674a = 0.22g
[02:21:45] [2459/13737] ✓ 2674b = 0.23g
[02:21:50] [2460/13737] ✓ 2674c = 0.27g
[02:21:50] 进度 2460/13737 (17.9%) | 成功 1642 失败 818 | 成功率 66.7% | 平均 8.4s/个 | 剩余 1.1d
[02:21:55] [2461/13737] ✓ 2674d = 0.24g
[02:22:00] [2462/13737] ✓ 2674e = 0.18g
[02:22:05] [2463/13737] ✓ 2674f = 0.25g
[02:22:13] [2464/13737] ✗ 26750a - Bricklink 上不存在该零件
[02:22:19] [2465/13737] ✗ 26750c01 - Bricklink 上不存在该零件
[02:22:24] [2466/13737] ✓ 2676 = 0.45g
[02:22:29] [2467/13737] ✓ 2677 = 35.0g
[02:22:35] [2468/13737] ✓ 2678 = 36.0g
[02:22:43] [2469/13737] ✗ 26785 - Bricklink 上不存在该零件
[02:22:48] [2470/13737] ✓ 2680 = 4.0g
[02:22:48] 进度 2470/13737 (18.0%) | 成功 1649 失败 821 | 成功率 66.8% | 平均 8.4s/个 | 剩余 1.1d
[02:22:52] [2471/13737] ✓ 2680b = 4.0g
[02:22:57] [2472/13737] ✓ 2681 = 9.0g
[02:23:02] [2473/13737] ✓ 2682 = 0.4g
[02:23:06] [2474/13737] ✓ 26831 = 4.8g
[02:23:11] [2475/13737] ✓ 26832 = 15.0g
[02:23:15] [2476/13737] ✓ 26835 = 30.0g
[02:23:19] [2477/13737] ✓ 26836 = 116.0g
[02:23:26] [2478/13737] ✗ 2684c01 - Bricklink 上不存在该零件
[02:23:32] [2479/13737] ✓ 2684c01a = 72.0g
[02:23:37] [2480/13737] ✓ 2684c01b = 73.0g
[02:23:37] 进度 2480/13737 (18.1%) | 成功 1658 失败 822 | 成功率 66.9% | 平均 8.4s/个 | 剩余 1.1d
[02:23:43] [2481/13737] ✓ 2686 = 7.0g
[02:23:50] [2482/13737] ✓ 2686c01 = 7.0g
[02:23:56] [2483/13737] ✓ 2687 = 15.0g
[02:24:00] [2484/13737] ✓ 26871 = 0.22g
[02:24:07] [2485/13737] ✗ 26904 - Bricklink 上不存在该零件
[02:24:20] [2486/13737] ✗ 26907 - Bricklink 上不存在该零件
[02:24:25] [2487/13737] ✗ 26910 - Bricklink 上不存在该零件
[02:24:31] [2488/13737] ✗ 26911 - Bricklink 上不存在该零件
[02:24:38] [2489/13737] ✗ 26912 - Bricklink 上不存在该零件
[02:24:43] [2490/13737] ✗ 26913 - Bricklink 上不存在该零件
[02:24:43] 进度 2490/13737 (18.1%) | 成功 1662 失败 828 | 成功率 66.7% | 平均 8.4s/个 | 剩余 1.1d
[02:24:48] [2491/13737] ✓ 2694 = 8.0g
[02:24:53] [2492/13737] ✓ 2695 = 2.4g
[02:24:58] [2493/13737] ✓ 2696 = 11.0g
[02:25:05] [2494/13737] ✗ 2699 - Bricklink 上不存在该零件
[02:25:14] [2495/13737] ✓ 27 = 0.49g
[02:25:22] [2496/13737] ✗ 2701 - Bricklink 上不存在该零件
[02:25:30] [2497/13737] ✗ 27017 - Bricklink 上不存在该零件
[02:25:36] [2498/13737] ✗ 2702 - Bricklink 上不存在该零件
[02:25:42] [2499/13737] ✗ 2703 - Bricklink 上不存在该零件
[02:25:48] [2500/13737] ✓ 27037 = 0.11g
[02:25:48] 进度 2500/13737 (18.2%) | 成功 1667 失败 833 | 成功率 66.7% | 平均 8.4s/个 | 剩余 1.1d
[02:25:52] [2501/13737] ✗ 2704 - Bricklink 上不存在该零件
[02:25:59] [2502/13737] ✗ 2705 - Bricklink 上不存在该零件
[02:26:08] [2503/13737] ✗ 27055 - Bricklink 上不存在该零件
[02:26:12] [2504/13737] ✓ 2706 = 0.45g
[02:26:18] [2505/13737] ✗ 27062 - Bricklink 上不存在该零件
[02:26:23] [2506/13737] ✓ 27063 = 1.01g
[02:26:29] [2507/13737] ✓ 27066 = 0.83g
[02:26:34] [2508/13737] ✗ 2709 - Bricklink 上不存在该零件
[02:26:41] [2509/13737] ✗ 270c02 - Bricklink 上不存在该零件
[02:26:48] [2510/13737] ✗ 2710 - Bricklink 上不存在该零件
[02:26:48] 进度 2510/13737 (18.3%) | 成功 1670 失败 840 | 成功率 66.5% | 平均 8.4s/个 | 剩余 1.1d
[02:26:54] [2511/13737] ✗ 2710L - Bricklink 上不存在该零件
[02:27:02] [2512/13737] ✓ 2711 = 0.62g
[02:27:06] [2513/13737] ✓ 2712 = 0.65g
[02:27:11] [2514/13737] ✓ 2713 = 1.19g
[02:27:16] [2515/13737] ✓ 27130 = 0.9g
[02:27:22] [2516/13737] ✓ 27145 = 0.21g
[02:27:26] [2517/13737] ✓ 27146 = 0.23g
[02:27:32] [2518/13737] ✓ 27147 = 0.07g
[02:27:37] [2519/13737] ✓ 27149 = 1.06g
[02:27:42] [2520/13737] ✓ 2714a = 0.67g
[02:27:42] 进度 2520/13737 (18.3%) | 成功 1679 失败 841 | 成功率 66.6% | 平均 8.3s/个 | 剩余 1.1d
[02:27:47] [2521/13737] ✓ 2714b = 0.68g
[02:27:52] [2522/13737] ✓ 2715 = 1.7g
[02:27:59] [2523/13737] ✓ 27150 = 0.29g
[02:28:03] [2524/13737] ✓ 27151 = 0.09g
[02:28:10] [2525/13737] ✓ 2716 = 0.3g
[02:28:15] [2526/13737] ✓ 27165 = 6.74g
[02:28:21] [2527/13737] ✓ 27167 = 2.62g
[02:28:26] [2528/13737] ✓ 27168 = 4.46g
[02:28:32] [2529/13737] ✓ 27169 = 0.6g
[02:28:38] [2530/13737] ✓ 2717 = 2.89g
[02:28:38] 进度 2530/13737 (18.4%) | 成功 1689 失败 841 | 成功率 66.8% | 平均 8.3s/个 | 剩余 1.1d
[02:28:43] [2531/13737] ✓ 27170 = 0.4g
[02:28:48] [2532/13737] ✓ 27186 = 0.6g
[02:28:54] [2533/13737] ✓ 2719 = 1.3g
[02:29:02] [2534/13737] ✓ 272 = 4.0g
[02:29:07] [2535/13737] ✓ 2723 = 0.83g
[02:29:13] [2536/13737] ✓ 27254 = 19.9g
[02:29:18] [2537/13737] ✓ 27255 = 3.77g
[02:29:23] [2538/13737] ✓ 27256 = 0.2g
[02:29:27] [2539/13737] ✓ 27257 = 0.2g
[02:29:31] [2540/13737] ✓ 27259 = 2.35g
[02:29:31] 进度 2540/13737 (18.5%) | 成功 1699 失败 841 | 成功率 66.9% | 平均 8.3s/个 | 剩余 1.1d
[02:29:38] [2541/13737] ✓ 27261 = 0.75g
[02:29:45] [2542/13737] ✓ 27262 = 1.9g
[02:29:52] [2543/13737] ✓ 27263 = 0.33g
[02:29:58] [2544/13737] ✓ 27266 = 1.11g
[02:30:06] [2545/13737] ✗ 273 - Bricklink 上不存在该零件
[02:30:12] [2546/13737] ✓ 2730 = 3.67g
[02:30:18] [2547/13737] ✗ 2731 - Bricklink 上不存在该零件
[02:30:23] [2548/13737] ✓ 2731a = 18.0g
[02:30:26] [2549/13737] ✓ 2731b = 18.0g
[02:30:33] [2550/13737] ✓ 27321 = 0.58g
[02:30:33] 进度 2550/13737 (18.6%) | 成功 1707 失败 843 | 成功率 66.9% | 平均 8.3s/个 | 剩余 1.1d
[02:30:39] [2551/13737] ✓ 27323 = 0.52g
[02:30:43] [2552/13737] ✓ 27325 = 0.41g
[02:30:51] [2553/13737] ✓ 27328 = 0.8g
[02:30:57] [2554/13737] ✓ 27329 = 0.81g
[02:31:03] [2555/13737] ✓ 2736 = 0.27g
[02:31:07] [2556/13737] ✓ 2737 = 1.4g
[02:31:12] [2557/13737] ✓ 27372 = 5.3g
[02:31:18] [2558/13737] ✓ 2738 = 2.01g
[02:31:24] [2559/13737] ✓ 27382 = 5.0g
[02:31:28] [2560/13737] ✓ 27383 = 6.5g
[02:31:28] 进度 2560/13737 (18.6%) | 成功 1717 失败 843 | 成功率 67.1% | 平均 8.3s/个 | 剩余 1.1d
[02:31:33] [2561/13737] ✓ 27385 = 0.21g
[02:31:38] [2562/13737] ✓ 27393 = 0.28g
[02:31:43] [2563/13737] ✓ 27395 = 33.8g
[02:31:49] [2564/13737] ✓ 27396 = 24.51g
[02:31:53] [2565/13737] ✓ 27409 = 0.08g
[02:31:59] [2566/13737] ✓ 2740c01 = 8.9g
[02:32:04] [2567/13737] ✓ 2741 = 2.75g
[02:32:09] [2568/13737] ✓ 27414 = 0.14g
[02:32:14] [2569/13737] ✓ 2743 = 1.51g
[02:32:19] [2570/13737] ✓ 2744 = 2.1g
[02:32:19] 进度 2570/13737 (18.7%) | 成功 1727 失败 843 | 成功率 67.2% | 平均 8.3s/个 | 剩余 1.1d
[02:32:24] [2571/13737] ✓ 27448 = 0.52g
[02:32:31] [2572/13737] ✗ 2745 - Bricklink 上不存在该零件
[02:32:37] [2573/13737] ✗ 2745stor - Bricklink 上不存在该零件
[02:32:43] [2574/13737] ✗ 2745storc02 - Bricklink 上不存在该零件
[02:32:50] [2575/13737] ✗ 2746 - Bricklink 上不存在该零件
[02:32:57] [2576/13737] ✓ 27507 = 0.67g
[02:33:02] [2577/13737] ✓ 2752 = 1.6g
[02:33:07] [2578/13737] ✓ 2756 = 5.14g
[02:33:11] [2579/13737] ✓ 2757 = 1.4g
[02:33:17] [2580/13737] ✓ 2764 = 0.7g
[02:33:17] 进度 2580/13737 (18.8%) | 成功 1733 失败 847 | 成功率 67.2% | 平均 8.3s/个 | 剩余 1.1d
[02:33:23] [2581/13737] ✗ 276c01 - Bricklink 上不存在该零件
[02:33:27] [2582/13737] ✓ 2774 = 16.34g
[02:33:33] [2583/13737] ✓ 2775c01 = 1.5g
[02:33:37] [2584/13737] ✓ 2775c96 = 5.0g
[02:33:42] [2585/13737] ✓ 2776c01 = 1.35g
[02:33:48] [2586/13737] ✓ 2776c28 = 4.7g
[02:33:55] [2587/13737] ✓ 2780 = 0.2g
[02:33:59] [2588/13737] ✓ 2781 = 0.42g
[02:34:08] [2589/13737] ✓ 2782 = 0.96g
[02:34:12] [2590/13737] ✓ 2788 = 880.0g
[02:34:12] 进度 2590/13737 (18.9%) | 成功 1742 失败 848 | 成功率 67.3% | 平均 8.3s/个 | 剩余 1.1d
[02:34:17] [2591/13737] ✓ 2790 = 1.5g
[02:34:21] [2592/13737] ✓ 2791 = 1.1g
[02:34:26] [2593/13737] ✓ 2792 = 4.27g
[02:34:34] [2594/13737] ✓ 27925 = 0.3g
[02:34:39] [2595/13737] ✓ 27928 = 0.47g
[02:34:44] [2596/13737] ✓ 27934 = 2.6g
[02:34:49] [2597/13737] ✓ 27938 = 0.65g
[02:34:55] [2598/13737] ✓ 2793c01 = 11.2g
[02:34:59] [2599/13737] ✓ 2793c02 = 10.67g
[02:35:05] [2600/13737] ✓ 27940 = 0.5g
[02:35:05] 进度 2600/13737 (18.9%) | 成功 1752 失败 848 | 成功率 67.4% | 平均 8.3s/个 | 剩余 1.1d
[02:35:11] [2601/13737] ✓ 27965 = 0.63g
[02:35:17] [2602/13737] ✓ 27976 = 6.22g
[02:35:23] [2603/13737] ✗ 27978 - Bricklink 上不存在该零件
[02:35:29] [2604/13737] ✗ 2797c01 - Bricklink 上不存在该零件
[02:35:35] [2605/13737] ✓ 2797c02 = 8.0g
[02:35:40] [2606/13737] ✓ 2797c03 = 8.9g
[02:35:45] [2607/13737] ✗ 27998 - Bricklink 上不存在该零件
[02:35:51] [2608/13737] ✗ 27999 - Bricklink 上不存在该零件
[02:35:55] [2609/13737] ✓ 27a = 1.0g
[02:36:00] [2610/13737] ✓ 27ac01 = 5.5g
[02:36:00] 进度 2610/13737 (19.0%) | 成功 1758 失败 852 | 成功率 67.4% | 平均 8.3s/个 | 剩余 1.1d
[02:36:04] [2611/13737] ✓ 27b = 0.6g
[02:36:10] [2612/13737] ✓ 27bc01 = 0.66g
[02:36:14] [2613/13737] ✓ 27c01 = 0.4g
[02:36:19] [2614/13737] ✓ 2807 = 0.14g
[02:36:23] [2615/13737] ✓ 28091 = 3.52g
[02:36:28] [2616/13737] ✗ 281 - Bricklink 上不存在该零件
[02:36:33] [2617/13737] ✓ 28125 = 0.26g
[02:36:38] [2618/13737] ✓ 2814 = 21.0g
[02:36:42] [2619/13737] ✓ 2815 = 0.75g
[02:36:48] [2620/13737] ✓ 2817 = 0.86g
[02:36:48] 进度 2620/13737 (19.1%) | 成功 1767 失败 853 | 成功率 67.4% | 平均 8.2s/个 | 剩余 1.1d
[02:36:54] [2621/13737] ✓ 2819 = 1.0g
[02:37:01] [2622/13737] ✓ 28192 = 0.41g
[02:37:07] [2623/13737] ✓ 2821 = 1.13g
[02:37:13] [2624/13737] ✓ 28211 = 0.1g
[02:37:18] [2625/13737] ✓ 28216 = 13.3g
[02:37:24] [2626/13737] ✓ 28220 = 0.8g
[02:37:29] [2627/13737] ✓ 28222 = 1.05g
[02:37:35] [2628/13737] ✓ 28223 = 0.1g
[02:37:40] [2629/13737] ✓ 2823 = 2.31g
[02:37:46] [2630/13737] ✓ 2824 = 22.64g
[02:37:46] 进度 2630/13737 (19.1%) | 成功 1777 失败 853 | 成功率 67.6% | 平均 8.2s/个 | 剩余 1.1d
[02:37:52] [2631/13737] ✓ 2825 = 0.75g
[02:37:57] [2632/13737] ✓ 28251 = 3.24g
[02:38:03] [2633/13737] ✓ 28252 = 3.24g
[02:38:08] [2634/13737] ✓ 2826 = 7.0g
[02:38:13] [2635/13737] ✗ 2827 - Bricklink 上不存在该零件
[02:38:18] [2636/13737] ✗ 2830 - Bricklink 上不存在该零件
[02:38:24] [2637/13737] ✓ 2832 = 3.55g
[02:38:28] [2638/13737] ✓ 28321 = 0.83g
[02:38:33] [2639/13737] ✓ 28324 = 6.44g
[02:38:39] [2640/13737] ✓ 28326 = 1.1g
[02:38:39] 进度 2640/13737 (19.2%) | 成功 1785 失败 855 | 成功率 67.6% | 平均 8.2s/个 | 剩余 1.1d
[02:38:45] [2641/13737] ✓ 28327 = 4.83g
[02:38:50] [2642/13737] ✓ 2833 = 2.5g
[02:38:54] [2643/13737] ✗ 2834 - 未在页面中找到重量数据
[02:38:59] [2644/13737] ✗ 28342 - Bricklink 上不存在该零件
[02:39:04] [2645/13737] ✓ 2835 = 0.63g
[02:39:09] [2646/13737] ✓ 2836 = 18.0g
[02:39:14] [2647/13737] ✓ 28387 = 6.49g
[02:39:18] [2648/13737] ✓ 2838c01 = 48.3g
[02:39:24] [2649/13737] ✓ 2840c01 = 412.0g
[02:39:28] [2650/13737] ✓ 2840c02 = 420.0g
[02:39:28] 进度 2650/13737 (19.3%) | 成功 1793 失败 857 | 成功率 67.7% | 平均 8.2s/个 | 剩余 1.1d
[02:39:34] [2651/13737] ✓ 28420 = 1.03g
[02:39:39] [2652/13737] ✓ 28432 = 1.38g
[02:39:47] [2653/13737] ✓ 28466 = 7.99g
[02:39:53] [2654/13737] ✓ 2847c01 = 52.7g
[02:39:57] [2655/13737] ✓ 2847c02 = 52.7g
[02:40:06] [2656/13737] ✓ 2847c03 = 52.7g
[02:40:11] [2657/13737] ✓ 2850a = 2.7g
[02:40:20] [2658/13737] ✓ 2850b = 2.89g
[02:40:25] [2659/13737] ✓ 2851 = 0.4g
[02:40:31] [2660/13737] ✓ 2852 = 0.29g
[02:40:31] 进度 2660/13737 (19.4%) | 成功 1803 失败 857 | 成功率 67.8% | 平均 8.2s/个 | 剩余 1.1d
[02:40:39] [2661/13737] ✓ 2853 = 0.37g
[02:40:45] [2662/13737] ✓ 28533 = 15.0g
[02:40:50] [2663/13737] ✓ 28535 = 23.75g
[02:40:54] [2664/13737] ✓ 2854 = 0.36g
[02:41:00] [2665/13737] ✓ 2855 = 8.4g
[02:41:06] [2666/13737] ✓ 28551 = 1.0g
[02:41:11] [2667/13737] ✓ 2856 = 7.5g
[02:41:17] [2668/13737] ✗ 28567 - Bricklink 上不存在该零件
[02:41:21] [2669/13737] ✓ 2856c01 = 16.0g
[02:41:27] [2670/13737] ✓ 2856c02 = 15.5g
[02:41:27] 进度 2670/13737 (19.4%) | 成功 1812 失败 858 | 成功率 67.9% | 平均 8.2s/个 | 剩余 1.0d
[02:41:32] [2671/13737] ✓ 2856c03 = 15.5g
[02:41:36] [2672/13737] ✓ 2857 = 13.06g
[02:41:43] [2673/13737] ✗ 28587 - Bricklink 上不存在该零件
[02:41:49] [2674/13737] ✓ 28588 = 0.27g
[02:41:54] [2675/13737] ✓ 28592 = 18.6g
[02:41:59] [2676/13737] ✓ 28593 = 5.0g
[02:42:04] [2677/13737] ✓ 28598 = 2.11g
[02:42:11] [2678/13737] ✗ 28621 - Bricklink 上不存在该零件
[02:42:15] [2679/13737] ✓ 28628a = 0.04g
[02:42:20] [2680/13737] ✓ 28631 = 0.7g
[02:42:20] 进度 2680/13737 (19.5%) | 成功 1820 失败 860 | 成功率 67.9% | 平均 8.2s/个 | 剩余 1.0d
[02:42:27] [2681/13737] ✗ 28649 - Bricklink 上不存在该零件
[02:42:31] [2682/13737] ✓ 2866 = 1.02g
[02:42:39] [2683/13737] ✓ 28660 = 0.29g
[02:42:44] [2684/13737] ✓ 28679 = 0.85g
[02:42:51] [2685/13737] ✗ 2868 - Bricklink 上不存在该零件
[02:42:57] [2686/13737] ✓ 2868b = 225.0g
[02:43:04] [2687/13737] ✓ 28705 = 1.08g
[02:43:09] [2688/13737] ✗ 2871a - Bricklink 上不存在该零件
[02:43:15] [2689/13737] ✓ 2871b = 3.0g
[02:43:20] [2690/13737] ✓ 2873 = 1.02g
[02:43:20] 进度 2690/13737 (19.6%) | 成功 1827 失败 863 | 成功率 67.9% | 平均 8.2s/个 | 剩余 1.0d
[02:43:25] [2691/13737] ✗ 28738 - Bricklink 上不存在该零件
[02:43:30] [2692/13737] ✗ 28739 - Bricklink 上不存在该零件
[02:43:35] [2693/13737] ✓ 2874 = 3.85g
[02:43:41] [2694/13737] ✗ 28740 - Bricklink 上不存在该零件
[02:43:47] [2695/13737] ✗ 28743 - Bricklink 上不存在该零件
[02:43:52] [2696/13737] ✓ 2875 = 2.31g
[02:43:59] [2697/13737] ✗ 28759 - Bricklink 上不存在该零件
[02:44:04] [2698/13737] ✓ 2876 = 4.81g
[02:44:09] [2699/13737] ✓ 2877 = 0.68g
[02:44:13] [2700/13737] ✓ 28777 = 0.62g
[02:44:13] 进度 2700/13737 (19.7%) | 成功 1832 失败 868 | 成功率 67.9% | 平均 8.2s/个 | 剩余 1.0d
[02:44:18] [2701/13737] ✓ 28778 = 0.29g
[02:44:22] [2702/13737] ✓ 28779 = 2.0g
[02:44:27] [2703/13737] ✓ 2878 = 5.55g
[02:44:31] [2704/13737] ✓ 28782 = 6.23g
[02:44:37] [2705/13737] ✓ 2878c01 = 8.54g
[02:44:41] [2706/13737] ✓ 2878c02 = 8.16g
[02:44:46] [2707/13737] ✓ 2879 = 0.82g
[02:44:53] [2708/13737] ✗ 2880 - Bricklink 上不存在该零件
[02:44:57] [2709/13737] ✓ 28802 = 0.93g
[02:45:04] [2710/13737] ✗ 2881 - Bricklink 上不存在该零件
[02:45:04] 进度 2710/13737 (19.7%) | 成功 1840 失败 870 | 成功率 67.9% | 平均 8.1s/个 | 剩余 1.0d
[02:45:09] [2711/13737] ✓ 28821 = 3.3g
[02:45:14] [2712/13737] ✓ 28824 = 5.9g
[02:45:19] [2713/13737] ✓ 28870 = 0.48g
[02:45:25] [2714/13737] ✗ 28884 - Bricklink 上不存在该零件
[02:45:31] [2715/13737] ✓ 2889 = 0.7g
[02:45:36] [2716/13737] ✓ 28895 = 0.48g
[02:45:41] [2717/13737] ✗ 28896 - Bricklink 上不存在该零件
[02:45:46] [2718/13737] ✗ 2890 - Bricklink 上不存在该零件
[02:45:51] [2719/13737] ✓ 28907 = 0.03g
[02:45:55] [2720/13737] ✓ 2891 = 24.0g
[02:45:55] 进度 2720/13737 (19.8%) | 成功 1847 失败 873 | 成功率 67.9% | 平均 8.1s/个 | 剩余 1.0d
[02:46:00] [2721/13737] ✗ 28910 - Bricklink 上不存在该零件
[02:46:14] [2722/13737] ✓ 2892 = 24.0g
[02:46:20] [2723/13737] ✗ 28925c01 - Bricklink 上不存在该零件
[02:46:25] [2724/13737] ✗ 28925c02 - Bricklink 上不存在该零件
[02:46:31] [2725/13737] ✗ 28925c03 - Bricklink 上不存在该零件
[02:46:37] [2726/13737] ✗ 28925c04 - Bricklink 上不存在该零件
[02:46:42] [2727/13737] ✗ 28925c05 - Bricklink 上不存在该零件
[02:46:48] [2728/13737] ✗ 28925c06 - Bricklink 上不存在该零件
[02:46:59] [2729/13737] ✓ 28963 = 0.08g
[02:47:04] [2730/13737] ✓ 28965 = 0.16g
[02:47:04] 进度 2730/13737 (19.9%) | 成功 1850 失败 880 | 成功率 67.8% | 平均 8.1s/个 | 剩余 1.0d
[02:47:10] [2731/13737] ✓ 28974 = 0.3g
[02:47:14] [2732/13737] ✓ 28981 = 0.35g
[02:47:18] [2733/13737] ✓ 29 = 0.49g
[02:47:22] [2734/13737] ✓ 2900 = 0.15g
[02:47:28] [2735/13737] ✓ 2901 = 0.22g
[02:47:33] [2736/13737] ✓ 2902 = 19.34g
[02:47:39] [2737/13737] ✓ 29028 = 0.14g
[02:47:43] [2738/13737] ✓ 2903 = 12.34g
[02:47:48] [2739/13737] ✓ 2903c01 = 29.84g
[02:47:52] [2740/13737] ✓ 2904 = 2.8g
[02:47:52] 进度 2740/13737 (19.9%) | 成功 1860 失败 880 | 成功率 67.9% | 平均 8.1s/个 | 剩余 1.0d
[02:47:57] [2741/13737] ✓ 2905 = 1.16g
[02:48:01] [2742/13737] ✓ 29053a = 0.7g
[02:48:07] [2743/13737] ✗ 29053c01 - Bricklink 上不存在该零件
[02:48:11] [2744/13737] ✓ 2906 = 2.36g
[02:48:16] [2745/13737] ✓ 2907 = 0.47g
[02:48:21] [2746/13737] ✓ 2908 = 1.27g
[02:48:26] [2747/13737] ✓ 29085c01 = 5.66g
[02:48:30] [2748/13737] ✓ 2909 = 1.1g
[02:48:36] [2749/13737] ✓ 29096 = 16.5g
[02:48:40] [2750/13737] ✓ 2909c01 = 4.95g
[02:48:40] 进度 2750/13737 (20.0%) | 成功 1869 失败 881 | 成功率 68.0% | 平均 8.1s/个 | 剩余 1.0d
[02:48:45] [2751/13737] ✓ 2909c02 = 6.0g
[02:48:50] [2752/13737] ✓ 2909c03 = 4.0g
[02:48:56] [2753/13737] ✗ 2909c04 - Bricklink 上不存在该零件
[02:49:01] [2754/13737] ✓ 29109 = 0.1g
[02:49:05] [2755/13737] ✓ 29110 = 6.93g
[02:49:10] [2756/13737] ✓ 29111 = 0.34g
[02:49:16] [2757/13737] ✓ 29114 = 7.81g
[02:49:22] [2758/13737] ✓ 29115 = 5.7g
[02:49:27] [2759/13737] ✓ 29117 = 2.39g
[02:49:33] [2760/13737] ✓ 29117a = 0.28g
[02:49:33] 进度 2760/13737 (20.1%) | 成功 1878 失败 882 | 成功率 68.0% | 平均 8.1s/个 | 剩余 1.0d
[02:49:37] [2761/13737] ✓ 29117b = 0.25g
[02:49:44] [2762/13737] ✓ 29119 = 0.23g
[02:49:52] [2763/13737] ✓ 29120 = 0.23g
[02:49:56] [2764/13737] ✗ 2913 - 未在页面中找到重量数据
[02:50:01] [2765/13737] ✓ 29139 = 34.8g
[02:50:08] [2766/13737] ✓ 2913c01 = 7.0g
[02:50:13] [2767/13737] ✓ 2913c02 = 8.0g
[02:50:18] [2768/13737] ✓ 2913c03 = 7.0g
[02:50:22] [2769/13737] ✓ 29141 = 31.5g
[02:50:28] [2770/13737] ✓ 2916 = 6.64g
[02:50:28] 进度 2770/13737 (20.2%) | 成功 1887 失败 883 | 成功率 68.1% | 平均 8.1s/个 | 剩余 1.0d
[02:50:32] [2771/13737] ✓ 2917 = 7.35g
[02:50:37] [2772/13737] ✓ 2918 = 4.35g
[02:50:42] [2773/13737] ✓ 2919 = 0.87g
[02:50:48] [2774/13737] ✓ 2920 = 0.38g
[02:51:02] [2775/13737] ✓ 2921 = 0.61g
[02:51:08] [2776/13737] ✗ 2922 - Bricklink 上不存在该零件
[02:51:12] [2777/13737] ✓ 29223 = 0.18g
[02:51:18] [2778/13737] ✗ 29227 - Bricklink 上不存在该零件
[02:51:23] [2779/13737] ✓ 29236 = 1.43g
[02:51:32] [2780/13737] ✗ 2924 - Bricklink 上不存在该零件
[02:51:32] 进度 2780/13737 (20.2%) | 成功 1894 失败 886 | 成功率 68.1% | 平均 8.1s/个 | 剩余 1.0d
[02:51:37] [2781/13737] ✓ 29249 = 0.12g
[02:51:45] [2782/13737] ✗ 2924a - Bricklink 上不存在该零件
[02:51:51] [2783/13737] ✗ 2924b - Bricklink 上不存在该零件
[02:51:57] [2784/13737] ✓ 2926 = 0.9g
[02:52:01] [2785/13737] ✓ 2927 = 0.31g
[02:52:07] [2786/13737] ✓ 2928 = 1.65g
[02:52:12] [2787/13737] ✓ 29303 = 14.0g
[02:52:17] [2788/13737] ✓ 29304 = 22.34g
[02:52:21] [2789/13737] ✓ 29306 = 17.5g
[02:52:26] [2790/13737] ✓ 29307 = 37.0g
[02:52:26] 进度 2790/13737 (20.3%) | 成功 1902 失败 888 | 成功率 68.2% | 平均 8.1s/个 | 剩余 1.0d
[02:52:31] [2791/13737] ✓ 2937 = 7.13g
[02:52:35] [2792/13737] ✓ 29453 = 0.13g
[02:52:41] [2793/13737] ✗ 29453a - Bricklink 上不存在该零件
[02:52:45] [2794/13737] ✓ 29463 = 0.11g
[02:52:51] [2795/13737] ✓ 29497a = 1.48g
[02:52:57] [2796/13737] ✗ 29497b - Bricklink 上不存在该零件
[02:53:05] [2797/13737] ✗ 29497c01 - Bricklink 上不存在该零件
[02:53:09] [2798/13737] ✓ 2950 = 6.0g
[02:53:15] [2799/13737] ✓ 2951 = 14.0g
[02:53:20] [2800/13737] ✓ 2952 = 1.24g
[02:53:20] 进度 2800/13737 (20.4%) | 成功 1909 失败 891 | 成功率 68.2% | 平均 8.1s/个 | 剩余 1.0d
[02:53:25] [2801/13737] ✓ 2954 = 308.0g
[02:53:31] [2802/13737] ✓ 29540 = 65.0g
[02:53:35] [2803/13737] ✓ 29541 = 132.5g
[02:53:41] [2804/13737] ✓ 29596 = 0.82g
[02:53:47] [2805/13737] ✓ 29601 = 0.47g
[02:53:54] [2806/13737] ✓ 2961 = 196.0g
[02:53:59] [2807/13737] ✗ 2961bc01 - Bricklink 上不存在该零件
[02:54:05] [2808/13737] ✗ 2961bc02 - Bricklink 上不存在该零件
[02:54:10] [2809/13737] ✓ 2962 = 5.5g
[02:54:20] [2810/13737] ✓ 29633 = 0.93g
[02:54:20] 进度 2810/13737 (20.5%) | 成功 1917 失败 893 | 成功率 68.2% | 平均 8.1s/个 | 剩余 1.0d
[02:54:25] [2811/13737] ✓ 29634 = 2.05g
[02:54:31] [2812/13737] ✓ 29635 = 1.06g
[02:54:35] [2813/13737] ✓ 29636 = 0.1g
[02:54:41] [2814/13737] ✗ 29685 - Bricklink 上不存在该零件
[02:54:45] [2815/13737] ✓ 2972 = 44.87g
[02:54:50] [2816/13737] ✓ 2974c01 = 12.0g
[02:54:54] [2817/13737] ✓ 2977c01 = 9.0g
[02:54:58] [2818/13737] ✓ 2977c02 = 13.63g
[02:55:04] [2819/13737] ✓ 2980c01 = 8.0g
[02:55:08] [2820/13737] ✓ 2982c01 = 8.1g
[02:55:08] 进度 2820/13737 (20.5%) | 成功 1926 失败 894 | 成功率 68.3% | 平均 8.0s/个 | 剩余 1.0d
[02:55:15] [2821/13737] ✓ 2983 = 0.32g
[02:55:19] [2822/13737] ✓ 2984 = 0.8g
[02:55:23] [2823/13737] ✓ 2985 = 0.7g
[02:55:29] [2824/13737] ✗ 2986 - Bricklink 上不存在该零件
[02:55:33] [2825/13737] ✓ 2989 = 1.63g
[02:55:39] [2826/13737] ✗ 298c01 - Bricklink 上不存在该零件
[02:55:45] [2827/13737] ✗ 298c02 - Bricklink 上不存在该零件
[02:55:51] [2828/13737] ✗ 298c03 - Bricklink 上不存在该零件
[02:55:58] [2829/13737] ✗ 298c04 - Bricklink 上不存在该零件
[02:56:05] [2830/13737] ✗ 298c05 - Bricklink 上不存在该零件
[02:56:05] 进度 2830/13737 (20.6%) | 成功 1930 失败 900 | 成功率 68.2% | 平均 8.0s/个 | 剩余 1.0d
[02:56:12] [2831/13737] ✗ 298c06 - Bricklink 上不存在该零件
[02:56:17] [2832/13737] ✗ 299 - Bricklink 上不存在该零件
[02:56:22] [2833/13737] ✓ 2991 = 2.17g
[02:56:27] [2834/13737] ✓ 2991b = 2.2g
[02:56:32] [2835/13737] ✓ 2994 = 1.75g
[02:56:38] [2836/13737] ✓ 2995 = 49.75g
[02:56:45] [2837/13737] ✗ 29959 - Bricklink 上不存在该零件
[02:56:50] [2838/13737] ✓ 2996 = 9.25g
[02:56:55] [2839/13737] ✓ 2997 = 48.8g
[02:57:01] [2840/13737] ✓ 2998 = 21.0g
[02:57:01] 进度 2840/13737 (20.7%) | 成功 1937 失败 903 | 成功率 68.2% | 平均 8.0s/个 | 剩余 1.0d
[02:57:06] [2841/13737] ✗ 29988 - Bricklink 上不存在该零件
[02:57:12] [2842/13737] ✓ 2999 = 1.18g
[02:57:17] [2843/13737] ✓ 29a = 0.48g
[02:57:21] [2844/13737] ✓ 29ac01 = 1.0g
[02:57:25] [2845/13737] ✓ 29b = 0.55g
[02:57:30] [2846/13737] ✓ 29bc01 = 0.71g
[02:57:34] [2847/13737] ✓ 29c01 = 0.6g
[02:57:40] [2848/13737] ✓ 3 = 3.44g
[02:57:47] [2849/13737] ✓ 30000 = 1.81g
[02:57:52] [2850/13737] ✓ 30019d = 0.7g
[02:57:53] 进度 2850/13737 (20.7%) | 成功 1946 失败 904 | 成功率 68.3% | 平均 8.0s/个 | 剩余 1.0d
[02:57:59] [2851/13737] ✗ 3001a - Bricklink 上不存在该零件
[02:58:06] [2852/13737] ✗ 3001b - Bricklink 上不存在该零件
[02:58:13] [2853/13737] ✗ 3001c - Bricklink 上不存在该零件
[02:58:19] [2854/13737] ✗ 3001d - Bricklink 上不存在该零件
[02:58:26] [2855/13737] ✗ 3001e - Bricklink 上不存在该零件
[02:58:30] [2856/13737] ✓ 3001mib = 2.2g
[02:58:38] [2857/13737] ✓ 3002 = 1.92g
[02:58:43] [2858/13737] ✓ 30020 = 1.5g
[02:58:47] [2859/13737] ✓ 30021 = 0.54g
[02:58:52] [2860/13737] ✓ 30022 = 2.52g
[02:58:52] 进度 2860/13737 (20.8%) | 成功 1951 失败 909 | 成功率 68.2% | 平均 8.0s/个 | 剩余 1.0d
[02:58:57] [2861/13737] ✓ 30027a = 0.23g
[02:59:01] [2862/13737] ✓ 30027b = 0.25g
[02:59:06] [2863/13737] ✓ 30028 = 0.83g
[02:59:11] [2864/13737] ✓ 30029 = 6.0g
[02:59:17] [2865/13737] ✗ 3002a - Bricklink 上不存在该零件
[02:59:23] [2866/13737] ✗ 3002b - Bricklink 上不存在该零件
[02:59:30] [2867/13737] ✗ 3002c - Bricklink 上不存在该零件
[02:59:34] [2868/13737] ✓ 3002c01 = 4.0g
[02:59:40] [2869/13737] ✗ 3002d - Bricklink 上不存在该零件
[02:59:46] [2870/13737] ✗ 3002e - Bricklink 上不存在该零件
[02:59:46] 进度 2870/13737 (20.9%) | 成功 1956 失败 914 | 成功率 68.2% | 平均 8.0s/个 | 剩余 1.0d
[02:59:52] [2871/13737] ✗ 3002f - Bricklink 上不存在该零件
[02:59:57] [2872/13737] ✗ 3002g - Bricklink 上不存在该零件
[03:00:05] [2873/13737] ✓ 3003 = 1.35g
[03:00:11] [2874/13737] ✓ 30031 = 0.33g
[03:00:19] [2875/13737] ✓ 30032 = 6.9g
[03:00:24] [2876/13737] ✓ 30033 = 1.5g
[03:00:29] [2877/13737] ✓ 30034 = 1.37g
[03:00:34] [2878/13737] ✓ 30035 = 0.81g
[03:00:39] [2879/13737] ✓ 30036 = 5.76g
[03:00:43] [2880/13737] ✓ 30037 = 12.0g
[03:00:43] 进度 2880/13737 (21.0%) | 成功 1964 失败 916 | 成功率 68.2% | 平均 8.0s/个 | 剩余 1.0d
[03:00:49] [2881/13737] ✗ 30038 - Bricklink 上不存在该零件
[03:00:56] [2882/13737] ✗ 3003a - Bricklink 上不存在该零件
[03:01:03] [2883/13737] ✗ 3003b - Bricklink 上不存在该零件
[03:01:09] [2884/13737] ✗ 3003c - Bricklink 上不存在该零件
[03:01:13] [2885/13737] ✓ 3003c01 = 2.0g
[03:01:20] [2886/13737] ✗ 3003d - Bricklink 上不存在该零件
[03:01:26] [2887/13737] ✗ 3003e - Bricklink 上不存在该零件
[03:01:31] [2888/13737] ✓ 3003mib = 1.1g
[03:01:39] [2889/13737] ✓ 3004 = 0.83g
[03:01:44] [2890/13737] ✓ 30041 = 4.0g
[03:01:44] 进度 2890/13737 (21.0%) | 成功 1968 失败 922 | 成功率 68.1% | 平均 8.0s/个 | 剩余 1.0d
[03:01:48] [2891/13737] ✓ 30042 = 3.5g
[03:01:52] [2892/13737] ✓ 30043 = 0.86g
[03:01:58] [2893/13737] ✓ 30044 = 0.95g
[03:02:03] [2894/13737] ✓ 30045 = 0.27g
[03:02:09] [2895/13737] ✓ 30046 = 0.26g
[03:02:14] [2896/13737] ✓ 30047 = 6.02g
[03:02:18] [2897/13737] ✓ 30048 = 0.55g
[03:02:25] [2898/13737] ✓ 3005 = 0.44g
[03:02:31] [2899/13737] ✓ 30055 = 1.69g
[03:02:36] [2900/13737] ✓ 30056 = 1.9g
[03:02:36] 进度 2900/13737 (21.1%) | 成功 1978 失败 922 | 成功率 68.2% | 平均 8.0s/个 | 剩余 1.0d
[03:02:42] [2901/13737] ✓ 3006 = 5.75g
[03:02:47] [2902/13737] ✓ 30062 = 2.2g
[03:02:53] [2903/13737] ✗ 3006a - Bricklink 上不存在该零件
[03:02:59] [2904/13737] ✗ 3006b - Bricklink 上不存在该零件
[03:03:05] [2905/13737] ✗ 3006c - Bricklink 上不存在该零件
[03:03:15] [2906/13737] ✗ 3006d - Bricklink 上不存在该零件
[03:03:21] [2907/13737] ✓ 3007 = 4.75g
[03:03:27] [2908/13737] ✓ 30072 = 61.0g
[03:03:32] [2909/13737] ✓ 30073 = 6.5g
[03:03:36] [2910/13737] ✓ 30074 = 6.5g
[03:03:36] 进度 2910/13737 (21.2%) | 成功 1984 失败 926 | 成功率 68.2% | 平均 8.0s/个 | 剩余 24.0h
[03:03:42] [2911/13737] ✓ 30075 = 7.98g
[03:03:47] [2912/13737] ✓ 30076 = 11.0g
[03:03:52] [2913/13737] ✓ 30077 = 2.99g
[03:03:58] [2914/13737] ✓ 30078 = 6.38g
[03:04:04] [2915/13737] ✓ 30079 = 2.03g
[03:04:10] [2916/13737] ✗ 3007a - Bricklink 上不存在该零件
[03:04:16] [2917/13737] ✗ 3007b - Bricklink 上不存在该零件
[03:04:23] [2918/13737] ✗ 3007c - Bricklink 上不存在该零件
[03:04:29] [2919/13737] ✗ 3007d - Bricklink 上不存在该零件
[03:04:34] [2920/13737] ✗ 3007e - Bricklink 上不存在该零件
[03:04:34] 进度 2920/13737 (21.3%) | 成功 1989 失败 931 | 成功率 68.1% | 平均 8.0s/个 | 剩余 23.9h
[03:04:38] [2921/13737] ✓ 3007mia = 4.0g
[03:04:44] [2922/13737] ✓ 3007mib = 4.1g
[03:04:51] [2923/13737] ✓ 3008 = 3.21g
[03:04:57] [2924/13737] ✗ 30080 - Bricklink 上不存在该零件
[03:05:01] [2925/13737] ✓ 30080c01 = 3.11g
[03:05:07] [2926/13737] ✓ 30080c02 = 3.2g
[03:05:12] [2927/13737] ✓ 30082 = 0.18g
[03:05:17] [2928/13737] ✓ 30083 = 6.86g
[03:05:22] [2929/13737] ✓ 30084 = 5.0g
[03:05:27] [2930/13737] ✗ 30085 - Bricklink 上不存在该零件
[03:05:27] 进度 2930/13737 (21.3%) | 成功 1997 失败 933 | 成功率 68.2% | 平均 8.0s/个 | 剩余 23.9h
[03:05:33] [2931/13737] ✓ 30086c01 = 14.5g
[03:05:37] [2932/13737] ✓ 30088 = 0.3g
[03:05:41] [2933/13737] ✓ 30089a = 0.35g
[03:05:45] [2934/13737] ✓ 30089b = 0.44g
[03:05:51] [2935/13737] ✗ 3008a - Bricklink 上不存在该零件
[03:05:56] [2936/13737] ✗ 3008b - Bricklink 上不存在该零件
[03:06:05] [2937/13737] ✓ 3009 = 2.42g
[03:06:09] [2938/13737] ✓ 30090 = 0.22g
[03:06:14] [2939/13737] ✓ 30091a = 0.5g
[03:06:19] [2940/13737] ✓ 30091b = 0.56g
[03:06:19] 进度 2940/13737 (21.4%) | 成功 2005 失败 935 | 成功率 68.2% | 平均 7.9s/个 | 剩余 23.8h
[03:06:23] [2941/13737] ✓ 30092 = 1.72g
[03:06:28] [2942/13737] ✓ 30093 = 1.0g
[03:06:33] [2943/13737] ✓ 30094 = 2.15g
[03:06:38] [2944/13737] ✓ 30095 = 2.3g
[03:06:43] [2945/13737] ✓ 30099 = 2.56g
[03:06:49] [2946/13737] ✗ 3009a - Bricklink 上不存在该零件
[03:06:54] [2947/13737] ✗ 3009b - Bricklink 上不存在该零件
[03:07:01] [2948/13737] ✓ 3010 = 1.64g
[03:07:04] [2949/13737] ✓ 30100 = 9.14g
[03:07:09] [2950/13737] ✓ 30101 = 7.08g
[03:07:09] 进度 2950/13737 (21.5%) | 成功 2013 失败 937 | 成功率 68.2% | 平均 7.9s/个 | 剩余 23.8h
[03:07:13] [2951/13737] ✓ 30102 = 3.93g
[03:07:18] [2952/13737] ✓ 30103 = 0.48g
[03:07:24] [2953/13737] ✓ 30104 = 0.71g
[03:07:29] [2954/13737] ✓ 30105 = 0.72g
[03:07:34] [2955/13737] ✓ 30106 = 1.57g
[03:07:39] [2956/13737] ✓ 30107 = 0.86g
[03:07:43] [2957/13737] ✓ 30108 = 5.0g
[03:07:49] [2958/13737] ✓ 30109 = 2.3g
[03:07:55] [2959/13737] ✗ 3010a - Bricklink 上不存在该零件
[03:08:02] [2960/13737] ✓ 3011 = 12.2g
[03:08:02] 进度 2960/13737 (21.5%) | 成功 2022 失败 938 | 成功率 68.3% | 平均 7.9s/个 | 剩余 23.7h
[03:08:07] [2961/13737] ✗ 30110 - Bricklink 上不存在该零件
[03:08:13] [2962/13737] ✓ 30111 = 2.3g
[03:08:17] [2963/13737] ✓ 30111a = 0.14g
[03:08:23] [2964/13737] ✓ 30111b = 0.24g
[03:08:29] [2965/13737] ✓ 30111c = 0.21g
[03:08:33] [2966/13737] ✓ 30112a = 0.28g
[03:08:39] [2967/13737] ✓ 30112b = 0.2g
[03:08:44] [2968/13737] ✓ 30112c = 0.09g
[03:08:49] [2969/13737] ✓ 30112d = 0.2g
[03:08:55] [2970/13737] ✓ 30112e = 0.17g
[03:08:55] 进度 2970/13737 (21.6%) | 成功 2031 失败 939 | 成功率 68.4% | 平均 7.9s/个 | 剩余 23.7h
[03:08:59] [2971/13737] ✓ 30113 = 1.2g
[03:09:05] [2972/13737] ✓ 30114 = 0.54g
[03:09:10] [2973/13737] ✓ 30115 = 0.33g
[03:09:14] [2974/13737] ✓ 30116 = 25.0g
[03:09:19] [2975/13737] ✓ 30117 = 15.0g
[03:09:25] [2976/13737] ✓ 30118 = 3.78g
[03:09:30] [2977/13737] ✓ 30119 = 3.78g
[03:09:35] [2978/13737] ✗ 30120 - Bricklink 上不存在该零件
[03:09:43] [2979/13737] ✗ 30121 - Bricklink 上不存在该零件
[03:09:48] [2980/13737] ✓ 30126 = 0.15g
[03:09:48] 进度 2980/13737 (21.7%) | 成功 2039 失败 941 | 成功率 68.4% | 平均 7.9s/个 | 剩余 23.6h
[03:09:56] [2981/13737] ✗ 30127 - Bricklink 上不存在该零件
[03:10:00] [2982/13737] ✓ 30129 = 2.44g
[03:10:04] [2983/13737] ✓ 3013 = 1.34g
[03:10:09] [2984/13737] ✓ 30131 = 9.0g
[03:10:15] [2985/13737] ✓ 30132 = 0.15g
[03:10:20] [2986/13737] ✓ 30133 = 0.2g
[03:10:26] [2987/13737] ✓ 30134 = 7.58g
[03:10:31] [2988/13737] ✓ 30135 = 0.4g
[03:10:37] [2989/13737] ✓ 30136 = 0.69g
[03:10:43] [2990/13737] ✓ 30137 = 1.27g
[03:10:43] 进度 2990/13737 (21.8%) | 成功 2048 失败 942 | 成功率 68.5% | 平均 7.9s/个 | 剩余 23.6h
[03:10:48] [2991/13737] ✓ 30139 = 7.7g
[03:10:54] [2992/13737] ✓ 30140 = 6.9g
[03:11:00] [2993/13737] ✓ 30141 = 0.55g
[03:11:06] [2994/13737] ✓ 30144 = 6.73g
[03:11:13] [2995/13737] ✓ 30145 = 3.75g
[03:11:18] [2996/13737] ✓ 30147 = 1.2g
[03:11:23] [2997/13737] ✓ 30148 = 1.1g
[03:11:27] [2998/13737] ✓ 30149 = 7.8g
[03:11:32] [2999/13737] ✓ 30150 = 4.17g
[03:11:40] [3000/13737] ✗ 30151a - Bricklink 上不存在该零件
[03:11:40] 进度 3000/13737 (21.8%) | 成功 2057 失败 943 | 成功率 68.6% | 平均 7.9s/个 | 剩余 23.5h
[03:11:46] [3001/13737] ✗ 30151b - Bricklink 上不存在该零件
[03:11:52] [3002/13737] ✓ 30153 = 0.22g
[03:11:57] [3003/13737] ✓ 30154 = 0.31g
[03:12:03] [3004/13737] ✓ 30155 = 0.87g
[03:12:08] [3005/13737] ✓ 30156 = 7.96g
[03:12:13] [3006/13737] ✓ 30157 = 1.91g
[03:12:18] [3007/13737] ✓ 30158 = 1.95g
[03:12:24] [3008/13737] ✓ 30159 = 0.68g
[03:12:30] [3009/13737] ✗ 30160 - Bricklink 上不存在该零件
[03:12:36] [3010/13737] ✓ 30161 = 0.76g
[03:12:36] 进度 3010/13737 (21.9%) | 成功 2065 失败 945 | 成功率 68.6% | 平均 7.9s/个 | 剩余 23.5h
[03:12:42] [3011/13737] ✓ 30162 = 0.19g
[03:12:49] [3012/13737] ✓ 30163 = 6.0g
[03:12:53] [3013/13737] ✓ 30163c01 = 10.0g
[03:12:57] [3014/13737] ✓ 30164 = 4.0g
[03:13:03] [3015/13737] ✓ 30165 = 0.98g
[03:13:09] [3016/13737] ✓ 30166 = 0.8g
[03:13:14] [3017/13737] ✓ 30167 = 0.46g
[03:13:20] [3018/13737] ✗ 30168 - Bricklink 上不存在该零件
[03:13:26] [3019/13737] ✓ 30169 = 0.85g
[03:13:30] [3020/13737] ✓ 30170 = 0.16g
[03:13:30] 进度 3020/13737 (22.0%) | 成功 2074 失败 946 | 成功率 68.7% | 平均 7.9s/个 | 剩余 23.4h
[03:13:37] [3021/13737] ✓ 30171 = 0.54g
[03:13:43] [3022/13737] ✓ 30172 = 0.45g
[03:13:48] [3023/13737] ✗ 30173a - Bricklink 上不存在该零件
[03:13:52] [3024/13737] ✓ 30173b = 0.19g
[03:13:57] [3025/13737] ✓ 30174 = 0.65g
[03:14:04] [3026/13737] ✓ 30175 = 0.83g
[03:14:09] [3027/13737] ✓ 30176 = 0.44g
[03:14:15] [3028/13737] ✓ 30177 = 0.76g
[03:14:21] [3029/13737] ✗ 30178c01 - Bricklink 上不存在该零件
[03:14:27] [3030/13737] ✓ 30179 = 2.75g
[03:14:27] 进度 3030/13737 (22.1%) | 成功 2082 失败 948 | 成功率 68.7% | 平均 7.9s/个 | 剩余 23.4h
[03:14:32] [3031/13737] ✓ 30180 = 5.12g
[03:14:38] [3032/13737] ✓ 30181 = 7.96g
[03:14:43] [3033/13737] ✓ 30182 = 3.61g
[03:14:49] [3034/13737] ✓ 30183 = 6.12g
[03:14:54] [3035/13737] ✓ 30184 = 25.62g
[03:15:00] [3036/13737] ✓ 30185c01 = 11.8g
[03:15:05] [3037/13737] ✓ 30185c02 = 11.8g
[03:15:11] [3038/13737] ✓ 30185c03 = 11.8g
[03:15:17] [3039/13737] ✓ 30185c04 = 11.8g
[03:15:22] [3040/13737] ✓ 30185c05 = 11.8g
[03:15:22] 进度 3040/13737 (22.1%) | 成功 2092 失败 948 | 成功率 68.8% | 平均 7.9s/个 | 剩余 23.4h
[03:15:29] [3041/13737] ✗ 30187a - Bricklink 上不存在该零件
[03:15:34] [3042/13737] ✗ 30187b - Bricklink 上不存在该零件
[03:15:40] [3043/13737] ✗ 30187c - Bricklink 上不存在该零件
[03:15:45] [3044/13737] ✗ 30187d - Bricklink 上不存在该零件
[03:15:50] [3045/13737] ✗ 30187e - Bricklink 上不存在该零件
[03:15:56] [3046/13737] ✓ 30189 = 1.05g
[03:16:01] [3047/13737] ✓ 30190 = 0.8g
[03:16:08] [3048/13737] ✗ 30191 - Bricklink 上不存在该零件
[03:16:13] [3049/13737] ✓ 30192 = 0.2g
[03:16:17] [3050/13737] ✓ 30193 = 0.14g
[03:16:17] 进度 3050/13737 (22.2%) | 成功 2096 失败 954 | 成功率 68.7% | 平均 7.9s/个 | 剩余 23.3h
[03:16:21] [3051/13737] ✓ 30194 = 0.5g
[03:16:25] [3052/13737] ✓ 30195 = 7.06g
[03:16:31] [3053/13737] ✓ 30198 = 0.33g
[03:16:38] [3054/13737] ✓ 3020 = 1.2g
[03:16:43] [3055/13737] ✓ 30200 = 12.55g
[03:16:48] [3056/13737] ✓ 30201 = 12.5g
[03:16:52] [3057/13737] ✓ 30202 = 0.78g
[03:16:58] [3058/13737] ✓ 30208 = 2.35g
[03:17:03] [3059/13737] ✓ 30209 = 2.75g
[03:17:09] [3060/13737] ✗ 3020a - Bricklink 上不存在该零件
[03:17:09] 进度 3060/13737 (22.3%) | 成功 2105 失败 955 | 成功率 68.8% | 平均 7.8s/个 | 剩余 23.3h
[03:17:17] [3061/13737] ✓ 3021 = 0.93g
[03:17:21] [3062/13737] ✓ 30211 = 2.38g
[03:17:26] [3063/13737] ✓ 30212 = 8.14g
[03:17:32] [3064/13737] ✓ 30213 = 1.2g
[03:17:36] [3065/13737] ✓ 30214 = 1.27g
[03:17:41] [3066/13737] ✓ 30215 = 209.98g
[03:17:47] [3067/13737] ✓ 30216 = 42.72g
[03:17:53] [3068/13737] ✓ 30217 = 3.0g
[03:17:58] [3069/13737] ✓ 30218 = 0.44g
[03:18:04] [3070/13737] ✓ 30219 = 1.18g
[03:18:04] 进度 3070/13737 (22.3%) | 成功 2115 失败 955 | 成功率 68.9% | 平均 7.8s/个 | 剩余 23.2h
[03:18:12] [3071/13737] ✓ 3022 = 0.64g
[03:18:17] [3072/13737] ✓ 30220 = 0.79g
[03:18:23] [3073/13737] ✓ 30222 = 0.4g
[03:18:28] [3074/13737] ✓ 30223 = 6.82g
[03:18:33] [3075/13737] ✗ 30224 - Bricklink 上不存在该零件
[03:18:38] [3076/13737] ✓ 30225 = 22.8g
[03:18:43] [3077/13737] ✓ 30228 = 0.57g
[03:18:49] [3078/13737] ✓ 30229 = 0.2g
[03:18:57] [3079/13737] ✓ 3023 = 0.36g
[03:19:04] [3080/13737] ✗ 30230 - Bricklink 上不存在该零件
[03:19:04] 进度 3080/13737 (22.4%) | 成功 2123 失败 957 | 成功率 68.9% | 平均 7.8s/个 | 剩余 23.2h
[03:19:10] [3081/13737] ✗ 30231 - Bricklink 上不存在该零件
[03:19:15] [3082/13737] ✓ 30235 = 11.48g
[03:19:21] [3083/13737] ✓ 30236 = 1.14g
[03:19:25] [3084/13737] ✓ 30237a = 0.99g
[03:19:30] [3085/13737] ✓ 30237b = 1.0g
[03:19:35] [3086/13737] ✓ 30238 = 0.38g
[03:19:40] [3087/13737] ✓ 30239 = 1.92g
[03:19:45] [3088/13737] ✗ 3023a - Bricklink 上不存在该零件
[03:19:53] [3089/13737] ✓ 3024 = 0.2g
[03:19:59] [3090/13737] ✓ 30240 = 1.26g
[03:19:59] 进度 3090/13737 (22.5%) | 成功 2131 失败 959 | 成功率 69.0% | 平均 7.8s/个 | 剩余 23.1h
[03:20:04] [3091/13737] ✓ 30246 = 8.63g
[03:20:09] [3092/13737] ✓ 30248 = 5.39g
[03:20:15] [3093/13737] ✓ 30249 = 6.6g
[03:20:19] [3094/13737] ✓ 30250 = 7.0g
[03:20:25] [3095/13737] ✓ 30251 = 5.41g
[03:20:29] [3096/13737] ✓ 30254 = 65.0g
[03:20:33] [3097/13737] ✓ 30255 = 34.0g
[03:20:38] [3098/13737] ✓ 30256 = 1.1g
[03:20:44] [3099/13737] ✗ 30257 - Bricklink 上不存在该零件
[03:20:50] [3100/13737] ✓ 30258 = 0.48g
[03:20:50] 进度 3100/13737 (22.6%) | 成功 2140 失败 960 | 成功率 69.0% | 平均 7.8s/个 | 剩余 23.1h
[03:20:56] [3101/13737] ✗ 30259 - Bricklink 上不存在该零件
[03:21:01] [3102/13737] ✓ 3026 = 19.43g
[03:21:07] [3103/13737] ✓ 30261 = 0.38g
[03:21:11] [3104/13737] ✓ 30262 = 16.28g
[03:21:15] [3105/13737] ✓ 30263 = 7.91g
[03:21:21] [3106/13737] ✓ 3027 = 13.27g
[03:21:25] [3107/13737] ✓ 30272 = 17.6g
[03:21:29] [3108/13737] ✓ 30273 = 0.97g
[03:21:34] [3109/13737] ✓ 30274 = 3.75g
[03:21:39] [3110/13737] ✓ 30275 = 5.23g
[03:21:39] 进度 3110/13737 (22.6%) | 成功 2149 失败 961 | 成功率 69.1% | 平均 7.8s/个 | 剩余 23.0h
[03:21:44] [3111/13737] ✓ 30276 = 1.91g
[03:21:49] [3112/13737] ✓ 30277 = 6.17g
[03:21:53] [3113/13737] ✓ 30278c01 = 15.24g
[03:22:00] [3114/13737] ✓ 3028 = 9.47g
[03:22:06] [3115/13737] ✓ 30283 = 4.21g
[03:22:11] [3116/13737] ✓ 30284 = 0.23g
[03:22:16] [3117/13737] ✓ 30285 = 1.5g
[03:22:22] [3118/13737] ✓ 30286 = 2.56g
[03:22:27] [3119/13737] ✗ 30287 - Bricklink 上不存在该零件
[03:22:33] [3120/13737] ✓ 30288 = 9.41g
[03:22:33] 进度 3120/13737 (22.7%) | 成功 2158 失败 962 | 成功率 69.2% | 平均 7.8s/个 | 剩余 23.0h
[03:22:39] [3121/13737] ✓ 3029 = 6.76g
[03:22:45] [3122/13737] ✓ 30292 = 2.75g
[03:22:50] [3123/13737] ✓ 30293 = 2.27g
[03:22:55] [3124/13737] ✓ 30294 = 3.0g
[03:23:01] [3125/13737] ✓ 30295 = 45.35g
[03:23:05] [3126/13737] ✓ 30296 = 8.55g
[03:23:11] [3127/13737] ✓ 30298 = 7.3g
[03:23:17] [3128/13737] ✓ 30299 = 18.0g
[03:23:23] [3129/13737] ✗ 303 - Bricklink 上不存在该零件
[03:23:30] [3130/13737] ✓ 3030 = 5.55g
[03:23:30] 进度 3130/13737 (22.8%) | 成功 2167 失败 963 | 成功率 69.2% | 平均 7.8s/个 | 剩余 23.0h
[03:23:35] [3131/13737] ✓ 30300 = 18.95g
[03:23:39] [3132/13737] ✓ 30303 = 4.0g
[03:23:43] [3133/13737] ✓ 30304 = 0.3g
[03:23:48] [3134/13737] ✓ 30305c01 = 36.42g
[03:23:54] [3135/13737] ✓ 3030a = 5.7g
[03:24:01] [3136/13737] ✓ 3031 = 2.22g
[03:24:06] [3137/13737] ✗ 3031c01 - Bricklink 上不存在该零件
[03:24:13] [3138/13737] ✓ 3032 = 3.3g
[03:24:19] [3139/13737] ✓ 30322 = 0.66g
[03:24:25] [3140/13737] ✓ 30323 = 1.63g
[03:24:25] 进度 3140/13737 (22.9%) | 成功 2176 失败 964 | 成功率 69.3% | 平均 7.8s/个 | 剩余 22.9h
[03:24:29] [3141/13737] ✓ 30324 = 11.5g
[03:24:33] [3142/13737] ✓ 30325 = 0.67g
[03:24:40] [3143/13737] ✓ 3033 = 7.95g
[03:24:44] [3144/13737] ✓ 30332 = 1.83g
[03:24:50] [3145/13737] ✓ 30338 = 8.0g
[03:24:55] [3146/13737] ✓ 30339 = 5.55g
[03:25:01] [3147/13737] ✓ 3034 = 2.27g
[03:25:08] [3148/13737] ✓ 30340 = 0.54g
[03:25:14] [3149/13737] ✗ 30341 - Bricklink 上不存在该零件
[03:25:20] [3150/13737] ✓ 30342 = 3.07g
[03:25:20] 进度 3150/13737 (22.9%) | 成功 2185 失败 965 | 成功率 69.4% | 平均 7.8s/个 | 剩余 22.9h
[03:25:25] [3151/13737] ✓ 30343c01 = 9.11g
[03:25:31] [3152/13737] ✓ 30343c02 = 9.0g
[03:25:36] [3153/13737] ✓ 30346c01 = 16.9g
[03:25:40] [3154/13737] ✓ 30348 = 3.8g
[03:25:48] [3155/13737] ✗ 3034a - Bricklink 上不存在该零件
[03:25:54] [3156/13737] ✓ 3035 = 4.7g
[03:25:59] [3157/13737] ✓ 30350a = 1.08g
[03:26:04] [3158/13737] ✓ 30350b = 0.99g
[03:26:10] [3159/13737] ✓ 30350c = 1.01g
[03:26:16] [3160/13737] ✓ 30351c01 = 60.5g
[03:26:16] 进度 3160/13737 (23.0%) | 成功 2194 失败 966 | 成功率 69.4% | 平均 7.8s/个 | 剩余 22.8h
[03:26:20] [3161/13737] ✓ 30354 = 12.0g
[03:26:25] [3162/13737] ✓ 30355 = 7.99g
[03:26:31] [3163/13737] ✓ 30356 = 7.99g
[03:26:37] [3164/13737] ✓ 30357 = 1.18g
[03:26:42] [3165/13737] ✓ 30358 = 3.63g
[03:26:48] [3166/13737] ✓ 30359a = 1.6g
[03:26:54] [3167/13737] ✓ 30359b = 1.63g
[03:27:00] [3168/13737] ✗ 3035a - Bricklink 上不存在该零件
[03:27:07] [3169/13737] ✓ 3036 = 6.4g
[03:27:13] [3170/13737] ✓ 30360 = 7.59g
[03:27:13] 进度 3170/13737 (23.1%) | 成功 2203 失败 967 | 成功率 69.5% | 平均 7.8s/个 | 剩余 22.8h
[03:27:17] [3171/13737] ✓ 30361a = 1.99g
[03:27:22] [3172/13737] ✓ 30361b = 2.0g
[03:27:28] [3173/13737] ✓ 30361c = 2.06g
[03:27:34] [3174/13737] ✓ 30362 = 0.91g
[03:27:40] [3175/13737] ✓ 30363 = 1.71g
[03:27:47] [3176/13737] ✓ 30364 = 1.06g
[03:27:52] [3177/13737] ✓ 30365 = 1.09g
[03:27:57] [3178/13737] ✓ 30366 = 9.13g
[03:28:03] [3179/13737] ✗ 30367a - Bricklink 上不存在该零件
[03:28:09] [3180/13737] ✗ 30367b - Bricklink 上不存在该零件
[03:28:09] 进度 3180/13737 (23.1%) | 成功 2211 失败 969 | 成功率 69.5% | 平均 7.8s/个 | 剩余 22.7h
[03:28:15] [3181/13737] ✗ 30367c - Bricklink 上不存在该零件
[03:28:19] [3182/13737] ✓ 30368 = 0.81g
[03:28:24] [3183/13737] ✗ 30369 - Bricklink 上不存在该零件
[03:28:31] [3184/13737] ✗ 3036a - Bricklink 上不存在该零件
[03:28:38] [3185/13737] ✓ 3037 = 1.97g
[03:28:44] [3186/13737] ✗ 30370 - Bricklink 上不存在该零件
[03:28:50] [3187/13737] ✓ 30371 = 2.0g
[03:28:54] [3188/13737] ✓ 30372 = 5.5g
[03:29:00] [3189/13737] ✓ 30373 = 9.2g
[03:29:06] [3190/13737] ✓ 30374 = 0.3g
[03:29:06] 进度 3190/13737 (23.2%) | 成功 2217 失败 973 | 成功率 69.5% | 平均 7.7s/个 | 剩余 22.7h
[03:29:12] [3191/13737] ✓ 30375 = 0.5g
[03:29:18] [3192/13737] ✓ 30376 = 0.4g
[03:29:24] [3193/13737] ✓ 30377 = 0.15g
[03:29:29] [3194/13737] ✓ 30378 = 0.2g
[03:29:36] [3195/13737] ✗ 3037b - Bricklink 上不存在该零件
[03:29:41] [3196/13737] ✗ 3037f - Bricklink 上不存在该零件
[03:29:49] [3197/13737] ✓ 3038 = 1.72g
[03:29:55] [3198/13737] ✗ 30380 - Bricklink 上不存在该零件
[03:30:02] [3199/13737] ✓ 30381 = 0.74g
[03:30:07] [3200/13737] ✓ 30382 = 5.75g
[03:30:07] 进度 3200/13737 (23.3%) | 成功 2224 失败 976 | 成功率 69.5% | 平均 7.7s/个 | 剩余 22.7h
[03:30:13] [3201/13737] ✓ 30383 = 0.42g
[03:30:17] [3202/13737] ✓ 30384 = 4.5g
[03:30:24] [3203/13737] ✗ 30385 - Bricklink 上不存在该零件
[03:30:30] [3204/13737] ✓ 30386 = 1.17g
[03:30:35] [3205/13737] ✓ 30387 = 2.12g
[03:30:41] [3206/13737] ✓ 30388 = 3.29g
[03:30:45] [3207/13737] ✓ 30389a = 1.54g
[03:30:50] [3208/13737] ✓ 30389b = 1.6g
[03:30:57] [3209/13737] ✗ 30389c - Bricklink 上不存在该零件
[03:31:04] [3210/13737] ✓ 3039 = 1.15g
[03:31:04] 进度 3210/13737 (23.4%) | 成功 2232 失败 978 | 成功率 69.5% | 平均 7.7s/个 | 剩余 22.6h
[03:31:09] [3211/13737] ✗ 30390a - Bricklink 上不存在该零件
[03:31:16] [3212/13737] ✗ 30390b - Bricklink 上不存在该零件
[03:31:21] [3213/13737] ✓ 30391 = 6.5g
[03:31:26] [3214/13737] ✓ 30394 = 5.0g
[03:31:30] [3215/13737] ✓ 30395 = 0.47g
[03:31:36] [3216/13737] ✓ 30396 = 0.8g
[03:31:42] [3217/13737] ✓ 30397 = 1.49g
[03:31:45] [3218/13737] ✓ 30398 = 7.1g
[03:31:50] [3219/13737] ✓ 30399 = 31.5g
[03:31:56] [3220/13737] ✗ 3039f - Bricklink 上不存在该零件
[03:31:56] 进度 3220/13737 (23.4%) | 成功 2239 失败 981 | 成功率 69.5% | 平均 7.7s/个 | 剩余 22.6h
[03:32:00] [3221/13737] ✓ 30400 = 17.7g
[03:32:05] [3222/13737] ✓ 30401 = 64.0g
[03:32:11] [3223/13737] ✓ 30407 = 2.16g
[03:32:15] [3224/13737] ✓ 30408 = 1.06g
[03:32:21] [3225/13737] ✓ 30409 = 0.74g
[03:32:26] [3226/13737] ✗ 3040a - Bricklink 上不存在该零件
[03:32:32] [3227/13737] ✗ 3040b - Bricklink 上不存在该零件
[03:32:38] [3228/13737] ✓ 3041 = 1.63g
[03:32:42] [3229/13737] ✓ 30410 = 0.61g
[03:32:47] [3230/13737] ✗ 30411 - Bricklink 上不存在该零件
[03:32:47] 进度 3230/13737 (23.5%) | 成功 2246 失败 984 | 成功率 69.5% | 平均 7.7s/个 | 剩余 22.5h
[03:32:55] [3231/13737] ✓ 30414 = 1.7g
[03:33:00] [3232/13737] ✓ 3042 = 1.18g
[03:33:06] [3233/13737] ✓ 3043 = 0.91g
[03:33:11] [3234/13737] ✓ 30434 = 5.0g
[03:33:16] [3235/13737] ✓ 3044a = 0.5g
[03:33:22] [3236/13737] ✓ 3044b = 0.52g
[03:33:27] [3237/13737] ✓ 3044c = 0.45g
[03:33:33] [3238/13737] ✓ 3045 = 0.9g
[03:33:39] [3239/13737] ✓ 30456 = 2.2g
[03:33:44] [3240/13737] ✗ 30457 - Bricklink 上不存在该零件
[03:33:44] 进度 3240/13737 (23.6%) | 成功 2255 失败 985 | 成功率 69.6% | 平均 7.7s/个 | 剩余 22.5h
[03:33:50] [3241/13737] ✓ 30459 = 2.38g
[03:33:55] [3242/13737] ✓ 30460 = 2.8g
[03:34:01] [3243/13737] ✓ 30461 = 16.0g
[03:34:05] [3244/13737] ✓ 30462 = 7.0g
[03:34:11] [3245/13737] ✓ 30463 = 19.0g
[03:34:16] [3246/13737] ✓ 30464 = 1.51g
[03:34:22] [3247/13737] ✗ 3046a - Bricklink 上不存在该零件
[03:34:28] [3248/13737] ✗ 3046b - Bricklink 上不存在该零件
[03:34:33] [3249/13737] ✗ 30474 - Bricklink 上不存在该零件
[03:34:40] [3250/13737] ✗ 30475 - Bricklink 上不存在该零件
[03:34:40] 进度 3250/13737 (23.7%) | 成功 2261 失败 989 | 成功率 69.6% | 平均 7.7s/个 | 剩余 22.5h
[03:34:45] [3251/13737] ✗ 30477 - Bricklink 上不存在该零件
[03:34:49] [3252/13737] ✓ 30478 = 7.2g
[03:34:55] [3253/13737] ✗ 30480 - Bricklink 上不存在该零件
[03:34:59] [3254/13737] ✗ 30485 - Bricklink 上不存在该零件
[03:35:04] [3255/13737] ✓ 30486c01 = 14.6g
[03:35:08] [3256/13737] ✓ 30488 = 2.0g
[03:35:14] [3257/13737] ✓ 30488c01 = 2.75g
[03:35:20] [3258/13737] ✓ 30489 = 27.61g
[03:35:25] [3259/13737] ✓ 3048a = 0.33g
[03:35:32] [3260/13737] ✗ 3048b - Bricklink 上不存在该零件
[03:35:32] 进度 3260/13737 (23.7%) | 成功 2267 失败 993 | 成功率 69.5% | 平均 7.7s/个 | 剩余 22.4h
[03:35:37] [3261/13737] ✓ 3048c = 0.34g
[03:35:43] [3262/13737] ✓ 30492 = 15.25g
[03:35:49] [3263/13737] ✓ 30493 = 7.67g
[03:35:52] [3264/13737] ✓ 30497 = 11.0g
[03:35:57] [3265/13737] ✓ 30498 = 45.0g
[03:36:02] [3266/13737] ✓ 3049a = 0.49g
[03:36:10] [3267/13737] ✓ 3049c = 0.5g
[03:36:15] [3268/13737] ✗ 3049d - Bricklink 上不存在该零件
[03:36:20] [3269/13737] ✓ 30501 = 16.33g
[03:36:24] [3270/13737] ✓ 30502 = 48.33g
[03:36:24] 进度 3270/13737 (23.8%) | 成功 2276 失败 994 | 成功率 69.6% | 平均 7.7s/个 | 剩余 22.4h
[03:36:30] [3271/13737] ✓ 30503 = 1.6g
[03:36:35] [3272/13737] ✓ 30504 = 5.1g
[03:36:41] [3273/13737] ✓ 30505 = 2.02g
[03:36:47] [3274/13737] ✓ 30516 = 5.69g
[03:36:51] [3275/13737] ✓ 30517 = 6.79g
[03:36:56] [3276/13737] ✓ 30518 = 13.0g
[03:37:00] [3277/13737] ✓ 30520 = 4.63g
[03:37:06] [3278/13737] ✓ 30526 = 1.12g
[03:37:11] [3279/13737] ✓ 30528 = 6.08g
[03:37:18] [3280/13737] ✗ 30530 - Bricklink 上不存在该零件
[03:37:18] 进度 3280/13737 (23.9%) | 成功 2285 失败 995 | 成功率 69.7% | 平均 7.7s/个 | 剩余 22.3h
[03:37:22] [3281/13737] ✓ 30535 = 6.16g
[03:37:26] [3282/13737] ✓ 30536 = 5.05g
[03:37:32] [3283/13737] ✓ 30540 = 1.06g
[03:37:39] [3284/13737] ✓ 30541 = 1.07g
[03:37:44] [3285/13737] ✓ 30542 = 1.93g
[03:37:50] [3286/13737] ✓ 30552 = 0.33g
[03:37:56] [3287/13737] ✓ 30553 = 0.32g
[03:38:02] [3288/13737] ✗ 30554 - Bricklink 上不存在该零件
[03:38:07] [3289/13737] ✓ 30554a = 0.56g
[03:38:12] [3290/13737] ✓ 30554b = 0.54g
[03:38:12] 进度 3290/13737 (23.9%) | 成功 2294 失败 996 | 成功率 69.7% | 平均 7.7s/个 | 剩余 22.3h
[03:38:16] [3291/13737] ✓ 30556 = 24.83g
[03:38:20] [3292/13737] ✓ 30558c01 = 10.41g
[03:38:26] [3293/13737] ✓ 30558c02 = 10.41g
[03:38:30] [3294/13737] ✓ 30558c03 = 10.41g
[03:38:36] [3295/13737] ✓ 30558c04 = 10.41g
[03:38:42] [3296/13737] ✓ 30558c05 = 10.41g
[03:38:46] [3297/13737] ✓ 30558c06 = 10.41g
[03:38:51] [3298/13737] ✓ 30558c07 = 10.41g
[03:38:57] [3299/13737] ✓ 30558c08 = 10.41g
[03:39:03] [3300/13737] ✓ 30558c09 = 10.41g
[03:39:03] 进度 3300/13737 (24.0%) | 成功 2304 失败 996 | 成功率 69.8% | 平均 7.7s/个 | 剩余 22.2h
[03:39:08] [3301/13737] ✗ 30561 - Bricklink 上不存在该零件
[03:39:14] [3302/13737] ✓ 30562 = 5.62g
[03:39:20] [3303/13737] ✓ 30563 = 2.77g
[03:39:25] [3304/13737] ✗ 30564 - Bricklink 上不存在该零件
[03:39:32] [3305/13737] ✓ 30565 = 1.75g
[03:39:38] [3306/13737] ✓ 30566 = 5.0g
[03:39:42] [3307/13737] ✓ 30567 = 5.0g
[03:39:47] [3308/13737] ✓ 30568 = 5.0g
[03:39:51] [3309/13737] ✓ 30569 = 5.0g
[03:39:56] [3310/13737] ✓ 30584c01 = 137.8g
[03:39:56] 进度 3310/13737 (24.1%) | 成功 2312 失败 998 | 成功率 69.8% | 平均 7.7s/个 | 剩余 22.2h
[03:40:02] [3311/13737] ✓ 30585a = 3.9g
[03:40:08] [3312/13737] ✓ 30585b = 4.8g
[03:40:13] [3313/13737] ✓ 30586 = 2.5g
[03:40:18] [3314/13737] ✓ 3058a = 7.5g
[03:40:24] [3315/13737] ✓ 3058b = 7.5g
[03:40:30] [3316/13737] ✓ 30592 = 2.19g
[03:40:35] [3317/13737] ✓ 30593 = 2.42g
[03:40:41] [3318/13737] ✓ 30596 = 0.96g
[03:40:45] [3319/13737] ✓ 30598 = 1.35g
[03:40:51] [3320/13737] ✓ 30599 = 1.35g
[03:40:51] 进度 3320/13737 (24.2%) | 成功 2322 失败 998 | 成功率 69.9% | 平均 7.7s/个 | 剩余 22.2h
[03:40:57] [3321/13737] ✗ 30600 - Bricklink 上不存在该零件
[03:41:03] [3322/13737] ✓ 30601 = 2.04g
[03:41:15] [3323/13737] ✓ 30602 = 1.0g
[03:41:20] [3324/13737] ✓ 30603 = 0.7g
[03:41:26] [3325/13737] ✓ 30608 = 0.35g
[03:41:30] [3326/13737] ✓ 30613 = 5.4g
[03:41:35] [3327/13737] ✓ 30614 = 9.42g
[03:41:40] [3328/13737] ✓ 30617 = 7.46g
[03:41:46] [3329/13737] ✓ 30619 = 16.0g
[03:41:52] [3330/13737] ✓ 30620 = 43.0g
[03:41:52] 进度 3330/13737 (24.2%) | 成功 2331 失败 999 | 成功率 70.0% | 平均 7.7s/个 | 剩余 22.1h
[03:41:56] [3331/13737] ✓ 30621 = 9.0g
[03:42:03] [3332/13737] ✓ 30622 = 2.85g
[03:42:08] [3333/13737] ✗ 30624 - Bricklink 上不存在该零件
[03:42:13] [3334/13737] ✓ 30625 = 4.5g
[03:42:19] [3335/13737] ✓ 30626 = 3.5g
[03:42:23] [3336/13737] ✓ 30627 = 14.0g
[03:42:29] [3337/13737] ✓ 3062a = 0.34g
[03:42:35] [3338/13737] ✗ 3062b - Bricklink 上不存在该零件
[03:42:41] [3339/13737] ✗ 3062c - Bricklink 上不存在该零件
[03:42:46] [3340/13737] ✓ 30632 = 3.0g
[03:42:47] 进度 3340/13737 (24.3%) | 成功 2338 失败 1002 | 成功率 70.0% | 平均 7.6s/个 | 剩余 22.1h
[03:42:50] [3341/13737] ✓ 30633 = 6.87g
[03:42:56] [3342/13737] ✓ 30635 = 0.5g
[03:43:02] [3343/13737] ✓ 30636 = 1.0g
[03:43:07] [3344/13737] ✓ 30636c01 = 2.4g
[03:43:11] [3345/13737] ✓ 30636c02 = 3.0g
[03:43:16] [3346/13737] ✓ 30636c04 = 2.3g
[03:43:21] [3347/13737] ✓ 30637 = 4.3g
[03:43:27] [3348/13737] ✓ 30639 = 8.74g
[03:43:32] [3349/13737] ✓ 3063a = 0.84g
[03:43:38] [3350/13737] ✓ 3063b = 0.83g
[03:43:38] 进度 3350/13737 (24.4%) | 成功 2348 失败 1002 | 成功率 70.1% | 平均 7.6s/个 | 剩余 22.0h
[03:43:43] [3351/13737] ✓ 30640 = 1.5g
[03:43:48] [3352/13737] ✓ 30642 = 26.72g
[03:43:53] [3353/13737] ✓ 30643 = 14.25g
[03:43:58] [3354/13737] ✓ 30644 = 6.6g
[03:44:04] [3355/13737] ✓ 30645 = 25.25g
[03:44:10] [3356/13737] ✓ 30646a = 10.35g
[03:44:15] [3357/13737] ✓ 30646b = 9.2g
[03:44:20] [3358/13737] ✓ 30647 = 2.1g
[03:44:25] [3359/13737] ✓ 30648 = 2.59g
[03:44:31] [3360/13737] ✓ 30649 = 9.0g
[03:44:31] 进度 3360/13737 (24.5%) | 成功 2358 失败 1002 | 成功率 70.2% | 平均 7.6s/个 | 剩余 22.0h
[03:44:37] [3361/13737] ✓ 3065 = 0.82g
[03:45:01] [3362/13737] ✓ 30650 = 15.1g
[03:45:06] [3363/13737] ✓ 30658 = 2.0g
[03:45:11] [3364/13737] ✗ 3065a - Bricklink 上不存在该零件
[03:45:17] [3365/13737] ✗ 3065b - Bricklink 上不存在该零件
[03:45:22] [3366/13737] ✓ 3066 = 1.71g
[03:45:27] [3367/13737] ✓ 30663 = 0.4g
[03:45:33] [3368/13737] ✓ 3067 = 2.5g
[03:45:38] [3369/13737] ✓ 3068a = 0.55g
[03:45:44] [3370/13737] ✗ 3068b - Bricklink 上不存在该零件
[03:45:44] 进度 3370/13737 (24.5%) | 成功 2365 失败 1005 | 成功率 70.2% | 平均 7.6s/个 | 剩余 22.0h
[03:45:50] [3371/13737] ✗ 3068bc01 - Bricklink 上不存在该零件
[03:45:55] [3372/13737] ✓ 30699 = 8.25g
[03:46:01] [3373/13737] ✓ 3069a = 0.28g
[03:46:08] [3374/13737] ✗ 3069b - Bricklink 上不存在该零件
[03:46:15] [3375/13737] ✓ 3070a = 0.13g
[03:46:20] [3376/13737] ✗ 3070b - Bricklink 上不存在该零件
[03:46:25] [3377/13737] ✗ 3081 - Bricklink 上不存在该零件
[03:46:32] [3378/13737] ✗ 3081a - Bricklink 上不存在该零件
[03:46:38] [3379/13737] ✗ 3081ac01 - Bricklink 上不存在该零件
[03:46:44] [3380/13737] ✗ 3081b - Bricklink 上不存在该零件
[03:46:44] 进度 3380/13737 (24.6%) | 成功 2368 失败 1012 | 成功率 70.1% | 平均 7.6s/个 | 剩余 21.9h
[03:46:50] [3381/13737] ✗ 3081bc01 - Bricklink 上不存在该零件
[03:46:57] [3382/13737] ✗ 3081c01 - Bricklink 上不存在该零件
[03:47:04] [3383/13737] ✗ 3082 - Bricklink 上不存在该零件
[03:47:09] [3384/13737] ✓ 30821 = 3.52g
[03:47:16] [3385/13737] ✗ 30836 - Bricklink 上不存在该零件
[03:47:21] [3386/13737] ✓ 30837 = 9.65g
[03:47:25] [3387/13737] ✓ 30838 = 0.36g
[03:47:31] [3388/13737] ✗ 30839 - Bricklink 上不存在该零件
[03:47:36] [3389/13737] ✓ 30841 = 2.48g
[03:47:42] [3390/13737] ✓ 30842 = 13.5g
[03:47:42] 进度 3390/13737 (24.7%) | 成功 2373 失败 1017 | 成功率 70.0% | 平均 7.6s/个 | 剩余 21.9h
[03:47:48] [3391/13737] ✗ 3087a - Bricklink 上不存在该零件
[03:47:54] [3392/13737] ✗ 3087ac01 - Bricklink 上不存在该零件
[03:47:59] [3393/13737] ✗ 3087b - Bricklink 上不存在该零件
[03:48:05] [3394/13737] ✗ 3087bc01 - Bricklink 上不存在该零件
[03:48:10] [3395/13737] ✗ 3087c - Bricklink 上不存在该零件
[03:48:16] [3396/13737] ✗ 3087cc01 - Bricklink 上不存在该零件
[03:48:21] [3397/13737] ✗ 309 - Bricklink 上不存在该零件
[03:48:27] [3398/13737] ✓ 30923 = 5.52g
[03:48:31] [3399/13737] ✓ 30924 = 0.21g
[03:48:37] [3400/13737] ✓ 30925 = 0.87g
[03:48:37] 进度 3400/13737 (24.8%) | 成功 2376 失败 1024 | 成功率 69.9% | 平均 7.6s/个 | 剩余 21.9h
[03:48:43] [3401/13737] ✓ 30930 = 1.29g
[03:48:48] [3402/13737] ✗ 30971 - Bricklink 上不存在该零件
[03:48:53] [3403/13737] ✓ 30982 = 0.77g
[03:48:58] [3404/13737] ✓ 30987 = 2.1g
[03:49:04] [3405/13737] ✓ 31000 = 22.0g
[03:49:10] [3406/13737] ✓ 31001 = 41.6g
[03:49:14] [3407/13737] ✓ 31002 = 62.2g
[03:49:20] [3408/13737] ✗ 31005 - Bricklink 上不存在该零件
[03:49:25] [3409/13737] ✓ 31007 = 20.5g
[03:49:32] [3410/13737] ✗ 31008 - Bricklink 上不存在该零件
[03:49:32] 进度 3410/13737 (24.8%) | 成功 2383 失败 1027 | 成功率 69.9% | 平均 7.6s/个 | 剩余 21.8h
[03:49:37] [3411/13737] ✓ 31011c01 = 66.0g
[03:49:41] [3412/13737] ✓ 31012 = 99.0g
[03:49:47] [3413/13737] ✓ 31013 = 4.0g
[03:49:53] [3414/13737] ✓ 31021 = 9.0g
[03:49:59] [3415/13737] ✓ 31022 = 4.0g
[03:50:04] [3416/13737] ✓ 31023 = 6.0g
[03:50:09] [3417/13737] ✓ 31025 = 70.0g
[03:50:13] [3418/13737] ✓ 31026 = 8.0g
[03:50:17] [3419/13737] ✓ 31028c01 = 58.0g
[03:50:24] [3420/13737] ✓ 31028c02 = 62.0g
[03:50:24] 进度 3420/13737 (24.9%) | 成功 2393 失败 1027 | 成功率 70.0% | 平均 7.6s/个 | 剩余 21.8h
[03:50:28] [3421/13737] ✓ 31032 = 16.0g
[03:50:33] [3422/13737] ✓ 31035 = 9.0g
[03:50:37] [3423/13737] ✓ 31036c01 = 26.75g
[03:50:42] [3424/13737] ✓ 31036c02 = 27.0g
[03:50:47] [3425/13737] ✓ 31037c01 = 26.0g
[03:50:54] [3426/13737] ✗ 31038 - Bricklink 上不存在该零件
[03:51:00] [3427/13737] ✓ 31039c01 = 26.0g
[03:51:05] [3428/13737] ✓ 31041 = 6.0g
[03:51:10] [3429/13737] ✓ 31042 = 6.0g
[03:51:15] [3430/13737] ✓ 31043 = 39.36g
[03:51:15] 进度 3430/13737 (25.0%) | 成功 2402 失败 1028 | 成功率 70.0% | 平均 7.6s/个 | 剩余 21.7h
[03:51:21] [3431/13737] ✓ 31059 = 25.0g
[03:51:26] [3432/13737] ✓ 31061 = 11.0g
[03:51:31] [3433/13737] ✓ 31062 = 22.0g
[03:51:34] [3434/13737] ✓ 31063 = 86.0g
[03:51:38] [3435/13737] ✓ 31065 = 7.0g
[03:51:43] [3436/13737] ✓ 31066 = 15.8g
[03:51:48] [3437/13737] ✓ 31067 = 10.0g
[03:51:53] [3438/13737] ✓ 31069 = 19.0g
[03:51:58] [3439/13737] ✓ 31070 = 13.88g
[03:52:02] [3440/13737] ✓ 31071 = 50.0g
[03:52:02] 进度 3440/13737 (25.0%) | 成功 2412 失败 1028 | 成功率 70.1% | 平均 7.6s/个 | 剩余 21.7h
[03:52:07] [3441/13737] ✓ 31072 = 50.0g
[03:52:12] [3442/13737] ✗ 31076c01 - Bricklink 上不存在该零件
[03:52:17] [3443/13737] ✗ 31076c02 - Bricklink 上不存在该零件
[03:52:23] [3444/13737] ✗ 31076c03 - Bricklink 上不存在该零件
[03:52:28] [3445/13737] ✗ 31076c04 - Bricklink 上不存在该零件
[03:52:33] [3446/13737] ✓ 31077 = 20.96g
[03:52:38] [3447/13737] ✓ 31078c01 = 65.0g
[03:52:44] [3448/13737] ✓ 31080c01 = 37.48g
[03:52:48] [3449/13737] ✓ 31088 = 20.0g
[03:52:54] [3450/13737] ✓ 31110 = 12.75g
[03:52:54] 进度 3450/13737 (25.1%) | 成功 2418 失败 1032 | 成功率 70.1% | 平均 7.6s/个 | 剩余 21.7h
[03:53:00] [3451/13737] ✓ 31111 = 23.5g
[03:53:05] [3452/13737] ✓ 31113 = 78.8g
[03:53:10] [3453/13737] ✓ 31117 = 19.0g
[03:53:16] [3454/13737] ✓ 31118 = 19.0g
[03:53:21] [3455/13737] ✓ 31119 = 19.0g
[03:53:28] [3456/13737] ✗ 31127c01 - Bricklink 上不存在该零件
[03:53:34] [3457/13737] ✗ 31127c02 - Bricklink 上不存在该零件
[03:53:41] [3458/13737] ✗ 31127c03 - Bricklink 上不存在该零件
[03:53:47] [3459/13737] ✗ 31127c04 - Bricklink 上不存在该零件
[03:53:52] [3460/13737] ✗ 31127c05 - Bricklink 上不存在该零件
[03:53:52] 进度 3460/13737 (25.2%) | 成功 2423 失败 1037 | 成功率 70.0% | 平均 7.6s/个 | 剩余 21.6h
[03:53:59] [3461/13737] ✗ 31127c06 - Bricklink 上不存在该零件
[03:54:04] [3462/13737] ✓ 31133 = 131.0g
[03:54:10] [3463/13737] ✗ 31134 - Bricklink 上不存在该零件
[03:54:14] [3464/13737] ✗ 31135 - 未在页面中找到重量数据
[03:54:18] [3465/13737] ✗ 31136 - 未在页面中找到重量数据
[03:54:25] [3466/13737] ✓ 31137 = 34.0g
[03:54:30] [3467/13737] ✓ 31148 = 74.2g
[03:54:35] [3468/13737] ✓ 31149 = 106.2g
[03:54:39] [3469/13737] ✓ 31150 = 1.0g
[03:54:45] [3470/13737] ✓ 31153 = 17.0g
[03:54:45] 进度 3470/13737 (25.3%) | 成功 2429 失败 1041 | 成功率 70.0% | 平均 7.6s/个 | 剩余 21.6h
[03:54:49] [3471/13737] ✗ 31155c01 - Bricklink 上不存在该零件
[03:54:55] [3472/13737] ✗ 31155c02 - Bricklink 上不存在该零件
[03:55:01] [3473/13737] ✗ 31155c03 - Bricklink 上不存在该零件
[03:55:06] [3474/13737] ✓ 31157 = 50.0g
[03:55:10] [3475/13737] ✓ 31164 = 36.0g
[03:55:15] [3476/13737] ✓ 31165 = 24.0g
[03:55:21] [3477/13737] ✓ 31167 = 6.0g
[03:55:26] [3478/13737] ✓ 31168 = 10.0g
[03:55:31] [3479/13737] ✓ 31169 = 8.37g
[03:55:38] [3480/13737] ✓ 31170 = 20.0g
[03:55:38] 进度 3480/13737 (25.3%) | 成功 2436 失败 1044 | 成功率 70.0% | 平均 7.6s/个 | 剩余 21.5h
[03:55:44] [3481/13737] ✓ 31171 = 5.18g
[03:55:49] [3482/13737] ✓ 31174c01 = 58.0g
[03:55:54] [3483/13737] ✓ 31174c03 = 58.0g
[03:55:59] [3484/13737] ✓ 31174c04 = 58.0g
[03:56:05] [3485/13737] ✓ 31176 = 64.0g
[03:56:10] [3486/13737] ✓ 31177 = 76.0g
[03:56:15] [3487/13737] ✓ 31178 = 35.0g
[03:56:20] [3488/13737] ✓ 3118 = 3.9g
[03:56:26] [3489/13737] ✓ 31180 = 15.0g
[03:56:31] [3490/13737] ✓ 31182 = 6.0g
[03:56:31] 进度 3490/13737 (25.4%) | 成功 2446 失败 1044 | 成功率 70.1% | 平均 7.6s/个 | 剩余 21.5h
[03:56:36] [3491/13737] ✓ 31184c01 = 14.0g
[03:56:42] [3492/13737] ✗ 31189 - Bricklink 上不存在该零件
[03:56:47] [3493/13737] ✓ 31191 = 36.83g
[03:56:52] [3494/13737] ✓ 31193 = 8.0g
[03:56:58] [3495/13737] ✓ 31195 = 12.7g
[03:57:03] [3496/13737] ✓ 31196c01 = 40.0g
[03:57:08] [3497/13737] ✓ 31202c01 = 14.0g
[03:57:14] [3498/13737] ✓ 31202c02 = 14.0g
[03:57:19] [3499/13737] ✓ 31202c03 = 14.0g
[03:57:24] [3500/13737] ✓ 31202c04 = 14.0g
[03:57:24] 进度 3500/13737 (25.5%) | 成功 2455 失败 1045 | 成功率 70.1% | 平均 7.5s/个 | 剩余 21.5h
[03:57:31] [3501/13737] ✓ 31205 = 35.9g
[03:57:34] [3502/13737] ✓ 31206 = 41.0g
[03:57:40] [3503/13737] ✓ 31207 = 41.0g
[03:57:44] [3504/13737] ✓ 31208 = 29.0g
[03:57:50] [3505/13737] ✓ 31210 = 43.0g
[03:57:54] [3506/13737] ✓ 31211 = 39.6g
[03:58:00] [3507/13737] ✓ 31213 = 18.0g
[03:58:06] [3508/13737] ✓ 31215 = 19.2g
[03:58:12] [3509/13737] ✗ 31216c01 - Bricklink 上不存在该零件
[03:58:18] [3510/13737] ✗ 31216c02 - Bricklink 上不存在该零件
[03:58:18] 进度 3510/13737 (25.6%) | 成功 2463 失败 1047 | 成功率 70.2% | 平均 7.5s/个 | 剩余 21.4h
[03:58:23] [3511/13737] ✓ 31218 = 20.6g
[03:58:28] [3512/13737] ✓ 31220 = 9.7g
[03:58:34] [3513/13737] ✓ 31222 = 15.4g
[03:58:38] [3514/13737] ✓ 31223 = 18.0g
[03:58:42] [3515/13737] ✓ 31225 = 28.4g
[03:58:47] [3516/13737] ✓ 31228 = 25.6g
[03:58:51] [3517/13737] ✓ 31230 = 47.0g
[03:58:55] [3518/13737] ✓ 31235c01 = 86.0g
[03:59:01] [3519/13737] ✓ 31238 = 31.88g
[03:59:06] [3520/13737] ✓ 31239c01 = 13.0g
[03:59:06] 进度 3520/13737 (25.6%) | 成功 2473 失败 1047 | 成功率 70.3% | 平均 7.5s/个 | 剩余 21.4h
[03:59:12] [3521/13737] ✓ 31248c01 = 15.0g
[03:59:18] [3522/13737] ✓ 31255c01 = 134.0g
[03:59:24] [3523/13737] ✗ 31255c02 - Bricklink 上不存在该零件
[03:59:29] [3524/13737] ✓ 31258 = 32.0g
[03:59:34] [3525/13737] ✓ 31260 = 5.42g
[03:59:39] [3526/13737] ✓ 31261 = 6.0g
[03:59:43] [3527/13737] ✓ 31263 = 92.59g
[03:59:49] [3528/13737] ✗ 3127 - Bricklink 上不存在该零件
[03:59:54] [3529/13737] ✓ 3127b = 0.5g
[04:00:00] [3530/13737] ✗ 31282 - Bricklink 上不存在该零件
[04:00:00] 进度 3530/13737 (25.7%) | 成功 2480 失败 1050 | 成功率 70.3% | 平均 7.5s/个 | 剩余 21.3h
[04:00:04] [3531/13737] ✓ 31284 = 11.0g
[04:00:08] [3532/13737] ✓ 31285c01 = 26.0g
[04:00:14] [3533/13737] ✓ 31287c01 = 10.5g
[04:00:20] [3534/13737] ✓ 31287c02 = 10.48g
[04:00:25] [3535/13737] ✓ 31287c03 = 10.5g
[04:00:31] [3536/13737] ✓ 3129 = 0.26g
[04:00:35] [3537/13737] ✓ 31291 = 55.0g
[04:00:40] [3538/13737] ✓ 31298c01 = 36.0g
[04:00:46] [3539/13737] ✓ 31299 = 26.0g
[04:00:52] [3540/13737] ✓ 312c = 0.9g
[04:00:52] 进度 3540/13737 (25.8%) | 成功 2490 失败 1050 | 成功率 70.3% | 平均 7.5s/个 | 剩余 21.3h
[04:00:57] [3541/13737] ✓ 313 = 0.14g
[04:01:01] [3542/13737] ✓ 3130 = 0.61g
[04:01:05] [3543/13737] ✓ 31300c01 = 58.0g
[04:01:09] [3544/13737] ✓ 31300c03 = 58.0g
[04:01:14] [3545/13737] ✓ 31301 = 24.0g
[04:01:18] [3546/13737] ✓ 31302 = 16.0g
[04:01:24] [3547/13737] ✓ 31303 = 25.0g
[04:01:29] [3548/13737] ✓ 3131 = 0.73g
[04:01:34] [3549/13737] ✗ 31310c01 - Bricklink 上不存在该零件
[04:01:40] [3550/13737] ✗ 31310c02 - Bricklink 上不存在该零件
[04:01:40] 进度 3550/13737 (25.8%) | 成功 2498 失败 1052 | 成功率 70.4% | 平均 7.5s/个 | 剩余 21.3h
[04:01:46] [3551/13737] ✗ 31310c04 - Bricklink 上不存在该零件
[04:01:51] [3552/13737] ✗ 31310c05 - Bricklink 上不存在该零件
[04:01:56] [3553/13737] ✗ 31310c06 - Bricklink 上不存在该零件
[04:02:01] [3554/13737] ✗ 31311c03 - Bricklink 上不存在该零件
[04:02:06] [3555/13737] ✓ 31313 = 28.0g
[04:02:12] [3556/13737] ✓ 31314 = 15.0g
[04:02:16] [3557/13737] ✓ 31317 = 101.0g
[04:02:21] [3558/13737] ✓ 3132 = 4.45g
[04:02:25] [3559/13737] ✓ 31320c01 = 27.0g
[04:02:31] [3560/13737] ✓ 31321 = 6.0g
[04:02:31] 进度 3560/13737 (25.9%) | 成功 2504 失败 1056 | 成功率 70.3% | 平均 7.5s/个 | 剩余 21.2h
[04:02:36] [3561/13737] ✓ 31323 = 19.0g
[04:02:41] [3562/13737] ✓ 31324 = 7.0g
[04:02:46] [3563/13737] ✓ 31325 = 27.0g
[04:02:52] [3564/13737] ✓ 31330 = 16.43g
[04:02:58] [3565/13737] ✓ 31331 = 6.0g
[04:03:03] [3566/13737] ✓ 31333 = 4.9g
[04:03:09] [3567/13737] ✓ 31334 = 10.0g
[04:03:13] [3568/13737] ✓ 3134 = 0.4g
[04:03:17] [3569/13737] ✓ 3134a = 0.4g
[04:03:22] [3570/13737] ✓ 3135 = 2.0g
[04:03:22] 进度 3570/13737 (26.0%) | 成功 2514 失败 1056 | 成功率 70.4% | 平均 7.5s/个 | 剩余 21.2h
[04:03:27] [3571/13737] ✓ 31350c01 = 10.0g
[04:03:31] [3572/13737] ✓ 31351 = 12.0g
[04:03:36] [3573/13737] ✓ 3135c01 = 2.5g
[04:03:41] [3574/13737] ✓ 3135c02 = 2.5g
[04:03:47] [3575/13737] ✓ 3135c03 = 2.5g
[04:03:53] [3576/13737] ✓ 3135c04 = 2.5g
[04:03:58] [3577/13737] ✓ 3136 = 0.52g
[04:04:04] [3578/13737] ✓ 31365 = 241.0g
[04:04:09] [3579/13737] ✓ 31366 = 25.04g
[04:04:13] [3580/13737] ✓ 31367 = 22.0g
[04:04:13] 进度 3580/13737 (26.1%) | 成功 2524 失败 1056 | 成功率 70.5% | 平均 7.5s/个 | 剩余 21.1h
[04:04:18] [3581/13737] ✓ 31368 = 25.0g
[04:04:24] [3582/13737] ✓ 31371 = 91.0g
[04:04:29] [3583/13737] ✓ 3137c01 = 2.44g
[04:04:33] [3584/13737] ✓ 3137c02 = 2.44g
[04:04:39] [3585/13737] ✓ 31381c01 = 44.0g
[04:04:43] [3586/13737] ✓ 31382c01 = 30.0g
[04:04:48] [3587/13737] ✓ 31384 = 247.0g
[04:04:53] [3588/13737] ✓ 3139 = 0.4g
[04:04:58] [3589/13737] ✓ 314 = 1.42g
[04:05:04] [3590/13737] ✓ 31426c01 = 44.0g
[04:05:04] 进度 3590/13737 (26.1%) | 成功 2534 失败 1056 | 成功率 70.6% | 平均 7.5s/个 | 剩余 21.1h
[04:05:10] [3591/13737] ✓ 3144 = 0.74g
[04:05:15] [3592/13737] ✓ 31441 = 82.0g
[04:05:22] [3593/13737] ✓ 31442 = 30.0g
[04:05:26] [3594/13737] ✓ 31445 = 8.0g
[04:05:31] [3595/13737] ✓ 31447 = 67.0g
[04:05:35] [3596/13737] ✓ 3145 = 2.65g
[04:05:40] [3597/13737] ✓ 31452 = 23.0g
[04:05:46] [3598/13737] ✓ 31453 = 29.0g
[04:05:52] [3599/13737] ✗ 31461 - Bricklink 上不存在该零件
[04:05:56] [3600/13737] ✓ 31464 = 17.0g
[04:05:56] 进度 3600/13737 (26.2%) | 成功 2543 失败 1057 | 成功率 70.6% | 平均 7.5s/个 | 剩余 21.1h
[04:06:00] [3601/13737] ✓ 31465 = 18.0g
[04:06:05] [3602/13737] ✓ 3146c01 = 32.0g
[04:06:10] [3603/13737] ✓ 3149 = 1.2g
[04:06:16] [3604/13737] ✓ 3149ac01 = 2.75g
[04:06:21] [3605/13737] ✗ 3149bc01 - Bricklink 上不存在该零件
[04:06:28] [3606/13737] ✗ 3149cc01 - Bricklink 上不存在该零件
[04:06:34] [3607/13737] ✗ 3149dc01 - Bricklink 上不存在该零件
[04:06:39] [3608/13737] ✗ 3149ec01 - Bricklink 上不存在该零件
[04:06:46] [3609/13737] ✗ 3149fc01 - Bricklink 上不存在该零件
[04:06:51] [3610/13737] ✓ 31507c01 = 57.8g
[04:06:51] 进度 3610/13737 (26.3%) | 成功 2548 失败 1062 | 成功率 70.6% | 平均 7.5s/个 | 剩余 21.0h
[04:06:56] [3611/13737] ✓ 3156 = 0.22g
[04:07:01] [3612/13737] ✓ 3157 = 1.0g
[04:07:08] [3613/13737] ✗ 31572cbd01 - Bricklink 上不存在该零件
[04:07:13] [3614/13737] ✓ 3160 = 6.48g
[04:07:17] [3615/13737] ✓ 31605c01 = 54.0g
[04:07:23] [3616/13737] ✓ 31605c02 = 54.0g
[04:07:28] [3617/13737] ✓ 31608c01 = 59.0g
[04:07:33] [3618/13737] ✓ 31609c01 = 49.0g
[04:07:39] [3619/13737] ✓ 3161 = 3.96g
[04:07:44] [3620/13737] ✓ 31615 = 54.0g
[04:07:44] 进度 3620/13737 (26.4%) | 成功 2557 失败 1063 | 成功率 70.6% | 平均 7.5s/个 | 剩余 21.0h
[04:07:49] [3621/13737] ✓ 31616 = 15.0g
[04:07:54] [3622/13737] ✓ 31622 = 10.0g
[04:07:58] [3623/13737] ✓ 31623 = 4.0g
[04:08:04] [3624/13737] ✓ 31624 = 22.0g
[04:08:09] [3625/13737] ✓ 31625 = 14.0g
[04:08:15] [3626/13737] ✗ 31627c01 - Bricklink 上不存在该零件
[04:08:22] [3627/13737] ✗ 31627c02 - Bricklink 上不存在该零件
[04:08:28] [3628/13737] ✓ 3162c01 = 174.0g
[04:08:34] [3629/13737] ✗ 31632c01 - Bricklink 上不存在该零件
[04:08:40] [3630/13737] ✗ 31637 - Bricklink 上不存在该零件
[04:08:40] 进度 3630/13737 (26.4%) | 成功 2563 失败 1067 | 成功率 70.6% | 平均 7.5s/个 | 剩余 21.0h
[04:08:46] [3631/13737] ✗ 31652 - 未在页面中找到重量数据
[04:08:50] [3632/13737] ✓ 31657 = 32.0g
[04:08:54] [3633/13737] ✓ 3166 = 2.0g
[04:08:58] [3634/13737] ✓ 3167 = 1.18g
[04:09:04] [3635/13737] ✗ 31698 - 未在页面中找到重量数据
[04:09:09] [3636/13737] ✓ 3170 = 0.64g
[04:09:14] [3637/13737] ✓ 3171 = 0.34g
[04:09:19] [3638/13737] ✓ 3172 = 0.53g
[04:09:25] [3639/13737] ✗ 3173 - Bricklink 上不存在该零件
[04:09:30] [3640/13737] ✓ 3176 = 0.8g
[04:09:30] 进度 3640/13737 (26.5%) | 成功 2570 失败 1070 | 成功率 70.6% | 平均 7.5s/个 | 剩余 20.9h
[04:09:36] [3641/13737] ✗ 31763c01 - Bricklink 上不存在该零件
[04:09:41] [3642/13737] ✗ 31763c02 - Bricklink 上不存在该零件
[04:09:46] [3643/13737] ✗ 31767 - 未在页面中找到重量数据
[04:09:52] [3644/13737] ✓ 3176c01 = 1.62g
[04:09:59] [3645/13737] ✗ 3176c99 - Bricklink 上不存在该零件
[04:10:05] [3646/13737] ✓ 3177 = 0.26g
[04:10:12] [3647/13737] ✗ 31772 - Bricklink 上不存在该零件
[04:10:18] [3648/13737] ✗ 3178400480 - Bricklink 上不存在该零件
[04:10:22] [3649/13737] ✓ 31785 = 0.53g
[04:10:28] [3650/13737] ✓ 31794 = 1.25g
[04:10:28] 进度 3650/13737 (26.6%) | 成功 2574 失败 1076 | 成功率 70.5% | 平均 7.5s/个 | 剩余 20.9h
[04:10:33] [3651/13737] ✓ 3183a = 1.0g
[04:10:38] [3652/13737] ✓ 3183b = 0.9g
[04:10:43] [3653/13737] ✓ 3183c = 0.89g
[04:10:48] [3654/13737] ✓ 3184 = 0.81g
[04:10:54] [3655/13737] ✓ 3185 = 1.19g
[04:11:00] [3656/13737] ✓ 3186 = 1.06g
[04:11:05] [3657/13737] ✓ 3187 = 0.72g
[04:11:10] [3658/13737] ✓ 3188 = 1.13g
[04:11:17] [3659/13737] ✓ 3188a = 1.13g
[04:11:22] [3660/13737] ✓ 3189 = 1.13g
[04:11:22] 进度 3660/13737 (26.6%) | 成功 2584 失败 1076 | 成功率 70.6% | 平均 7.4s/个 | 剩余 20.8h
[04:11:26] [3661/13737] ✓ 3189a = 1.13g
[04:11:30] [3662/13737] ✓ 3190 = 1.88g
[04:11:36] [3663/13737] ✗ 31901 - Bricklink 上不存在该零件
[04:11:42] [3664/13737] ✓ 3190a = 1.88g
[04:11:47] [3665/13737] ✓ 3191 = 1.88g
[04:11:52] [3666/13737] ✗ 3192 - Bricklink 上不存在该零件
[04:11:58] [3667/13737] ✓ 31925 = 4.0g
[04:12:03] [3668/13737] ✗ 3192a - Bricklink 上不存在该零件
[04:12:09] [3669/13737] ✗ 3193 - Bricklink 上不存在该零件
[04:12:16] [3670/13737] ✗ 3193a - Bricklink 上不存在该零件
[04:12:16] 进度 3670/13737 (26.7%) | 成功 2589 失败 1081 | 成功率 70.5% | 平均 7.4s/个 | 剩余 20.8h
[04:12:22] [3671/13737] ✓ 3194 = 3.3g
[04:12:26] [3672/13737] ✓ 3194a = 3.3g
[04:12:32] [3673/13737] ✓ 3195 = 3.3g
[04:12:37] [3674/13737] ✓ 3195a = 3.3g
[04:12:42] [3675/13737] ✓ 31964 = 14.25g
[04:12:48] [3676/13737] ✗ 31966 - Bricklink 上不存在该零件
[04:12:56] [3677/13737] ✓ 31990 = 0.27g
[04:13:01] [3678/13737] ✓ 31a = 1.0g
[04:13:06] [3679/13737] ✓ 31ac01 = 1.0g
[04:13:11] [3680/13737] ✓ 31b = 1.31g
[04:13:11] 进度 3680/13737 (26.8%) | 成功 2598 失败 1082 | 成功率 70.6% | 平均 7.4s/个 | 剩余 20.8h
[04:13:16] [3681/13737] ✓ 31bc01 = 1.36g
[04:13:22] [3682/13737] ✓ 31c = 1.0g
[04:13:27] [3683/13737] ✗ 31cc01 - Bricklink 上不存在该零件
[04:13:32] [3684/13737] ✗ 31d - Bricklink 上不存在该零件
[04:13:38] [3685/13737] ✓ 32000 = 0.73g
[04:13:45] [3686/13737] ✓ 32001 = 1.5g
[04:13:49] [3687/13737] ✓ 32002 = 0.11g
[04:13:54] [3688/13737] ✓ 32003 = 32.5g
[04:14:00] [3689/13737] ✓ 32004a = 8.0g
[04:14:04] [3690/13737] ✓ 32004b = 7.0g
[04:14:04] 进度 3690/13737 (26.9%) | 成功 2606 失败 1084 | 成功率 70.6% | 平均 7.4s/个 | 剩余 20.7h
[04:14:09] [3691/13737] ✗ 32005a - Bricklink 上不存在该零件
[04:14:15] [3692/13737] ✗ 32005b - Bricklink 上不存在该零件
[04:14:20] [3693/13737] ✓ 32007 = 2.38g
[04:14:25] [3694/13737] ✓ 32008 = 1.05g
[04:14:30] [3695/13737] ✓ 32009 = 3.46g
[04:14:35] [3696/13737] ✓ 3201 = 1.13g
[04:14:41] [3697/13737] ✓ 32012 = 1.07g
[04:14:46] [3698/13737] ✓ 32013 = 0.46g
[04:14:52] [3699/13737] ✓ 32014 = 0.66g
[04:14:59] [3700/13737] ✓ 32015 = 0.69g
[04:14:59] 进度 3700/13737 (26.9%) | 成功 2614 失败 1086 | 成功率 70.6% | 平均 7.4s/个 | 剩余 20.7h
[04:15:04] [3701/13737] ✓ 32016 = 0.67g
[04:15:10] [3702/13737] ✓ 32017 = 0.58g
[04:15:14] [3703/13737] ✓ 32018 = 4.92g
[04:15:20] [3704/13737] ✓ 32019 = 26.5g
[04:15:24] [3705/13737] ✓ 32020 = 6.71g
[04:15:30] [3706/13737] ✗ 32021 - Bricklink 上不存在该零件
[04:15:34] [3707/13737] ✓ 32023 = 15.0g
[04:15:40] [3708/13737] ✓ 32028 = 0.44g
[04:15:46] [3709/13737] ✓ 32030 = 38.0g
[04:15:51] [3710/13737] ✓ 32034 = 0.68g
[04:15:51] 进度 3710/13737 (27.0%) | 成功 2623 失败 1087 | 成功率 70.7% | 平均 7.4s/个 | 剩余 20.7h
[04:15:55] [3711/13737] ✓ 32037 = 0.25g
[04:16:01] [3712/13737] ✓ 32038 = 4.02g
[04:16:06] [3713/13737] ✓ 32039 = 0.32g
[04:16:10] [3714/13737] ✓ 3204 = 1.35g
[04:16:16] [3715/13737] ✓ 32054 = 0.33g
[04:16:23] [3716/13737] ✓ 32056 = 0.73g
[04:16:27] [3717/13737] ✓ 32057 = 8.34g
[04:16:33] [3718/13737] ✓ 32059 = 3.0g
[04:16:38] [3719/13737] ✓ 3206 = 0.64g
[04:16:43] [3720/13737] ✓ 32060 = 0.8g
[04:16:43] 进度 3720/13737 (27.1%) | 成功 2633 失败 1087 | 成功率 70.8% | 平均 7.4s/个 | 剩余 20.6h
[04:16:48] [3721/13737] ✓ 32062 = 0.26g
[04:16:53] [3722/13737] ✓ 32063 = 0.8g
[04:16:59] [3723/13737] ✓ 32064a = 0.76g
[04:17:05] [3724/13737] ✗ 32064b - Bricklink 上不存在该零件
[04:17:11] [3725/13737] ✗ 32064c - Bricklink 上不存在该零件
[04:17:18] [3726/13737] ✓ 32065 = 0.9g
[04:17:22] [3727/13737] ✓ 32068 = 0.71g
[04:17:27] [3728/13737] ✓ 32069 = 1.25g
[04:17:32] [3729/13737] ✓ 32072 = 0.87g
[04:17:37] [3730/13737] ✓ 32073 = 0.66g
[04:17:37] 进度 3730/13737 (27.2%) | 成功 2641 失败 1089 | 成功率 70.8% | 平均 7.4s/个 | 剩余 20.6h
[04:17:43] [3731/13737] ✓ 32074c01 = 7.15g
[04:17:47] [3732/13737] ✓ 32074c02 = 7.15g
[04:17:53] [3733/13737] ✓ 32074c03 = 7.15g
[04:17:57] [3734/13737] ✓ 32076 = 16.5g
[04:18:01] [3735/13737] ✓ 32077 = 12.1g
[04:18:07] [3736/13737] ✓ 32078 = 33.75g
[04:18:12] [3737/13737] ✓ 32079 = 2.95g
[04:18:17] [3738/13737] ✓ 32083 = 5.91g
[04:18:21] [3739/13737] ✓ 32084 = 8.2g
[04:18:26] [3740/13737] ✓ 32085 = 15.54g
[04:18:26] 进度 3740/13737 (27.2%) | 成功 2651 失败 1089 | 成功率 70.9% | 平均 7.4s/个 | 剩余 20.6h
[04:18:31] [3741/13737] ✗ 32086 - Bricklink 上不存在该零件
[04:18:38] [3742/13737] ✗ 32087 - Bricklink 上不存在该零件
[04:18:43] [3743/13737] ✓ 32089 = 2.38g
[04:18:48] [3744/13737] ✓ 32090 = 14.14g
[04:18:53] [3745/13737] ✓ 32094 = 63.0g
[04:19:08] [3746/13737] ✓ 32104c01 = 99.5g
[04:19:12] [3747/13737] ✗ 32123a - Bricklink 上不存在该零件
[04:19:18] [3748/13737] ✗ 32123b - Bricklink 上不存在该零件
[04:19:24] [3749/13737] ✓ 32124 = 0.86g
[04:19:29] [3750/13737] ✓ 32125 = 1.25g
[04:19:29] 进度 3750/13737 (27.3%) | 成功 2657 失败 1093 | 成功率 70.9% | 平均 7.4s/个 | 剩余 20.5h
[04:19:35] [3751/13737] ✗ 32126 - Bricklink 上不存在该零件
[04:19:40] [3752/13737] ✓ 32132 = 2.62g
[04:19:45] [3753/13737] ✓ 32133bc01 = 4.48g
[04:19:51] [3754/13737] ✓ 32133bc02 = 9.7g
[04:19:56] [3755/13737] ✓ 32137 = 2.33g
[04:20:05] [3756/13737] ✓ 32138 = 0.96g
[04:20:10] [3757/13737] ✓ 32140 = 1.43g
[04:20:14] [3758/13737] ✓ 32143 = 44.0g
[04:20:20] [3759/13737] ✓ 32144 = 14.0g
[04:20:24] [3760/13737] ✓ 32146 = 3.0g
[04:20:24] 进度 3760/13737 (27.4%) | 成功 2666 失败 1094 | 成功率 70.9% | 平均 7.4s/个 | 剩余 20.5h
[04:20:30] [3761/13737] ✓ 3216 = 0.83g
[04:20:35] [3762/13737] ✓ 32165 = 4.41g
[04:20:41] [3763/13737] ✓ 32166 = 3.0g
[04:20:48] [3764/13737] ✓ 32167 = 2.5g
[04:20:54] [3765/13737] ✓ 32168 = 3.0g
[04:21:01] [3766/13737] ✗ 32169 - Bricklink 上不存在该零件
[04:21:06] [3767/13737] ✓ 3217 = 1.17g
[04:21:10] [3768/13737] ✓ 32170 = 2.0g
[04:21:16] [3769/13737] ✓ 32171 = 1.42g
[04:21:22] [3770/13737] ✓ 32172 = 2.0g
[04:21:22] 进度 3770/13737 (27.4%) | 成功 2675 失败 1095 | 成功率 71.0% | 平均 7.4s/个 | 剩余 20.5h
[04:21:26] [3771/13737] ✓ 32173 = 2.64g
[04:21:32] [3772/13737] ✓ 32174 = 1.1g
[04:21:38] [3773/13737] ✓ 32175 = 0.88g
[04:21:44] [3774/13737] ✗ 32176 - Bricklink 上不存在该零件
[04:21:50] [3775/13737] ✓ 32177 = 2.7g
[04:21:54] [3776/13737] ✓ 3218 = 1.48g
[04:21:59] [3777/13737] ✓ 32180 = 22.17g
[04:22:03] [3778/13737] ✓ 32181c03 = 5.2g
[04:22:09] [3779/13737] ✓ 32184 = 0.64g
[04:22:14] [3780/13737] ✓ 32185 = 2.8g
[04:22:14] 进度 3780/13737 (27.5%) | 成功 2684 失败 1096 | 成功率 71.0% | 平均 7.4s/个 | 剩余 20.4h
[04:22:18] [3781/13737] ✓ 32186 = 0.82g
[04:22:24] [3782/13737] ✓ 32187 = 0.5g
[04:22:29] [3783/13737] ✓ 32188 = 6.25g
[04:22:34] [3784/13737] ✓ 32189 = 6.25g
[04:22:39] [3785/13737] ✓ 32190 = 3.2g
[04:22:45] [3786/13737] ✓ 32191 = 3.2g
[04:22:52] [3787/13737] ✓ 32192 = 0.69g
[04:22:57] [3788/13737] ✓ 32193 = 3.33g
[04:23:03] [3789/13737] ✗ 32194 - Bricklink 上不存在该零件
[04:23:09] [3790/13737] ✓ 32195a = 1.82g
[04:23:09] 进度 3790/13737 (27.6%) | 成功 2693 失败 1097 | 成功率 71.1% | 平均 7.4s/个 | 剩余 20.4h
[04:23:14] [3791/13737] ✓ 32195b = 1.9g
[04:23:19] [3792/13737] ✓ 32196 = 49.0g
[04:23:23] [3793/13737] ✓ 32197 = 18.0g
[04:23:29] [3794/13737] ✓ 32198 = 0.75g
[04:23:35] [3795/13737] ✓ 32199 = 0.92g
[04:23:40] [3796/13737] ✓ 3220 = 1.79g
[04:23:46] [3797/13737] ✓ 32200 = 1.0g
[04:23:52] [3798/13737] ✓ 32201 = 1.19g
[04:23:58] [3799/13737] ✓ 32202 = 1.36g
[04:24:02] [3800/13737] ✓ 32203 = 2.15g
[04:24:02] 进度 3800/13737 (27.7%) | 成功 2703 失败 1097 | 成功率 71.1% | 平均 7.4s/个 | 剩余 20.4h
[04:24:07] [3801/13737] ✓ 32204 = 3.58g
[04:24:12] [3802/13737] ✓ 32205 = 2.82g
[04:24:20] [3803/13737] ✓ 32206 = 3.97g
[04:24:24] [3804/13737] ✓ 32207 = 0.81g
[04:24:29] [3805/13737] ✓ 32208 = 7.4g
[04:24:33] [3806/13737] ✓ 32209 = 0.83g
[04:24:39] [3807/13737] ✓ 3221 = 0.96g
[04:24:45] [3808/13737] ✓ 32210 = 0.77g
[04:24:49] [3809/13737] ✓ 32211 = 1.2g
[04:24:55] [3810/13737] ✓ 32212 = 0.8g
[04:24:55] 进度 3810/13737 (27.7%) | 成功 2713 失败 1097 | 成功率 71.2% | 平均 7.4s/个 | 剩余 20.3h
[04:25:00] [3811/13737] ✓ 32213 = 11.78g
[04:25:04] [3812/13737] ✓ 32214 = 7.58g
[04:25:09] [3813/13737] ✓ 32216 = 16.24g
[04:25:14] [3814/13737] ✓ 32218 = 9.28g
[04:25:20] [3815/13737] ✓ 32219 = 5.41g
[04:25:24] [3816/13737] ✓ 32220 = 17.98g
[04:25:29] [3817/13737] ✓ 32221 = 1.8g
[04:25:33] [3818/13737] ✓ 32225 = 23.06g
[04:25:38] [3819/13737] ✓ 32229 = 4.83g
[04:25:42] [3820/13737] ✓ 32230 = 3.73g
[04:25:42] 进度 3820/13737 (27.8%) | 成功 2723 失败 1097 | 成功率 71.3% | 平均 7.4s/个 | 剩余 20.3h
[04:25:48] [3821/13737] ✓ 32235 = 1.5g
[04:25:53] [3822/13737] ✓ 3224 = 0.94g
[04:25:59] [3823/13737] ✓ 32242 = 1.7g
[04:26:05] [3824/13737] ✓ 32246 = 4.82g
[04:26:10] [3825/13737] ✓ 32247 = 7.07g
[04:26:17] [3826/13737] ✓ 32249 = 0.98g
[04:26:22] [3827/13737] ✓ 32250 = 1.44g
[04:26:28] [3828/13737] ✓ 32251 = 2.29g
[04:26:33] [3829/13737] ✓ 3226 = 14.0g
[04:26:38] [3830/13737] ✓ 32269 = 1.4g
[04:26:38] 进度 3830/13737 (27.9%) | 成功 2733 失败 1097 | 成功率 71.4% | 平均 7.4s/个 | 剩余 20.2h
[04:26:45] [3831/13737] ✓ 32270 = 0.58g
[04:26:51] [3832/13737] ✓ 32271 = 2.63g
[04:26:55] [3833/13737] ✓ 32273c01 = 4.5g
[04:27:02] [3834/13737] ✓ 32278 = 4.0g
[04:27:06] [3835/13737] ✓ 32279 = 1.8g
[04:27:12] [3836/13737] ✗ 3228 - Bricklink 上不存在该零件
[04:27:18] [3837/13737] ✓ 32280 = 1.25g
[04:27:23] [3838/13737] ✓ 32281 = 2.0g
[04:27:28] [3839/13737] ✓ 32283c01 = 21.0g
[04:27:33] [3840/13737] ✓ 32283c02 = 21.0g
[04:27:33] 进度 3840/13737 (28.0%) | 成功 2742 失败 1098 | 成功率 71.4% | 平均 7.4s/个 | 剩余 20.2h
[04:27:38] [3841/13737] ✓ 32283c03 = 21.0g
[04:27:43] [3842/13737] ✗ 32288c01 - Bricklink 上不存在该零件
[04:28:08] [3843/13737] ✗ 32288c02 - Bricklink 上不存在该零件
[04:28:14] [3844/13737] ✓ 3228a = 3.15g
[04:28:20] [3845/13737] ✓ 3228b = 2.96g
[04:28:25] [3846/13737] ✓ 3228c = 3.02g
[04:28:29] [3847/13737] ✓ 3229 = 3.06g
[04:28:35] [3848/13737] ✓ 32291 = 0.6g
[04:28:40] [3849/13737] ✓ 32293 = 1.11g
[04:28:45] [3850/13737] ✗ 32294 - Bricklink 上不存在该零件
[04:28:45] 进度 3850/13737 (28.0%) | 成功 2749 失败 1101 | 成功率 71.4% | 平均 7.4s/个 | 剩余 20.2h
[04:28:50] [3851/13737] ✓ 32296 = 68.0g
[04:28:55] [3852/13737] ✓ 32298 = 170.0g
[04:29:01] [3853/13737] ✓ 3229a = 3.1g
[04:29:06] [3854/13737] ✓ 3229b = 3.2g
[04:29:11] [3855/13737] ✓ 3230 = 2.66g
[04:29:16] [3856/13737] ✓ 32305 = 10.2g
[04:29:22] [3857/13737] ✓ 32306 = 2.97g
[04:29:27] [3858/13737] ✓ 32307 = 3.46g
[04:29:37] [3859/13737] ✓ 32308 = 4.4g
[04:29:42] [3860/13737] ✓ 3230a = 2.72g
[04:29:42] 进度 3860/13737 (28.1%) | 成功 2759 失败 1101 | 成功率 71.5% | 平均 7.3s/个 | 剩余 20.2h
[04:29:47] [3861/13737] ✓ 3230b = 3.1g
[04:29:54] [3862/13737] ✗ 3231 - Bricklink 上不存在该零件
[04:29:59] [3863/13737] ✓ 32310 = 3.5g
[04:30:05] [3864/13737] ✓ 32311 = 4.13g
[04:30:10] [3865/13737] ✓ 32316 = 1.25g
[04:30:16] [3866/13737] ✓ 3231b = 11.0g
[04:30:22] [3867/13737] ✓ 3232 = 22.0g
[04:30:27] [3868/13737] ✓ 32324 = 4.25g
[04:30:33] [3869/13737] ✗ 3233 - Bricklink 上不存在该零件
[04:30:37] [3870/13737] ✓ 32333 = 2.9g
[04:30:37] 进度 3870/13737 (28.2%) | 成功 2767 失败 1103 | 成功率 71.5% | 平均 7.3s/个 | 剩余 20.1h
[04:30:43] [3871/13737] ✗ 32342c01 - Bricklink 上不存在该零件
[04:30:48] [3872/13737] ✓ 32344 = 5.1g
[04:30:58] [3873/13737] ✓ 32344c01 = 86.0g
[04:31:02] [3874/13737] ✓ 32344c02 = 86.0g
[04:31:08] [3875/13737] ✗ 32344c03 - Bricklink 上不存在该零件
[04:31:13] [3876/13737] ✓ 32348 = 2.0g
[04:31:18] [3877/13737] ✓ 32349 = 2.3g
[04:31:22] [3878/13737] ✓ 32351 = 2.3g
[04:31:26] [3879/13737] ✓ 32358 = 2.3g
[04:31:32] [3880/13737] ✓ 32360 = 2.3g
[04:31:32] 进度 3880/13737 (28.2%) | 成功 2775 失败 1105 | 成功率 71.5% | 平均 7.3s/个 | 剩余 20.1h
[04:31:37] [3881/13737] ✓ 32363 = 3.0g
[04:31:43] [3882/13737] ✓ 32373 = 0.4g
[04:31:48] [3883/13737] ✓ 3240 = 5.0g
[04:31:52] [3884/13737] ✓ 3241 = 8.54g
[04:31:56] [3885/13737] ✓ 3241b = 8.0g
[04:32:01] [3886/13737] ✓ 3241c = 9.0g
[04:32:05] [3887/13737] ✓ 3242 = 8.42g
[04:32:10] [3888/13737] ✗ 3242b - Bricklink 上不存在该零件
[04:32:15] [3889/13737] ✓ 3242c = 8.0g
[04:32:20] [3890/13737] ✗ 3242d - Bricklink 上不存在该零件
[04:32:20] 进度 3890/13737 (28.3%) | 成功 2783 失败 1107 | 成功率 71.5% | 平均 7.3s/个 | 剩余 20.1h
[04:32:24] [3891/13737] ✓ 3242e = 8.0g
[04:32:29] [3892/13737] ✓ 32439a = 2.7g
[04:32:34] [3893/13737] ✓ 32439b = 2.89g
[04:32:38] [3894/13737] ✓ 32448 = 33.0g
[04:32:44] [3895/13737] ✓ 32449 = 0.55g
[04:32:49] [3896/13737] ✗ 3245a - Bricklink 上不存在该零件
[04:32:56] [3897/13737] ✓ 3245b = 1.47g
[04:33:01] [3898/13737] ✓ 3245c = 1.5g
[04:33:07] [3899/13737] ✓ 32474 = 0.42g
[04:33:13] [3900/13737] ✓ 32475 = 4.75g
[04:33:13] 进度 3900/13737 (28.4%) | 成功 2792 失败 1108 | 成功率 71.6% | 平均 7.3s/个 | 剩余 20.0h
[04:33:19] [3901/13737] ✗ 32476 - Bricklink 上不存在该零件
[04:33:24] [3902/13737] ✓ 32482 = 3.2g
[04:33:29] [3903/13737] ✓ 32489 = 10.3g
[04:33:33] [3904/13737] ✓ 3249 = 0.2g
[04:33:38] [3905/13737] ✓ 32494 = 0.55g
[04:33:43] [3906/13737] ✓ 32495 = 2.3g
[04:33:49] [3907/13737] ✓ 32495c01 = 3.2g
[04:33:54] [3908/13737] ✗ 32496 - Bricklink 上不存在该零件
[04:33:59] [3909/13737] ✓ 32498 = 3.5g
[04:34:03] [3910/13737] ✓ 3250 = 8.73g
[04:34:03] 进度 3910/13737 (28.5%) | 成功 2800 失败 1110 | 成功率 71.6% | 平均 7.3s/个 | 剩余 20.0h
[04:34:09] [3911/13737] ✓ 32505 = 2.58g
[04:34:14] [3912/13737] ✓ 32506 = 1.84g
[04:34:19] [3913/13737] ✓ 3251 = 7.76g
[04:34:24] [3914/13737] ✓ 32523 = 0.7g
[04:34:31] [3915/13737] ✓ 32524 = 1.74g
[04:34:37] [3916/13737] ✓ 32525 = 2.8g
[04:34:44] [3917/13737] ✓ 32526 = 1.77g
[04:34:48] [3918/13737] ✓ 32527 = 1.62g
[04:34:53] [3919/13737] ✓ 32528 = 1.62g
[04:34:57] [3920/13737] ✓ 32529 = 0.64g
[04:34:57] 进度 3920/13737 (28.5%) | 成功 2810 失败 1110 | 成功率 71.7% | 平均 7.3s/个 | 剩余 19.9h
[04:35:02] [3921/13737] ✓ 32530 = 0.64g
[04:35:08] [3922/13737] ✓ 32531 = 5.0g
[04:35:14] [3923/13737] ✓ 32532 = 8.0g
[04:35:20] [3924/13737] ✗ 32533 - Bricklink 上不存在该零件
[04:35:24] [3925/13737] ✓ 32534 = 3.38g
[04:35:30] [3926/13737] ✓ 32535 = 3.38g
[04:35:34] [3927/13737] ✓ 32551 = 1.8g
[04:35:40] [3928/13737] ✓ 32552 = 2.44g
[04:35:45] [3929/13737] ✓ 32553 = 2.65g
[04:35:49] [3930/13737] ✓ 32554 = 1.42g
[04:35:50] 进度 3930/13737 (28.6%) | 成功 2819 失败 1111 | 成功率 71.7% | 平均 7.3s/个 | 剩余 19.9h
[04:35:54] [3931/13737] ✓ 32555 = 3.35g
[04:35:59] [3932/13737] ✓ 32556 = 0.25g
[04:36:05] [3933/13737] ✗ 32556a - Bricklink 上不存在该零件
[04:36:11] [3934/13737] ✓ 32557 = 0.85g
[04:36:16] [3935/13737] ✓ 32558 = 2.14g
[04:36:20] [3936/13737] ✓ 32559 = 3.28g
[04:36:25] [3937/13737] ✓ 32560 = 2.75g
[04:36:32] [3938/13737] ✗ 32561c01 - Bricklink 上不存在该零件
[04:36:38] [3939/13737] ✗ 32561c02 - Bricklink 上不存在该零件
[04:36:45] [3940/13737] ✓ 32565 = 2.5g
[04:36:45] 进度 3940/13737 (28.7%) | 成功 2826 失败 1114 | 成功率 71.7% | 平均 7.3s/个 | 剩余 19.9h
[04:36:52] [3941/13737] ✓ 32566 = 2.75g
[04:36:58] [3942/13737] ✓ 32567 = 2.19g
[04:37:03] [3943/13737] ✓ 32568 = 2.5g
[04:37:08] [3944/13737] ✓ 32569 = 3.18g
[04:37:13] [3945/13737] ✓ 32570 = 3.22g
[04:37:18] [3946/13737] ✓ 32571 = 3.53g
[04:37:22] [3947/13737] ✓ 32572 = 2.09g
[04:37:27] [3948/13737] ✓ 32573 = 5.0g
[04:37:31] [3949/13737] ✓ 32574 = 2.53g
[04:37:36] [3950/13737] ✓ 32575 = 1.8g
[04:37:36] 进度 3950/13737 (28.8%) | 成功 2836 失败 1114 | 成功率 71.8% | 平均 7.3s/个 | 剩余 19.8h
[04:37:40] [3951/13737] ✓ 32576 = 2.43g
[04:37:45] [3952/13737] ✓ 32577 = 2.4g
[04:37:51] [3953/13737] ✓ 32578 = 2.94g
[04:37:57] [3954/13737] ✓ 32579 = 3.55g
[04:38:02] [3955/13737] ✓ 32580 = 0.5g
[04:38:06] [3956/13737] ✓ 32602 = 0.85g
[04:38:11] [3957/13737] ✓ 32606 = 0.15g
[04:38:19] [3958/13737] ✓ 32607 = 0.23g
[04:38:25] [3959/13737] ✗ 32615 - Bricklink 上不存在该零件
[04:38:30] [3960/13737] ✗ 3262 - Bricklink 上不存在该零件
[04:38:30] 进度 3960/13737 (28.8%) | 成功 2844 失败 1116 | 成功率 71.8% | 平均 7.3s/个 | 剩余 19.8h
[04:38:37] [3961/13737] ✗ 32620 - Bricklink 上不存在该零件
[04:38:43] [3962/13737] ✓ 32627 = 1.39g
[04:38:49] [3963/13737] ✓ 3263 = 1.9g
[04:38:53] [3964/13737] ✓ 3264 = 0.2g
[04:38:58] [3965/13737] ✓ 32652 = 0.9g
[04:39:03] [3966/13737] ✓ 32653 = 0.6g
[04:39:07] [3967/13737] ✓ 32661 = 4.68g
[04:39:13] [3968/13737] ✓ 32662 = 1.24g
[04:39:18] [3969/13737] ✓ 32739 = 4.2g
[04:39:22] [3970/13737] ✓ 3277 = 0.57g
[04:39:22] 进度 3970/13737 (28.9%) | 成功 2853 失败 1117 | 成功率 71.9% | 平均 7.3s/个 | 剩余 19.8h
[04:39:27] [3971/13737] ✓ 32802 = 0.89g
[04:39:33] [3972/13737] ✓ 32803 = 0.67g
[04:39:40] [3973/13737] ✗ 32824 - Bricklink 上不存在该零件
[04:39:45] [3974/13737] ✓ 32828 = 0.16g
[04:39:49] [3975/13737] ✓ 32845 = 6.0g
[04:39:54] [3976/13737] ✓ 32860 = 0.05g
[04:40:00] [3977/13737] ✓ 32861 = 0.03g
[04:40:07] [3978/13737] ✗ 32896 - Bricklink 上不存在该零件
[04:40:13] [3979/13737] ✓ 32905 = 0.59g
[04:40:20] [3980/13737] ✓ 32918 = 1.64g
[04:40:20] 进度 3980/13737 (29.0%) | 成功 2861 失败 1119 | 成功率 71.9% | 平均 7.3s/个 | 剩余 19.7h
[04:40:27] [3981/13737] ✗ 32920 - Bricklink 上不存在该零件
[04:40:32] [3982/13737] ✓ 32932 = 1.8g
[04:40:37] [3983/13737] ✓ 32939 = 2.02g
[04:40:44] [3984/13737] ✓ 32952 = 0.72g
[04:40:49] [3985/13737] ✓ 32967 = 0.7g
[04:40:55] [3986/13737] ✓ 32968 = 1.2g
[04:40:59] [3987/13737] ✓ 32969 = 0.4g
[04:41:07] [3988/13737] ✓ 3297 = 2.57g
[04:41:12] [3989/13737] ✓ 3297mia = 2.1g
[04:41:17] [3990/13737] ✓ 3297mib = 2.3g
[04:41:17] 进度 3990/13737 (29.0%) | 成功 2870 失败 1120 | 成功率 71.9% | 平均 7.3s/个 | 剩余 19.7h
[04:41:24] [3991/13737] ✓ 3298 = 1.33g
[04:41:28] [3992/13737] ✓ 3298mia = 1.3g
[04:41:32] [3993/13737] ✓ 3298mib = 1.2g
[04:41:36] [3994/13737] ✓ 3299 = 1.1g
[04:41:41] [3995/13737] ✓ 32999 = 0.13g
[04:41:46] [3996/13737] ✓ 3299mia = 1.0g
[04:41:52] [3997/13737] ✓ 32a = 1.02g
[04:41:56] [3998/13737] ✓ 32ac01 = 1.6g
[04:42:01] [3999/13737] ✓ 32b = 0.99g
[04:42:05] [4000/13737] ✓ 32bc01 = 1.28g
[04:42:05] 进度 4000/13737 (29.1%) | 成功 2880 失败 1120 | 成功率 72.0% | 平均 7.3s/个 | 剩余 19.7h
[04:42:09] [4001/13737] ✓ 32c = 1.0g
[04:42:14] [4002/13737] ✓ 3300 = 0.54g
[04:42:19] [4003/13737] ✓ 33004 = 6.0g
[04:42:25] [4004/13737] ✓ 33005 = 11.3g
[04:42:31] [4005/13737] ✓ 33006 = 3.1g
[04:42:35] [4006/13737] ✓ 33007 = 9.0g
[04:42:39] [4007/13737] ✓ 33008 = 3.5g
[04:42:44] [4008/13737] ✓ 33009 = 0.82g
[04:42:51] [4009/13737] ✗ 33010 - Bricklink 上不存在该零件
[04:42:55] [4010/13737] ✓ 33011 = 3.95g
[04:42:55] 进度 4010/13737 (29.2%) | 成功 2889 失败 1121 | 成功率 72.0% | 平均 7.3s/个 | 剩余 19.6h
[04:43:00] [4011/13737] ✓ 33011a = 0.74g
[04:43:05] [4012/13737] ✓ 33011b = 0.61g
[04:43:10] [4013/13737] ✓ 33011c = 0.34g
[04:43:15] [4014/13737] ✗ 33013 - Bricklink 上不存在该零件
[04:43:23] [4015/13737] ✗ 33014 - Bricklink 上不存在该零件
[04:43:26] [4016/13737] ✓ 33016 = 0.7g
[04:43:32] [4017/13737] ✓ 33021 = 0.3g
[04:43:37] [4018/13737] ✓ 33022 = 0.34g
[04:43:42] [4019/13737] ✓ 33023 = 0.38g
[04:43:46] [4020/13737] ✓ 33025 = 0.54g
[04:43:46] 进度 4020/13737 (29.3%) | 成功 2897 失败 1123 | 成功率 72.1% | 平均 7.3s/个 | 剩余 19.6h
[04:43:50] [4021/13737] ✓ 33029 = 1.3g
[04:43:55] [4022/13737] ✓ 33031 = 2.74g
[04:44:01] [4023/13737] ✓ 33034 = 238.0g
[04:44:05] [4024/13737] ✓ 33035 = 5.11g
[04:44:09] [4025/13737] ✓ 33036 = 31.3g
[04:44:14] [4026/13737] ✓ 33036c01 = 34.0g
[04:44:20] [4027/13737] ✓ 33037 = 17.3g
[04:44:25] [4028/13737] ✓ 33037c01 = 19.0g
[04:44:29] [4029/13737] ✓ 33045 = 14.0g
[04:44:34] [4030/13737] ✓ 33048 = 2.29g
[04:44:34] 进度 4030/13737 (29.3%) | 成功 2907 失败 1123 | 成功率 72.1% | 平均 7.3s/个 | 剩余 19.6h
[04:44:39] [4031/13737] ✓ 33049c01 = 28.0g
[04:44:43] [4032/13737] ✓ 3305 = 0.3g
[04:44:48] [4033/13737] ✓ 33050 = 2.1g
[04:44:53] [4034/13737] ✓ 33051 = 0.69g
[04:44:57] [4035/13737] ✓ 33052 = 2.0g
[04:45:02] [4036/13737] ✓ 33052a = 0.2g
[04:45:08] [4037/13737] ✓ 33052b = 0.14g
[04:45:12] [4038/13737] ✓ 33052c = 0.2g
[04:45:17] [4039/13737] ✓ 33052d = 0.23g
[04:45:24] [4040/13737] ✗ 33053 - Bricklink 上不存在该零件
[04:45:24] 进度 4040/13737 (29.4%) | 成功 2916 失败 1124 | 成功率 72.2% | 平均 7.3s/个 | 剩余 19.5h
[04:45:29] [4041/13737] ✗ 33053a - Bricklink 上不存在该零件
[04:45:36] [4042/13737] ✗ 33053b - Bricklink 上不存在该零件
[04:45:43] [4043/13737] ✓ 33054 = 0.35g
[04:45:48] [4044/13737] ✓ 33055 = 32.0g
[04:45:54] [4045/13737] ✓ 33057 = 0.34g
[04:45:59] [4046/13737] ✓ 33061 = 0.5g
[04:46:05] [4047/13737] ✓ 33062 = 2.33g
[04:46:10] [4048/13737] ✓ 33063 = 2.7g
[04:46:16] [4049/13737] ✓ 33064 = 2.9g
[04:46:20] [4050/13737] ✓ 33066 = 0.58g
[04:46:20] 进度 4050/13737 (29.5%) | 成功 2924 失败 1126 | 成功率 72.2% | 平均 7.2s/个 | 剩余 19.5h
[04:46:25] [4051/13737] ✓ 3307 = 2.87g
[04:46:31] [4052/13737] ✗ 33072 - Bricklink 上不存在该零件
[04:46:37] [4053/13737] ✓ 33075 = 8.0g
[04:46:42] [4054/13737] ✓ 33077 = 24.0g
[04:46:47] [4055/13737] ✓ 33078 = 0.21g
[04:46:54] [4056/13737] ✓ 3308 = 3.83g
[04:46:58] [4057/13737] ✓ 33080 = 128.0g
[04:47:02] [4058/13737] ✓ 33081 = 6.47g
[04:47:08] [4059/13737] ✓ 33082 = 0.43g
[04:47:15] [4060/13737] ✓ 33085 = 0.42g
[04:47:15] 进度 4060/13737 (29.6%) | 成功 2933 失败 1127 | 成功率 72.2% | 平均 7.2s/个 | 剩余 19.5h
[04:47:20] [4061/13737] ✓ 33086 = 36.0g
[04:47:24] [4062/13737] ✓ 33087 = 8.0g
[04:47:29] [4063/13737] ✓ 33088 = 13.0g
[04:47:33] [4064/13737] ✓ 33089 = 3.68g
[04:47:38] [4065/13737] ✗ 33109c01 - Bricklink 上不存在该零件
[04:47:44] [4066/13737] ✓ 33120 = 0.53g
[04:47:49] [4067/13737] ✓ 33121 = 0.68g
[04:47:55] [4068/13737] ✗ 33122 - Bricklink 上不存在该零件
[04:47:59] [4069/13737] ✓ 33123 = 1.06g
[04:48:05] [4070/13737] ✓ 33125 = 0.47g
[04:48:05] 进度 4070/13737 (29.6%) | 成功 2941 失败 1129 | 成功率 72.3% | 平均 7.2s/个 | 剩余 19.4h
[04:48:09] [4071/13737] ✓ 33129 = 23.5g
[04:48:15] [4072/13737] ✓ 3314 = 1.45g
[04:48:20] [4073/13737] ✓ 3315 = 1.64g
[04:48:25] [4074/13737] ✓ 33160 = 1.1g
[04:48:30] [4075/13737] ✓ 3317 = 0.75g
[04:48:36] [4076/13737] ✓ 33170 = 0.4g
[04:48:40] [4077/13737] ✓ 33172 = 0.37g
[04:48:44] [4078/13737] ✓ 33173 = 1.0g
[04:48:49] [4079/13737] ✓ 33175 = 0.29g
[04:48:54] [4080/13737] ✗ 33176 - Bricklink 上不存在该零件
[04:48:54] 进度 4080/13737 (29.7%) | 成功 2950 失败 1130 | 成功率 72.3% | 平均 7.2s/个 | 剩余 19.4h
[04:49:00] [4081/13737] ✓ 33177 = 32.6g
[04:49:05] [4082/13737] ✓ 33178 = 3.69g
[04:49:09] [4083/13737] ✓ 33178c01 = 4.1g
[04:49:15] [4084/13737] ✓ 33179 = 122.0g
[04:49:19] [4085/13737] ✓ 33180 = 1.14g
[04:49:24] [4086/13737] ✓ 33180c01 = 2.0g
[04:49:29] [4087/13737] ✓ 33181 = 0.2g
[04:49:34] [4088/13737] ✓ 33182 = 14.0g
[04:49:41] [4089/13737] ✓ 33183 = 0.16g
[04:49:47] [4090/13737] ✓ 33187 = 1.71g
[04:49:47] 进度 4090/13737 (29.8%) | 成功 2960 失败 1130 | 成功率 72.4% | 平均 7.2s/个 | 剩余 19.4h
[04:49:52] [4091/13737] ✓ 33188 = 0.52g
[04:49:56] [4092/13737] ✓ 33192 = 18.0g
[04:50:02] [4093/13737] ✓ 33193 = 1.48g
[04:50:05] [4094/13737] ✓ 33195 = 12.0g
[04:50:11] [4095/13737] ✓ 33201 = 5.0g
[04:50:15] [4096/13737] ✓ 33202 = 52.4g
[04:50:20] [4097/13737] ✓ 33203 = 2.85g
[04:50:25] [4098/13737] ✓ 33207 = 3.36g
[04:50:29] [4099/13737] ✓ 33209 = 5.6g
[04:50:36] [4100/13737] ✓ 3321 = 1.22g
[04:50:36] 进度 4100/13737 (29.8%) | 成功 2970 失败 1130 | 成功率 72.4% | 平均 7.2s/个 | 剩余 19.3h
[04:50:40] [4101/13737] ✓ 33210 = 4.6g
[04:50:46] [4102/13737] ✓ 33211 = 2.2g
[04:50:51] [4103/13737] ✓ 33212 = 3.0g
[04:50:56] [4104/13737] ✓ 33213 = 37.25g
[04:51:01] [4105/13737] ✓ 33215 = 18.6g
[04:51:06] [4106/13737] ✓ 33216 = 5.39g
[04:51:12] [4107/13737] ✓ 33217 = 14.0g
[04:51:16] [4108/13737] ✓ 33227 = 11.0g
[04:51:21] [4109/13737] ✓ 33230 = 51.25g
[04:51:27] [4110/13737] ✗ 33232 - 未在页面中找到重量数据
[04:51:27] 进度 4110/13737 (29.9%) | 成功 2979 失败 1131 | 成功率 72.5% | 平均 7.2s/个 | 剩余 19.3h
[04:51:32] [4111/13737] ✓ 33232c01 = 23.75g
[04:51:37] [4112/13737] ✓ 3324 = 2.29g
[04:51:43] [4113/13737] ✓ 33240 = 12.1g
[04:51:48] [4114/13737] ✓ 33243 = 1.96g
[04:51:54] [4115/13737] ✗ 3324ac01 - Bricklink 上不存在该零件
[04:52:00] [4116/13737] ✗ 3324bc01 - Bricklink 上不存在该零件
[04:52:07] [4117/13737] ✗ 3324cc01 - Bricklink 上不存在该零件
[04:52:13] [4118/13737] ✗ 33261 - Bricklink 上不存在该零件
[04:52:19] [4119/13737] ✓ 33267 = 17.12g
[04:52:24] [4120/13737] ✗ 33267a - 未在页面中找到重量数据
[04:52:24] 进度 4120/13737 (30.0%) | 成功 2984 失败 1136 | 成功率 72.4% | 平均 7.2s/个 | 剩余 19.3h
[04:52:30] [4121/13737] ✓ 33267c01 = 21.6g
[04:52:36] [4122/13737] ✓ 33268 = 3.8g
[04:52:40] [4123/13737] ✓ 33270 = 1.0g
[04:52:43] [4124/13737] ✓ 33271 = 8.0g
[04:52:47] [4125/13737] ✓ 33275 = 0.54g
[04:52:52] [4126/13737] ✓ 33279 = 1.0g
[04:52:58] [4127/13737] ✓ 33280 = 3.65g
[04:53:04] [4128/13737] ✓ 33286 = 0.19g
[04:53:09] [4129/13737] ✓ 33287 = 1.85g
[04:53:16] [4130/13737] ✓ 33291 = 0.11g
[04:53:16] 进度 4130/13737 (30.1%) | 成功 2994 失败 1136 | 成功率 72.5% | 平均 7.2s/个 | 剩余 19.2h
[04:53:22] [4131/13737] ✓ 33293 = 0.32g
[04:53:28] [4132/13737] ✓ 33293c01 = 0.85g
[04:53:33] [4133/13737] ✗ 33293c02 - Bricklink 上不存在该零件
[04:53:38] [4134/13737] ✓ 33294 = 0.39g
[04:53:43] [4135/13737] ✓ 33298 = 1.32g
[04:53:48] [4136/13737] ✗ 33299a - Bricklink 上不存在该零件
[04:53:54] [4137/13737] ✗ 33299b - Bricklink 上不存在该零件
[04:53:59] [4138/13737] ✓ 33303 = 1.38g
[04:54:06] [4139/13737] ✗ 33320 - Bricklink 上不存在该零件
[04:54:12] [4140/13737] ✓ 33322 = 0.07g
[04:54:12] 进度 4140/13737 (30.1%) | 成功 3000 失败 1140 | 成功率 72.5% | 平均 7.2s/个 | 剩余 19.2h
[04:54:17] [4141/13737] ✓ 33325 = 5.0g
[04:54:22] [4142/13737] ✓ 33326 = 0.88g
[04:54:27] [4143/13737] ✓ 3334 = 37.27g
[04:54:32] [4144/13737] ✓ 33426 = 5.0g
[04:54:37] [4145/13737] ✓ 33464 = 0.21g
[04:54:43] [4146/13737] ✗ 33487 - Bricklink 上不存在该零件
[04:54:48] [4147/13737] ✓ 33492 = 0.2g
[04:54:53] [4148/13737] ✗ 3350 - Bricklink 上不存在该零件
[04:54:59] [4149/13737] ✗ 3351a - Bricklink 上不存在该零件
[04:55:04] [4150/13737] ✓ 33552 = 0.14g
[04:55:04] 进度 4150/13737 (30.2%) | 成功 3007 失败 1143 | 成功率 72.5% | 平均 7.2s/个 | 剩余 19.2h
[04:55:10] [4151/13737] ✓ 3358 = 1.3g
[04:55:15] [4152/13737] ✓ 3359 = 0.95g
[04:55:20] [4153/13737] ✗ 33593 - Bricklink 上不存在该零件
[04:55:25] [4154/13737] ✓ 3361 = 1.06g
[04:55:31] [4155/13737] ✓ 33718 = 34.6g
[04:55:38] [4156/13737] ✗ 33721a - Bricklink 上不存在该零件
[04:55:44] [4157/13737] ✗ 33721b - Bricklink 上不存在该零件
[04:55:50] [4158/13737] ✗ 33721c01 - Bricklink 上不存在该零件
[04:55:54] [4159/13737] ✓ 33760 = 0.67g
[04:56:00] [4160/13737] ✓ 3379 = 1.09g
[04:56:00] 进度 4160/13737 (30.3%) | 成功 3013 失败 1147 | 成功率 72.4% | 平均 7.2s/个 | 剩余 19.1h
[04:56:06] [4161/13737] ✗ 33798 - Bricklink 上不存在该零件
[04:56:12] [4162/13737] ✗ 33827 - Bricklink 上不存在该零件
[04:56:17] [4163/13737] ✓ 3383 = 4.25g
[04:56:21] [4164/13737] ✓ 3384 = 3.2g
[04:56:26] [4165/13737] ✓ 3385 = 9.8g
[04:56:31] [4166/13737] ✓ 3386 = 0.27g
[04:56:35] [4167/13737] ✓ 33863 = 0.79g
[04:56:42] [4168/13737] ✓ 3387 = 2.3g
[04:56:46] [4169/13737] ✓ 3388 = 1.0g
[04:56:53] [4170/13737] ✓ 3389 = 1.0g
[04:56:53] 进度 4170/13737 (30.4%) | 成功 3021 失败 1149 | 成功率 72.4% | 平均 7.2s/个 | 剩余 19.1h
[04:56:59] [4171/13737] ✓ 33909 = 0.57g
[04:57:04] [4172/13737] ✓ 3395 = 1.24g
[04:57:09] [4173/13737] ✓ 3396 = 0.3g
[04:57:14] [4174/13737] ✓ 33984 = 6.43g
[04:57:19] [4175/13737] ✓ 33a = 1.02g
[04:57:24] [4176/13737] ✓ 33ac01 = 1.7g
[04:57:29] [4177/13737] ✓ 33b = 0.99g
[04:57:34] [4178/13737] ✓ 33bc01 = 1.28g
[04:57:39] [4179/13737] ✓ 33c = 1.0g
[04:57:44] [4180/13737] ✓ 3400 = 1.44g
[04:57:45] 进度 4180/13737 (30.4%) | 成功 3031 失败 1149 | 成功率 72.5% | 平均 7.2s/个 | 剩余 19.1h
[04:57:49] [4181/13737] ✓ 34004 = 1.1g
[04:57:56] [4182/13737] ✓ 3403 = 2.28g
[04:58:00] [4183/13737] ✓ 3403c01 = 4.5g
[04:58:06] [4184/13737] ✓ 3404 = 2.28g
[04:58:11] [4185/13737] ✓ 34045 = 0.1g
[04:58:16] [4186/13737] ✓ 3404ac01 = 5.2g
[04:58:21] [4187/13737] ✓ 3404ac02 = 5.2g
[04:58:25] [4188/13737] ✓ 3404bc01 = 5.3g
[04:58:31] [4189/13737] ✗ 34050 - Bricklink 上不存在该零件
[04:58:36] [4190/13737] ✗ 34076 - Bricklink 上不存在该零件
[04:58:36] 进度 4190/13737 (30.5%) | 成功 3039 失败 1151 | 成功率 72.5% | 平均 7.2s/个 | 剩余 19.0h
[04:58:42] [4191/13737] ✓ 34103 = 0.43g
[04:58:48] [4192/13737] ✗ 3412cdb01 - Bricklink 上不存在该零件
[04:58:52] [4193/13737] ✓ 3417 = 9.37g
[04:58:58] [4194/13737] ✓ 34172 = 0.22g
[04:59:02] [4195/13737] ✓ 34173 = 0.11g
[04:59:07] [4196/13737] ✓ 3429 = 1.87g
[04:59:12] [4197/13737] ✓ 3430c01 = 5.0g
[04:59:18] [4198/13737] ✓ 3430c02 = 4.51g
[04:59:23] [4199/13737] ✓ 3430c03 = 4.8g
[04:59:29] [4200/13737] ✓ 34316 = 0.96g
[04:59:29] 进度 4200/13737 (30.6%) | 成功 3048 失败 1152 | 成功率 72.6% | 平均 7.2s/个 | 剩余 19.0h
[04:59:35] [4201/13737] ✓ 3433 = 3.2g
[04:59:39] [4202/13737] ✓ 34337 = 0.19g
[04:59:44] [4203/13737] ✓ 3436 = 2.72g
[04:59:51] [4204/13737] ✓ 3437 = 6.75g
[04:59:58] [4205/13737] ✗ 34390 - Bricklink 上不存在该零件
[05:00:03] [4206/13737] ✓ 3442 = 0.24g
[05:00:07] [4207/13737] ✓ 3443c01 = 76.0g
[05:00:11] [4208/13737] ✓ 3443c02 = 76.0g
[05:00:16] [4209/13737] ✓ 34474 = 1.03g
[05:00:20] [4210/13737] ✓ 34475 = 2.67g
[05:00:20] 进度 4210/13737 (30.6%) | 成功 3057 失败 1153 | 成功率 72.6% | 平均 7.2s/个 | 剩余 19.0h
[05:00:25] [4211/13737] ✓ 34476 = 1.5g
[05:00:48] [4212/13737] ✗ 34531 - <urlopen error [Errno 8] nodename nor servname provided, or not known>
[05:00:56] [4213/13737] ✗ 3455 - <urlopen error [Errno 8] nodename nor servname provided, or not known>
[05:01:02] [4214/13737] ✗ 3456 - <urlopen error [Errno 8] nodename nor servname provided, or not known>
[05:01:08] [4215/13737] ✗ 3460 - <urlopen error [Errno 8] nodename nor servname provided, or not known>
[05:01:15] [4216/13737] ✗ 3461 - <urlopen error [Errno 8] nodename nor servname provided, or not known>
[05:01:20] [4217/13737] ✗ 3462 - <urlopen error [Errno 8] nodename nor servname provided, or not known>
[05:01:27] [4218/13737] ✗ 3464 - <urlopen error [Errno 8] nodename nor servname provided, or not known>
[05:01:34] [4219/13737] ✗ 34685 - <urlopen error [Errno 8] nodename nor servname provided, or not known>
[05:01:41] [4220/13737] ✗ 3470 - <urlopen error [Errno 8] nodename nor servname provided, or not known>
[05:01:41] 进度 4220/13737 (30.7%) | 成功 3058 失败 1162 | 成功率 72.5% | 平均 7.2s/个 | 剩余 19.0h
[05:01:48] [4221/13737] ✗ 3470a - <urlopen error [Errno 8] nodename nor servname provided, or not known>
[05:01:55] [4222/13737] ✗ 3471 - <urlopen error [Errno 8] nodename nor servname provided, or not known>
[05:02:00] [4223/13737] ✗ 3471a - <urlopen error [Errno 8] nodename nor servname provided, or not known>
[05:02:07] [4224/13737] ✗ 34721a - <urlopen error [Errno 8] nodename nor servname provided, or not known>
[05:02:13] [4225/13737] ✗ 34721b - <urlopen error [Errno 8] nodename nor servname provided, or not known>
[05:02:19] [4226/13737] ✗ 34721c01 - <urlopen error [Errno 8] nodename nor servname provided, or not known>
[05:02:26] [4227/13737] ✗ 34723 - <urlopen error [Errno 8] nodename nor servname provided, or not known>
[05:02:32] [4228/13737] ✗ 34724 - <urlopen error [Errno 8] nodename nor servname provided, or not known>
[05:02:39] [4229/13737] ✗ 3473 - <urlopen error [Errno 8] nodename nor servname provided, or not known>
[05:02:44] [4230/13737] ✗ 34730 - <urlopen error [Errno 8] nodename nor servname provided, or not known>
[05:02:44] 进度 4230/13737 (30.8%) | 成功 3058 失败 1172 | 成功率 72.3% | 平均 7.2s/个 | 剩余 18.9h
[05:02:50] [4231/13737] ✗ 34732 - <urlopen error [Errno 8] nodename nor servname provided, or not known>
[05:02:56] [4232/13737] ✗ 34738 - <urlopen error [Errno 8] nodename nor servname provided, or not known>
[05:03:02] [4233/13737] ✗ 3473a - <urlopen error [Errno 8] nodename nor servname provided, or not known>
[05:03:09] [4234/13737] ✗ 3473b - <urlopen error [Errno 8] nodename nor servname provided, or not known>
[05:03:15] [4235/13737] ✗ 3473c - <urlopen error [Errno 8] nodename nor servname provided, or not known>
[05:03:21] [4236/13737] ✗ 3473d - <urlopen error [Errno 8] nodename nor servname provided, or not known>
[05:03:27] [4237/13737] ✗ 3473e - <urlopen error [Errno 8] nodename nor servname provided, or not known>
[05:03:33] [4238/13737] ✗ 3473f - <urlopen error [Errno 8] nodename nor servname provided, or not known>
[05:03:38] [4239/13737] ✗ 3474 - <urlopen error [Errno 8] nodename nor servname provided, or not known>
[05:03:45] [4240/13737] ✗ 3475a - <urlopen error [Errno 8] nodename nor servname provided, or not known>
[05:03:45] 进度 4240/13737 (30.9%) | 成功 3058 失败 1182 | 成功率 72.1% | 平均 7.2s/个 | 剩余 18.9h
[05:03:51] [4241/13737] ✗ 3475b - <urlopen error [Errno 8] nodename nor servname provided, or not known>
[05:03:56] [4242/13737] ✗ 3476 - <urlopen error [Errno 8] nodename nor servname provided, or not known>
[05:04:02] [4243/13737] ✗ 34773 - <urlopen error [Errno 8] nodename nor servname provided, or not known>
[05:04:08] [4244/13737] ✗ 3478 - <urlopen error [Errno 8] nodename nor servname provided, or not known>
[05:04:14] [4245/13737] ✗ 3479 - <urlopen error [Errno 8] nodename nor servname provided, or not known>
[05:04:20] [4246/13737] ✗ 3480 - <urlopen error [Errno 8] nodename nor servname provided, or not known>
[05:04:24] [4247/13737] ✗ 34809 - <urlopen error [Errno 8] nodename nor servname provided, or not known>
[05:04:30] [4248/13737] ✗ 3481 - <urlopen error [Errno 8] nodename nor servname provided, or not known>
[05:04:37] [4249/13737] ✗ 34816 - <urlopen error [Errno 8] nodename nor servname provided, or not known>
[05:04:44] [4250/13737] ✗ 3482 - <urlopen error [Errno 8] nodename nor servname provided, or not known>
[05:04:44] 进度 4250/13737 (30.9%) | 成功 3058 失败 1192 | 成功率 72.0% | 平均 7.2s/个 | 剩余 18.9h
[05:04:50] [4251/13737] ✗ 3483 - <urlopen error [Errno 8] nodename nor servname provided, or not known>
[05:04:57] [4252/13737] ✗ 3484 - <urlopen error [Errno 8] nodename nor servname provided, or not known>
[05:05:03] [4253/13737] ✗ 3485 - <urlopen error [Errno 8] nodename nor servname provided, or not known>
[05:05:08] [4254/13737] ✗ 3486 - <urlopen error [Errno 8] nodename nor servname provided, or not known>
[05:05:15] [4255/13737] ✗ 3487 - <urlopen error [Errno 8] nodename nor servname provided, or not known>
[05:05:21] [4256/13737] ✗ 3488 - <urlopen error [Errno 8] nodename nor servname provided, or not known>
[05:05:27] [4257/13737] ✗ 3489 - <urlopen error [Errno 8] nodename nor servname provided, or not known>
[05:05:34] [4258/13737] ✗ 3490 - <urlopen error [Errno 8] nodename nor servname provided, or not known>
[05:05:41] [4259/13737] ✗ 34908 - <urlopen error [Errno 8] nodename nor servname provided, or not known>
[05:05:48] [4260/13737] ✗ 3491 - <urlopen error [Errno 8] nodename nor servname provided, or not known>
[05:05:48] 进度 4260/13737 (31.0%) | 成功 3058 失败 1202 | 成功率 71.8% | 平均 7.2s/个 | 剩余 18.9h
[05:05:53] [4261/13737] ✗ 3492c01 - <urlopen error [Errno 8] nodename nor servname provided, or not known>
[05:05:59] [4262/13737] ✗ 3497 - <urlopen error [Errno 8] nodename nor servname provided, or not known>
[05:06:05] [4263/13737] ✗ 34987 - <urlopen error [Errno 8] nodename nor servname provided, or not known>
[05:06:11] [4264/13737] ✗ 34993 - <urlopen error [Errno 8] nodename nor servname provided, or not known>
[05:06:17] [4265/13737] ✗ 35 - <urlopen error [Errno 8] nodename nor servname provided, or not known>
[05:06:24] [4266/13737] ✗ 35008 - <urlopen error [Errno 8] nodename nor servname provided, or not known>
[05:06:29] [4267/13737] ✗ 35011 - <urlopen error [Errno 8] nodename nor servname provided, or not known>
[05:06:34] [4268/13737] ✗ 35014 - <urlopen error [Errno 8] nodename nor servname provided, or not known>
[05:06:39] [4269/13737] ✗ 35015 - <urlopen error [Errno 8] nodename nor servname provided, or not known>
[05:06:46] [4270/13737] ✗ 35016 - <urlopen error [Errno 8] nodename nor servname provided, or not known>
[05:06:46] 进度 4270/13737 (31.1%) | 成功 3058 失败 1212 | 成功率 71.6% | 平均 7.2s/个 | 剩余 18.8h
[05:06:52] [4271/13737] ✗ 35017 - <urlopen error [Errno 8] nodename nor servname provided, or not known>
[05:06:59] [4272/13737] ✗ 35018 - <urlopen error [Errno 8] nodename nor servname provided, or not known>
[05:07:05] [4273/13737] ✗ 35019 - <urlopen error [Errno 8] nodename nor servname provided, or not known>
[05:07:11] [4274/13737] ✗ 35020 - <urlopen error [Errno 8] nodename nor servname provided, or not known>
[05:07:19] [4275/13737] ✗ 35029a - <urlopen error [Errno 8] nodename nor servname provided, or not known>
[05:07:25] [4276/13737] ✗ 35029b - <urlopen error [Errno 8] nodename nor servname provided, or not known>
[05:07:30] [4277/13737] ✗ 35029c01 - <urlopen error [Errno 8] nodename nor servname provided, or not known>
[05:07:37] [4278/13737] ✗ 35031 - <urlopen error [Errno 8] nodename nor servname provided, or not known>
[05:07:44] [4279/13737] ✗ 35032 - <urlopen error [Errno 8] nodename nor servname provided, or not known>
[05:07:51] [4280/13737] ✗ 35032a - <urlopen error [Errno 8] nodename nor servname provided, or not known>
[05:07:51] 进度 4280/13737 (31.2%) | 成功 3058 失败 1222 | 成功率 71.4% | 平均 7.2s/个 | 剩余 18.8h
[05:07:56] [4281/13737] ✗ 35032b - <urlopen error [Errno 8] nodename nor servname provided, or not known>
[05:08:03] [4282/13737] ✗ 35032c - <urlopen error [Errno 8] nodename nor servname provided, or not known>
[05:08:10] [4283/13737] ✗ 35032d - <urlopen error [Errno 8] nodename nor servname provided, or not known>
[05:08:17] [4284/13737] ✗ 35032e - <urlopen error [Errno 8] nodename nor servname provided, or not known>
[05:08:22] [4285/13737] ✗ 35032f - <urlopen error [Errno 8] nodename nor servname provided, or not known>
[05:08:28] [4286/13737] ✗ 35033 - <urlopen error [Errno 8] nodename nor servname provided, or not known>
[05:08:33] [4287/13737] ✗ 35035 - <urlopen error [Errno 8] nodename nor servname provided, or not known>
[05:08:40] [4288/13737] ✗ 35039 - <urlopen error [Errno 8] nodename nor servname provided, or not known>
[05:08:46] [4289/13737] ✗ 3504 - <urlopen error [Errno 8] nodename nor servname provided, or not known>
[05:08:51] [4290/13737] ✗ 35042 - <urlopen error [Errno 8] nodename nor servname provided, or not known>
[05:08:51] 进度 4290/13737 (31.2%) | 成功 3058 失败 1232 | 成功率 71.3% | 平均 7.2s/个 | 剩余 18.8h
[05:08:57] [4291/13737] ✗ 35044 - <urlopen error [Errno 8] nodename nor servname provided, or not known>
[05:09:03] [4292/13737] ✗ 35049 - <urlopen error [Errno 8] nodename nor servname provided, or not known>
[05:09:08] [4293/13737] ✗ 3505 - <urlopen error [Errno 8] nodename nor servname provided, or not known>
[05:09:14] [4294/13737] ✗ 35086 - <urlopen error [Errno 8] nodename nor servname provided, or not known>
[05:09:20] [4295/13737] ✗ 35087 - <urlopen error [Errno 8] nodename nor servname provided, or not known>
[05:09:27] [4296/13737] ✗ 35088 - <urlopen error [Errno 8] nodename nor servname provided, or not known>
[05:09:32] [4297/13737] ✗ 35103 - <urlopen error [Errno 8] nodename nor servname provided, or not known>
[05:09:38] [4298/13737] ✗ 35106 - <urlopen error [Errno 8] nodename nor servname provided, or not known>
[05:09:45] [4299/13737] ✗ 35110c01 - <urlopen error [Errno 8] nodename nor servname provided, or not known>
[05:09:51] [4300/13737] ✗ 35110c02 - <urlopen error [Errno 8] nodename nor servname provided, or not known>
[05:09:51] 进度 4300/13737 (31.3%) | 成功 3058 失败 1242 | 成功率 71.1% | 平均 7.2s/个 | 剩余 18.8h
[05:09:58] [4301/13737] ✗ 35110c03 - <urlopen error [Errno 8] nodename nor servname provided, or not known>
[05:10:04] [4302/13737] ✗ 35114 - <urlopen error [Errno 8] nodename nor servname provided, or not known>
[05:10:10] [4303/13737] ✗ 3513 - <urlopen error [Errno 8] nodename nor servname provided, or not known>
[05:10:17] [4304/13737] ✗ 35130 - <urlopen error [Errno 8] nodename nor servname provided, or not known>
[05:10:22] [4305/13737] ✗ 35132 - <urlopen error [Errno 8] nodename nor servname provided, or not known>
[05:10:28] [4306/13737] ✗ 35136 - <urlopen error [Errno 8] nodename nor servname provided, or not known>
[05:10:35] [4307/13737] ✗ 35137 - <urlopen error [Errno 8] nodename nor servname provided, or not known>
[05:10:41] [4308/13737] ✗ 35138 - <urlopen error [Errno 8] nodename nor servname provided, or not known>
[05:10:49] [4309/13737] ✗ 35154 - <urlopen error [Errno 8] nodename nor servname provided, or not known>
[05:10:54] [4310/13737] ✗ 35157 - <urlopen error [Errno 8] nodename nor servname provided, or not known>
[05:10:54] 进度 4310/13737 (31.4%) | 成功 3058 失败 1252 | 成功率 71.0% | 平均 7.2s/个 | 剩余 18.7h
[05:11:01] [4311/13737] ✗ 35182 - <urlopen error [Errno 8] nodename nor servname provided, or not known>
[05:11:06] [4312/13737] ✗ 35183 - <urlopen error [Errno 8] nodename nor servname provided, or not known>
[05:11:12] [4313/13737] ✗ 35185 - <urlopen error [Errno 8] nodename nor servname provided, or not known>
[05:11:19] [4314/13737] ✗ 35186 - <urlopen error [Errno 8] nodename nor servname provided, or not known>
[05:11:25] [4315/13737] ✗ 35188 - <urlopen error [Errno 8] nodename nor servname provided, or not known>
[05:11:31] [4316/13737] ✗ 35189 - <urlopen error [Errno 8] nodename nor servname provided, or not known>
[05:11:37] [4317/13737] ✗ 3519 - <urlopen error [Errno 8] nodename nor servname provided, or not known>
[05:11:44] [4318/13737] ✗ 35199 - <urlopen error [Errno 8] nodename nor servname provided, or not known>
[05:11:50] [4319/13737] ✗ 35225 - <urlopen error [Errno 8] nodename nor servname provided, or not known>
[05:11:58] [4320/13737] ✗ 35299 - <urlopen error [Errno 8] nodename nor servname provided, or not known>
[05:11:58] 进度 4320/13737 (31.4%) | 成功 3058 失败 1262 | 成功率 70.8% | 平均 7.2s/个 | 剩余 18.7h
[05:12:03] [4321/13737] ✗ 3531 - <urlopen error [Errno 8] nodename nor servname provided, or not known>
[05:12:09] [4322/13737] ✗ 3532 - <urlopen error [Errno 8] nodename nor servname provided, or not known>
[05:12:16] [4323/13737] ✗ 35328 - <urlopen error [Errno 8] nodename nor servname provided, or not known>
[05:12:22] [4324/13737] ✗ 35336 - <urlopen error [Errno 8] nodename nor servname provided, or not known>
[05:12:27] [4325/13737] ✗ 3535 - <urlopen error [Errno 8] nodename nor servname provided, or not known>
[05:12:33] [4326/13737] ✗ 3536 - <urlopen error [Errno 8] nodename nor servname provided, or not known>
[05:12:39] [4327/13737] ✗ 35365 - <urlopen error [Errno 8] nodename nor servname provided, or not known>
[05:12:45] [4328/13737] ✗ 35366 - <urlopen error [Errno 8] nodename nor servname provided, or not known>
[05:12:50] [4329/13737] ✗ 3538 - <urlopen error [Errno 8] nodename nor servname provided, or not known>
[05:12:57] [4330/13737] ✗ 35394 - <urlopen error [Errno 8] nodename nor servname provided, or not known>
[05:12:57] 进度 4330/13737 (31.5%) | 成功 3058 失败 1272 | 成功率 70.6% | 平均 7.1s/个 | 剩余 18.7h
[05:13:02] [4331/13737] ✗ 354 - <urlopen error [Errno 8] nodename nor servname provided, or not known>
[05:13:07] [4332/13737] ✗ 3544 - <urlopen error [Errno 8] nodename nor servname provided, or not known>
[05:13:12] [4333/13737] ✗ 35442 - <urlopen error [Errno 8] nodename nor servname provided, or not known>
[05:13:18] [4334/13737] ✗ 35443 - <urlopen error [Errno 8] nodename nor servname provided, or not known>
[05:13:24] [4335/13737] ✗ 35446 - <urlopen error [Errno 8] nodename nor servname provided, or not known>
[05:13:31] [4336/13737] ✗ 3545 - <urlopen error [Errno 8] nodename nor servname provided, or not known>
[05:13:37] [4337/13737] ✗ 35456 - <urlopen error [Errno 8] nodename nor servname provided, or not known>
[05:13:43] [4338/13737] ✗ 35457 - <urlopen error [Errno 8] nodename nor servname provided, or not known>
[05:13:50] [4339/13737] ✗ 35458 - <urlopen error [Errno 8] nodename nor servname provided, or not known>
[05:13:57] [4340/13737] ✗ 35459 - <urlopen error [Errno 8] nodename nor servname provided, or not known>
[05:13:57] 进度 4340/13737 (31.6%) | 成功 3058 失败 1282 | 成功率 70.5% | 平均 7.1s/个 | 剩余 18.7h
[05:14:03] [4341/13737] ✗ 35463 - <urlopen error [Errno 8] nodename nor servname provided, or not known>
[05:14:09] [4342/13737] ✗ 35464 - <urlopen error [Errno 8] nodename nor servname provided, or not known>
[05:14:16] [4343/13737] ✗ 35468 - <urlopen error [Errno 8] nodename nor servname provided, or not known>
[05:14:23] [4344/13737] ✗ 35470 - <urlopen error [Errno 8] nodename nor servname provided, or not known>
[05:14:29] [4345/13737] ✗ 35473 - <urlopen error [Errno 8] nodename nor servname provided, or not known>
[05:14:35] [4346/13737] ✗ 35477 - <urlopen error [Errno 8] nodename nor servname provided, or not known>
[05:14:42] [4347/13737] ✗ 35480 - <urlopen error [Errno 8] nodename nor servname provided, or not known>
[05:14:47] [4348/13737] ✗ 35485 - <urlopen error [Errno 8] nodename nor servname provided, or not known>
[05:14:54] [4349/13737] ✗ 35494 - <urlopen error [Errno 8] nodename nor servname provided, or not known>
[05:15:01] [4350/13737] ✗ 35526 - <urlopen error [Errno 8] nodename nor servname provided, or not known>
[05:15:01] 进度 4350/13737 (31.7%) | 成功 3058 失败 1292 | 成功率 70.3% | 平均 7.1s/个 | 剩余 18.6h
[05:15:07] [4351/13737] ✗ 35530 - <urlopen error [Errno 8] nodename nor servname provided, or not known>
[05:15:13] [4352/13737] ✗ 35554 - <urlopen error [Errno 8] nodename nor servname provided, or not known>
[05:15:20] [4353/13737] ✗ 3556 - <urlopen error [Errno 8] nodename nor servname provided, or not known>
[05:15:28] [4354/13737] ✗ 35563 - <urlopen error [Errno 8] nodename nor servname provided, or not known>
[05:15:33] [4355/13737] ✗ 35565 - <urlopen error [Errno 8] nodename nor servname provided, or not known>
[05:15:39] [4356/13737] ✗ 35574 - <urlopen error [Errno 8] nodename nor servname provided, or not known>
[05:15:45] [4357/13737] ✗ 35578 - <urlopen error [Errno 8] nodename nor servname provided, or not known>
[05:15:51] [4358/13737] ✗ 35579 - <urlopen error [Errno 8] nodename nor servname provided, or not known>
[05:15:57] [4359/13737] ✗ 35586 - <urlopen error [Errno 8] nodename nor servname provided, or not known>
[05:16:03] [4360/13737] ✗ 3559 - <urlopen error [Errno 8] nodename nor servname provided, or not known>
[05:16:03] 进度 4360/13737 (31.7%) | 成功 3058 失败 1302 | 成功率 70.1% | 平均 7.1s/个 | 剩余 18.6h
[05:16:09] [4361/13737] ✗ 3560 - <urlopen error [Errno 8] nodename nor servname provided, or not known>
[05:16:16] [4362/13737] ✗ 3562 - <urlopen error [Errno 8] nodename nor servname provided, or not known>
[05:16:22] [4363/13737] ✗ 35620 - <urlopen error [Errno 8] nodename nor servname provided, or not known>
[05:16:28] [4364/13737] ✗ 3563 - <urlopen error [Errno 8] nodename nor servname provided, or not known>
[05:16:36] [4365/13737] ✗ 35633 - <urlopen error [Errno 8] nodename nor servname provided, or not known>
[05:16:43] [4366/13737] ✗ 35635 - <urlopen error [Errno 8] nodename nor servname provided, or not known>
[05:16:51] [4367/13737] ✗ 35646 - <urlopen error [Errno 8] nodename nor servname provided, or not known>
[05:16:56] [4368/13737] ✗ 35649 - <urlopen error [Errno 8] nodename nor servname provided, or not known>
[05:17:02] [4369/13737] ✗ 3565 - <urlopen error [Errno 8] nodename nor servname provided, or not known>
[05:17:08] [4370/13737] ✗ 35654 - <urlopen error [Errno 8] nodename nor servname provided, or not known>
[05:17:08] 进度 4370/13737 (31.8%) | 成功 3058 失败 1312 | 成功率 70.0% | 平均 7.1s/个 | 剩余 18.6h
[05:17:15] [4371/13737] ✗ 3566 - <urlopen error [Errno 8] nodename nor servname provided, or not known>
[05:17:21] [4372/13737] ✗ 3567 - <urlopen error [Errno 8] nodename nor servname provided, or not known>
[05:17:27] [4373/13737] ✗ 3569 - <urlopen error [Errno 8] nodename nor servname provided, or not known>
[05:17:34] [4374/13737] ✗ 35691 - <urlopen error [Errno 8] nodename nor servname provided, or not known>
[05:17:39] [4375/13737] ✗ 35692 - <urlopen error [Errno 8] nodename nor servname provided, or not known>
[05:17:46] [4376/13737] ✗ 35693 - <urlopen error [Errno 8] nodename nor servname provided, or not known>
[05:17:52] [4377/13737] ✗ 35697 - <urlopen error [Errno 8] nodename nor servname provided, or not known>
[05:17:59] [4378/13737] ✗ 35699 - <urlopen error [Errno 8] nodename nor servname provided, or not known>
[05:18:05] [4379/13737] ✗ 35700 - <urlopen error [Errno 8] nodename nor servname provided, or not known>
[05:18:11] [4380/13737] ✗ 35700a - <urlopen error [Errno 8] nodename nor servname provided, or not known>
[05:18:11] 进度 4380/13737 (31.9%) | 成功 3058 失败 1322 | 成功率 69.8% | 平均 7.1s/个 | 剩余 18.6h
[05:18:16] [4381/13737] ✗ 35701 - <urlopen error [Errno 8] nodename nor servname provided, or not known>
[05:18:23] [4382/13737] ✗ 35709 - <urlopen error [Errno 8] nodename nor servname provided, or not known>
[05:18:28] [4383/13737] ✗ 3571 - <urlopen error [Errno 8] nodename nor servname provided, or not known>
[05:18:34] [4384/13737] ✗ 3572 - <urlopen error [Errno 8] nodename nor servname provided, or not known>
[05:18:39] [4385/13737] ✗ 3573 - <urlopen error [Errno 8] nodename nor servname provided, or not known>
[05:18:45] [4386/13737] ✗ 35734 - <urlopen error [Errno 8] nodename nor servname provided, or not known>
[05:18:51] [4387/13737] ✗ 35735 - <urlopen error [Errno 8] nodename nor servname provided, or not known>
[05:18:57] [4388/13737] ✗ 3574 - <urlopen error [Errno 8] nodename nor servname provided, or not known>
[05:19:03] [4389/13737] ✗ 35763 - <urlopen error [Errno 8] nodename nor servname provided, or not known>
[05:19:08] [4390/13737] ✗ 35775 - <urlopen error [Errno 8] nodename nor servname provided, or not known>
[05:19:08] 进度 4390/13737 (32.0%) | 成功 3058 失败 1332 | 成功率 69.7% | 平均 7.1s/个 | 剩余 18.5h
[05:19:13] [4391/13737] ✗ 35787 - <urlopen error [Errno 8] nodename nor servname provided, or not known>
[05:19:19] [4392/13737] ✗ 35789 - <urlopen error [Errno 8] nodename nor servname provided, or not known>
[05:19:26] [4393/13737] ✗ 3579 - <urlopen error [Errno 8] nodename nor servname provided, or not known>
[05:19:31] [4394/13737] ✗ 35790 - <urlopen error [Errno 8] nodename nor servname provided, or not known>
[05:19:38] [4395/13737] ✗ 35809 - <urlopen error [Errno 8] nodename nor servname provided, or not known>
[05:19:44] [4396/13737] ✗ 3581 - <urlopen error [Errno 8] nodename nor servname provided, or not known>
[05:19:49] [4397/13737] ✗ 35818 - <urlopen error [Errno 8] nodename nor servname provided, or not known>
[05:19:55] [4398/13737] ✗ 3582 - <urlopen error [Errno 8] nodename nor servname provided, or not known>
[05:20:01] [4399/13737] ✗ 35826 - <urlopen error [Errno 8] nodename nor servname provided, or not known>
[05:20:06] [4400/13737] ✗ 35827 - <urlopen error [Errno 8] nodename nor servname provided, or not known>
[05:20:06] 进度 4400/13737 (32.0%) | 成功 3058 失败 1342 | 成功率 69.5% | 平均 7.1s/个 | 剩余 18.5h
[05:20:13] [4401/13737] ✗ 35829 - <urlopen error [Errno 8] nodename nor servname provided, or not known>
[05:20:18] [4402/13737] ✗ 35831 - <urlopen error [Errno 8] nodename nor servname provided, or not known>
[05:20:25] [4403/13737] ✗ 35832 - <urlopen error [Errno 8] nodename nor servname provided, or not known>
[05:20:30] [4404/13737] ✗ 3584 - <urlopen error [Errno 8] nodename nor servname provided, or not known>
[05:20:37] [4405/13737] ✗ 35846 - <urlopen error [Errno 8] nodename nor servname provided, or not known>
[05:20:45] [4406/13737] ✓ 35848 = 8.8g
[05:20:51] [4407/13737] ✓ 35849 = 5.0g
[05:20:56] [4408/13737] ✓ 3585 = 6.45g
[05:21:01] [4409/13737] ✓ 3586 = 6.45g
[05:21:06] [4410/13737] ✓ 35863 = 0.9g
[05:21:06] 进度 4410/13737 (32.1%) | 成功 3063 失败 1347 | 成功率 69.5% | 平均 7.1s/个 | 剩余 18.5h
[05:21:11] [4411/13737] ✓ 3587 = 2.0g
[05:21:17] [4412/13737] ✗ 35887 - Bricklink 上不存在该零件
[05:21:21] [4413/13737] ✓ 35894 = 2.0g
[05:21:25] [4414/13737] ✓ 35895 = 3.5g
[05:21:30] [4415/13737] ✓ 35897 = 1.3g
[05:21:35] [4416/13737] ✓ 3590 = 1.23g
[05:21:39] [4417/13737] ✓ 35904 = 0.05g
[05:21:44] [4418/13737] ✓ 35916 = 0.15g
[05:21:48] [4419/13737] ✓ 35925 = 0.1g
[05:21:52] [4420/13737] ✓ 3595 = 0.53g
[05:21:52] 进度 4420/13737 (32.2%) | 成功 3072 失败 1348 | 成功率 69.5% | 平均 7.1s/个 | 剩余 18.4h
[05:21:56] [4421/13737] ✓ 3596 = 1.47g
[05:22:00] [4422/13737] ✓ 35960 = 23.0g
[05:22:05] [4423/13737] ✓ 35961 = 28.0g
[05:22:10] [4424/13737] ✓ 35962 = 6.24g
[05:22:15] [4425/13737] ✓ 35964 = 59.0g
[05:22:20] [4426/13737] ✓ 35965 = 57.0g
[05:22:24] [4427/13737] ✓ 35966 = 69.0g
[05:22:29] [4428/13737] ✓ 35967 = 27.0g
[05:22:32] [4429/13737] ✓ 3597 = 1.4g
[05:22:38] [4430/13737] ✓ 35978 = 0.07g
[05:22:38] 进度 4430/13737 (32.2%) | 成功 3082 失败 1348 | 成功率 69.6% | 平均 7.1s/个 | 剩余 18.4h
[05:22:42] [4431/13737] ✓ 3598 = 0.49g
[05:22:48] [4432/13737] ✓ 35981 = 0.28g
[05:22:52] [4433/13737] ✓ 35985 = 0.13g
[05:22:59] [4434/13737] ✗ 359cdb01 - Bricklink 上不存在该零件
[05:23:03] [4435/13737] ✓ 36 = 6.0g
[05:23:08] [4436/13737] ✓ 36009 = 6.73g
[05:23:13] [4437/13737] ✓ 36010 = 1.89g
[05:23:18] [4438/13737] ✓ 36011 = 3.34g
[05:23:23] [4439/13737] ✓ 36017 = 0.3g
[05:23:27] [4440/13737] ✓ 36019 = 1.11g
[05:23:27] 进度 4440/13737 (32.3%) | 成功 3091 失败 1349 | 成功率 69.6% | 平均 7.1s/个 | 剩余 18.4h
[05:23:31] [4441/13737] ✓ 36036 = 1.5g
[05:23:34] [4442/13737] ✓ 36037 = 0.5g
[05:23:38] [4443/13737] ✓ 36060 = 0.58g
[05:23:43] [4444/13737] ✗ 36069a - Bricklink 上不存在该零件
[05:23:50] [4445/13737] ✗ 36069b - Bricklink 上不存在该零件
[05:23:55] [4446/13737] ✗ 36069c01 - Bricklink 上不存在该零件
[05:24:00] [4447/13737] ✓ 36083 = 4.77g
[05:24:05] [4448/13737] ✓ 36083a = 0.36g
[05:24:09] [4449/13737] ✓ 36083b = 0.68g
[05:24:13] [4450/13737] ✓ 36083c = 0.66g
[05:24:13] 进度 4450/13737 (32.4%) | 成功 3098 失败 1352 | 成功率 69.6% | 平均 7.1s/个 | 剩余 18.3h
[05:24:17] [4451/13737] ✓ 36083d = 0.35g
[05:24:22] [4452/13737] ✓ 36083e = 1.11g
[05:24:26] [4453/13737] ✓ 36083f = 0.45g
[05:24:31] [4454/13737] ✓ 36105 = 1.01g
[05:24:35] [4455/13737] ✓ 36109 = 0.11g
[05:24:40] [4456/13737] ✓ 36113 = 0.12g
[05:24:44] [4457/13737] ✓ 3612 = 0.47g
[05:24:49] [4458/13737] ✓ 3613 = 0.43g
[05:24:55] [4459/13737] ✓ 3614a = 0.25g
[05:25:00] [4460/13737] ✓ 3614b = 0.26g
[05:25:00] 进度 4460/13737 (32.5%) | 成功 3108 失败 1352 | 成功率 69.7% | 平均 7.1s/个 | 剩余 18.3h
[05:25:04] [4461/13737] ✓ 36184 = 0.11g
[05:25:11] [4462/13737] ✗ 36187c01 - Bricklink 上不存在该零件
[05:25:17] [4463/13737] ✓ 3622 = 1.24g
[05:25:22] [4464/13737] ✓ 3623 = 0.53g
[05:25:28] [4465/13737] ✓ 3624 = 0.41g
[05:25:34] [4466/13737] ✗ 3625 - Bricklink 上不存在该零件
[05:25:38] [4467/13737] ✓ 36268 = 0.73g
[05:25:43] [4468/13737] ✓ 3626a = 0.57g
[05:25:49] [4469/13737] ✗ 3626b - Bricklink 上不存在该零件
[05:25:56] [4470/13737] ✗ 3626c - Bricklink 上不存在该零件
[05:25:56] 进度 4470/13737 (32.5%) | 成功 3114 失败 1356 | 成功率 69.7% | 平均 7.1s/个 | 剩余 18.3h
[05:26:00] [4471/13737] ✓ 3627 = 1.5g
[05:26:05] [4472/13737] ✓ 36273 = 1.24g
[05:26:09] [4473/13737] ✓ 3628 = 0.36g
[05:26:14] [4474/13737] ✓ 3629 = 0.44g
[05:26:19] [4475/13737] ✓ 36315 = 0.05g
[05:26:23] [4476/13737] ✓ 3633 = 0.8g
[05:26:27] [4477/13737] ✓ 3634 = 11.11g
[05:26:32] [4478/13737] ✓ 3634b = 11.9g
[05:26:36] [4479/13737] ✓ 3639 = 1.77g
[05:26:42] [4480/13737] ✓ 3640 = 2.12g
[05:26:42] 进度 4480/13737 (32.6%) | 成功 3124 失败 1356 | 成功率 69.7% | 平均 7.1s/个 | 剩余 18.2h
[05:26:50] [4481/13737] ✓ 3641 = 0.73g
[05:26:56] [4482/13737] ✗ 36425 - Bricklink 上不存在该零件
[05:27:01] [4483/13737] ✓ 3644 = 3.35g
[05:27:06] [4484/13737] ✗ 3645 - Bricklink 上不存在该零件
[05:27:11] [4485/13737] ✓ 36451a = 0.05g
[05:27:16] [4486/13737] ✓ 36452 = 0.76g
[05:27:20] [4487/13737] ✓ 3647 = 0.16g
[05:27:24] [4488/13737] ✓ 36470 = 2.64g
[05:27:30] [4489/13737] ✗ 3648a - Bricklink 上不存在该零件
[05:27:36] [4490/13737] ✗ 3648b - Bricklink 上不存在该零件
[05:27:36] 进度 4490/13737 (32.7%) | 成功 3130 失败 1360 | 成功率 69.7% | 平均 7.1s/个 | 剩余 18.2h
[05:27:41] [4491/13737] ✓ 3649 = 3.76g
[05:27:47] [4492/13737] ✗ 364cdb01 - Bricklink 上不存在该零件
[05:27:53] [4493/13737] ✓ 3650a = 1.08g
[05:27:59] [4494/13737] ✓ 3650b = 1.1g
[05:28:03] [4495/13737] ✗ 3650c - Bricklink 上不存在该零件
[05:28:09] [4496/13737] ✓ 3651 = 0.48g
[05:28:15] [4497/13737] ✗ 36512a - Bricklink 上不存在该零件
[05:28:22] [4498/13737] ✗ 36512b - Bricklink 上不存在该零件
[05:28:28] [4499/13737] ✗ 36512c01 - Bricklink 上不存在该零件
[05:28:33] [4500/13737] ✓ 3652 = 1.2g
[05:28:33] 进度 4500/13737 (32.8%) | 成功 3135 失败 1365 | 成功率 69.7% | 平均 7.1s/个 | 剩余 18.2h
[05:28:40] [4501/13737] ✗ 36548 - Bricklink 上不存在该零件
[05:28:44] [4502/13737] ✓ 3659 = 1.25g
[05:28:50] [4503/13737] ✗ 365cdb01 - Bricklink 上不存在该零件
[05:28:58] [4504/13737] ✓ 3660 = 1.25g
[05:29:05] [4505/13737] ✗ 3660a - Bricklink 上不存在该零件
[05:29:10] [4506/13737] ✗ 3660b - Bricklink 上不存在该零件
[05:29:15] [4507/13737] ✓ 3661 = 0.22g
[05:29:21] [4508/13737] ✓ 36618 = 0.16g
[05:29:26] [4509/13737] ✓ 3664 = 9.49g
[05:29:33] [4510/13737] ✓ 3665 = 0.69g
[05:29:33] 进度 4510/13737 (32.8%) | 成功 3141 失败 1369 | 成功率 69.6% | 平均 7.1s/个 | 剩余 18.2h
[05:29:38] [4511/13737] ✗ 3665a - Bricklink 上不存在该零件
[05:29:47] [4512/13737] ✓ 3666 = 1.06g
[05:29:51] [4513/13737] ✓ 36662 = 1.5g
[05:29:56] [4514/13737] ✓ 3668 = 3.14g
[05:30:01] [4515/13737] ✓ 36688 = 0.78g
[05:30:07] [4516/13737] ✓ 36690 = 0.79g
[05:30:13] [4517/13737] ✓ 367 = 55.0g
[05:30:18] [4518/13737] ✓ 3673 = 0.16g
[05:30:24] [4519/13737] ✓ 36744 = 23.0g
[05:30:31] [4520/13737] ✗ 36745 - Bricklink 上不存在该零件
[05:30:31] 进度 4520/13737 (32.9%) | 成功 3149 失败 1371 | 成功率 69.7% | 平均 7.1s/个 | 剩余 18.1h
[05:30:36] [4521/13737] ✓ 3675 = 1.54g
[05:30:42] [4522/13737] ✓ 36752 = 0.24g
[05:30:47] [4523/13737] ✓ 36752a = 0.08g
[05:30:53] [4524/13737] ✓ 3676 = 1.13g
[05:30:59] [4525/13737] ✓ 36762 = 0.7g
[05:31:04] [4526/13737] ✓ 3677c01 = 16.43g
[05:31:09] [4527/13737] ✓ 3677c02 = 16.5g
[05:31:14] [4528/13737] ✓ 3677c03 = 16.5g
[05:31:20] [4529/13737] ✓ 3678a = 1.75g
[05:31:25] [4530/13737] ✓ 3678b = 2.09g
[05:31:25] 进度 4530/13737 (33.0%) | 成功 3159 失败 1371 | 成功率 69.7% | 平均 7.1s/个 | 剩余 18.1h
[05:31:29] [4531/13737] ✓ 3679 = 0.3g
[05:31:34] [4532/13737] ✓ 367a = 52.0g
[05:31:39] [4533/13737] ✓ 3680 = 0.4g
[05:31:43] [4534/13737] ✓ 36806 = 0.86g
[05:31:47] [4535/13737] ✓ 3680c02 = 0.66g
[05:31:53] [4536/13737] ✗ 3684 - Bricklink 上不存在该零件
[05:31:58] [4537/13737] ✓ 36840 = 0.29g
[05:32:05] [4538/13737] ✓ 36841 = 0.28g
[05:32:10] [4539/13737] ✗ 3684b - Bricklink 上不存在该零件
[05:32:15] [4540/13737] ✓ 3685 = 2.36g
[05:32:15] 进度 4540/13737 (33.0%) | 成功 3167 失败 1373 | 成功率 69.8% | 平均 7.1s/个 | 剩余 18.1h
[05:32:21] [4541/13737] ✓ 3688 = 1.32g
[05:32:25] [4542/13737] ✓ 3691 = 9.0g
[05:32:31] [4543/13737] ✓ 36934 = 1.78g
[05:32:35] [4544/13737] ✓ 36956 = 0.1g
[05:32:40] [4545/13737] ✓ 36964 = 0.2g
[05:32:45] [4546/13737] ✓ 36970 = 1.71g
[05:32:50] [4547/13737] ✓ 36970a = 0.84g
[05:32:56] [4548/13737] ✓ 36970b = 0.9g
[05:33:01] [4549/13737] ✓ 36994 = 0.87g
[05:33:06] [4550/13737] ✓ 36h = 2.3g
[05:33:06] 进度 4550/13737 (33.1%) | 成功 3177 失败 1373 | 成功率 69.8% | 平均 7.1s/个 | 剩余 18.0h
[05:33:13] [4551/13737] ✗ 37 - Bricklink 上不存在该零件
[05:33:18] [4552/13737] ✓ 3700 = 0.82g
[05:33:23] [4553/13737] ✓ 3700b = 0.79g
[05:33:30] [4554/13737] ✓ 3701 = 1.46g
[05:33:34] [4555/13737] ✓ 3702 = 2.85g
[05:33:39] [4556/13737] ✓ 3703 = 5.87g
[05:33:44] [4557/13737] ✓ 3704 = 0.27g
[05:33:49] [4558/13737] ✓ 37046 = 0.14g
[05:33:54] [4559/13737] ✓ 3705 = 0.59g
[05:33:57] [4560/13737] ✓ 3705b = 0.45g
[05:33:57] 进度 4560/13737 (33.2%) | 成功 3186 失败 1374 | 成功率 69.9% | 平均 7.1s/个 | 剩余 18.0h
[05:34:02] [4561/13737] ✓ 3706 = 0.86g
[05:34:07] [4562/13737] ✓ 3707 = 1.18g
[05:34:12] [4563/13737] ✓ 3708 = 1.82g
[05:34:18] [4564/13737] ✓ 3709 = 1.15g
[05:34:23] [4565/13737] ✓ 3709a = 2.7g
[05:34:28] [4566/13737] ✓ 3709c = 3.94g
[05:34:36] [4567/13737] ✓ 3710 = 0.71g
[05:34:42] [4568/13737] ✗ 3711a - Bricklink 上不存在该零件
[05:34:49] [4569/13737] ✗ 3711b - Bricklink 上不存在该零件
[05:34:54] [4570/13737] ✓ 3713 = 0.14g
[05:34:55] 进度 4570/13737 (33.3%) | 成功 3194 失败 1376 | 成功率 69.9% | 平均 7.1s/个 | 剩余 18.0h
[05:35:00] [4571/13737] ✓ 37157 = 0.13g
[05:35:06] [4572/13737] ✗ 37165 - Bricklink 上不存在该零件
[05:35:11] [4573/13737] ✓ 37178 = 0.9g
[05:35:22] [4574/13737] ✗ 37184 - Bricklink 上不存在该零件
[05:35:27] [4575/13737] ✓ 37191 = 2.4g
[05:35:33] [4576/13737] ✗ 37191h01 - Bricklink 上不存在该零件
[05:35:38] [4577/13737] ✓ 37195 = 1.36g
[05:35:43] [4578/13737] ✓ 37288 = 2.0g
[05:35:49] [4579/13737] ✓ 3730 = 0.9g
[05:35:53] [4580/13737] ✓ 37304 = 0.11g
[05:35:53] 进度 4580/13737 (33.3%) | 成功 3201 失败 1379 | 成功率 69.9% | 平均 7.1s/个 | 剩余 18.0h
[05:35:59] [4581/13737] ✗ 37308 - Bricklink 上不存在该零件
[05:36:06] [4582/13737] ✗ 3731 - Bricklink 上不存在该零件
[05:36:12] [4583/13737] ✗ 37312 - Bricklink 上不存在该零件
[05:36:16] [4584/13737] ✓ 37313 = 1.5g
[05:36:22] [4585/13737] ✗ 37316 - Bricklink 上不存在该零件
[05:36:27] [4586/13737] ✓ 37320 = 1.5g
[05:36:32] [4587/13737] ✓ 37340 = 0.6g
[05:36:37] [4588/13737] ✓ 37341 = 2.22g
[05:36:41] [4589/13737] ✓ 37341a = 0.25g
[05:36:47] [4590/13737] ✓ 37341b = 0.1g
[05:36:47] 进度 4590/13737 (33.4%) | 成功 3207 失败 1383 | 成功率 69.9% | 平均 7.1s/个 | 剩余 17.9h
[05:36:52] [4591/13737] ✓ 37341c = 0.16g
[05:36:58] [4592/13737] ✓ 37341d = 0.26g
[05:37:02] [4593/13737] ✓ 37341e = 0.2g
[05:37:08] [4594/13737] ✓ 37352 = 0.63g
[05:37:13] [4595/13737] ✓ 3736 = 1.77g
[05:37:20] [4596/13737] ✗ 37364c01 - Bricklink 上不存在该零件
[05:37:27] [4597/13737] ✗ 37364c02 - Bricklink 上不存在该零件
[05:37:32] [4598/13737] ✗ 37364c03 - Bricklink 上不存在该零件
[05:37:37] [4599/13737] ✗ 37364c04 - Bricklink 上不存在该零件
[05:37:42] [4600/13737] ✗ 37364c05 - Bricklink 上不存在该零件
[05:37:42] 进度 4600/13737 (33.5%) | 成功 3212 失败 1388 | 成功率 69.8% | 平均 7.1s/个 | 剩余 17.9h
[05:37:48] [4601/13737] ✗ 37364c07 - Bricklink 上不存在该零件
[05:37:54] [4602/13737] ✗ 37364c09 - Bricklink 上不存在该零件
[05:38:00] [4603/13737] ✗ 37364c10 - Bricklink 上不存在该零件
[05:38:07] [4604/13737] ✗ 37364c11 - Bricklink 上不存在该零件
[05:38:12] [4605/13737] ✗ 37364c12 - Bricklink 上不存在该零件
[05:38:18] [4606/13737] ✗ 37364c14 - Bricklink 上不存在该零件
[05:38:25] [4607/13737] ✗ 37364c15 - Bricklink 上不存在该零件
[05:38:32] [4608/13737] ✗ 37364c18 - Bricklink 上不存在该零件
[05:38:38] [4609/13737] ✗ 37364c19 - Bricklink 上不存在该零件
[05:38:43] [4610/13737] ✗ 37364c20 - Bricklink 上不存在该零件
[05:38:44] 进度 4610/13737 (33.6%) | 成功 3212 失败 1398 | 成功率 69.7% | 平均 7.0s/个 | 剩余 17.9h
[05:38:50] [4611/13737] ✗ 37364c22 - Bricklink 上不存在该零件
[05:38:56] [4612/13737] ✗ 37364c23 - Bricklink 上不存在该零件
[05:39:01] [4613/13737] ✗ 37364c24 - Bricklink 上不存在该零件
[05:39:06] [4614/13737] ✗ 37364c26 - Bricklink 上不存在该零件
[05:39:11] [4615/13737] ✗ 37364c27 - Bricklink 上不存在该零件
[05:39:18] [4616/13737] ✗ 37364c28 - Bricklink 上不存在该零件
[05:39:23] [4617/13737] ✗ 37364c29 - Bricklink 上不存在该零件
[05:39:28] [4618/13737] ✗ 37364c32 - Bricklink 上不存在该零件
[05:39:34] [4619/13737] ✗ 37364c35 - Bricklink 上不存在该零件
[05:39:40] [4620/13737] ✗ 37364c36 - Bricklink 上不存在该零件
[05:39:41] 进度 4620/13737 (33.6%) | 成功 3212 失败 1408 | 成功率 69.5% | 平均 7.0s/个 | 剩余 17.8h
[05:39:46] [4621/13737] ✗ 37364c38 - Bricklink 上不存在该零件
[05:39:52] [4622/13737] ✗ 37364c41 - Bricklink 上不存在该零件
[05:39:59] [4623/13737] ✗ 37364c44 - Bricklink 上不存在该零件
[05:40:06] [4624/13737] ✗ 37364c46 - Bricklink 上不存在该零件
[05:40:12] [4625/13737] ✗ 37364c75 - Bricklink 上不存在该零件
[05:40:19] [4626/13737] ✗ 37364c76 - Bricklink 上不存在该零件
[05:40:25] [4627/13737] ✗ 37364l12r27 - Bricklink 上不存在该零件
[05:40:30] [4628/13737] ✗ 37365 - Bricklink 上不存在该零件
[05:40:34] [4629/13737] ✓ 3737 = 1.49g
[05:40:39] [4630/13737] ✓ 3737b = 1.4g
[05:40:39] 进度 4630/13737 (33.7%) | 成功 3214 失败 1416 | 成功率 69.4% | 平均 7.0s/个 | 剩余 17.8h
[05:40:45] [4631/13737] ✓ 3738 = 2.49g
[05:40:50] [4632/13737] ✓ 3739 = 10.64g
[05:40:55] [4633/13737] ✓ 374 = 40.0g
[05:41:00] [4634/13737] ✓ 3740 = 47.25g
[05:41:06] [4635/13737] ✗ 37407 - Bricklink 上不存在该零件
[05:41:11] [4636/13737] ✓ 3741 = 0.2g
[05:41:17] [4637/13737] ✓ 3742 = 0.07g
[05:41:21] [4638/13737] ✓ 37429 = 0.62g
[05:41:27] [4639/13737] ✗ 3742c01 - Bricklink 上不存在该零件
[05:41:33] [4640/13737] ✓ 3743 = 0.79g
[05:41:33] 进度 4640/13737 (33.8%) | 成功 3222 失败 1418 | 成功率 69.4% | 平均 7.0s/个 | 剩余 17.8h
[05:41:37] [4641/13737] ✓ 37452 = 1.82g
[05:41:42] [4642/13737] ✓ 3747a = 1.65g
[05:41:48] [4643/13737] ✓ 3747b = 1.68g
[05:41:53] [4644/13737] ✓ 3748 = 0.38g
[05:41:57] [4645/13737] ✓ 3749 = 0.22g
[05:42:03] [4646/13737] ✓ 37493 = 14.83g
[05:42:08] [4647/13737] ✓ 37494 = 0.6g
[05:42:13] [4648/13737] ✓ 37495 = 5.8g
[05:42:17] [4649/13737] ✓ 37496 = 5.5g
[05:42:22] [4650/13737] ✓ 3753 = 0.53g
[05:42:22] 进度 4650/13737 (33.9%) | 成功 3232 失败 1418 | 成功率 69.5% | 平均 7.0s/个 | 剩余 17.8h
[05:42:26] [4651/13737] ✓ 3754 = 10.24g
[05:42:32] [4652/13737] ✓ 3755 = 4.99g
[05:42:37] [4653/13737] ✗ 3755a - Bricklink 上不存在该零件
[05:42:41] [4654/13737] ✓ 3756 = 0.69g
[05:42:45] [4655/13737] ✓ 37566 = 0.22g
[05:42:51] [4656/13737] ✓ 3757 = 0.16g
[05:42:56] [4657/13737] ✓ 3758 = 0.55g
[05:43:00] [4658/13737] ✓ 37580 = 0.09g
[05:43:04] [4659/13737] ✗ 37594 - 未在页面中找到重量数据
[05:43:08] [4660/13737] ✗ 37595 - 未在页面中找到重量数据
[05:43:08] 进度 4660/13737 (33.9%) | 成功 3239 失败 1421 | 成功率 69.5% | 平均 7.0s/个 | 剩余 17.7h
[05:43:13] [4661/13737] ✓ 37596 = 2.9g
[05:43:18] [4662/13737] ✗ 37597c150 - Bricklink 上不存在该零件
[05:43:23] [4663/13737] ✗ 37597c175 - Bricklink 上不存在该零件
[05:43:29] [4664/13737] ✗ 37597c300 - Bricklink 上不存在该零件
[05:43:35] [4665/13737] ✗ 37597c64 - Bricklink 上不存在该零件
[05:43:40] [4666/13737] ✗ 37597c66 - Bricklink 上不存在该零件
[05:43:46] [4667/13737] ✗ 37597c80 - Bricklink 上不存在该零件
[05:43:50] [4668/13737] ✓ 3761 = 4.4g
[05:43:56] [4669/13737] ✓ 37614 = 0.2g
[05:44:01] [4670/13737] ✓ 3762 = 3.0g
[05:44:01] 进度 4670/13737 (34.0%) | 成功 3243 失败 1427 | 成功率 69.4% | 平均 7.0s/个 | 剩余 17.7h
[05:44:07] [4671/13737] ✗ 37628 - Bricklink 上不存在该零件
[05:44:13] [4672/13737] ✓ 3766 = 2.72g
[05:44:20] [4673/13737] ✗ 37674 - Bricklink 上不存在该零件
[05:44:26] [4674/13737] ✗ 37675 - Bricklink 上不存在该零件
[05:44:32] [4675/13737] ✓ 37681 = 0.34g
[05:44:36] [4676/13737] ✓ 3769 = 6.26g
[05:44:42] [4677/13737] ✓ 37695 = 0.17g
[05:44:47] [4678/13737] ✓ 37696 = 0.29g
[05:44:52] [4679/13737] ✓ 37697 = 1.07g
[05:44:56] [4680/13737] ✓ 3770 = 3.71g
[05:44:56] 进度 4680/13737 (34.1%) | 成功 3250 失败 1430 | 成功率 69.4% | 平均 7.0s/个 | 剩余 17.7h
[05:45:02] [4681/13737] ✓ 37703 = 1.23g
[05:45:07] [4682/13737] ✓ 37704 = 0.35g
[05:45:11] [4683/13737] ✓ 3771 = 6.35g
[05:45:16] [4684/13737] ✓ 37720 = 6.02g
[05:45:20] [4685/13737] ✓ 37720a = 0.81g
[05:45:24] [4686/13737] ✓ 37720b = 0.18g
[05:45:29] [4687/13737] ✓ 37720c = 0.34g
[05:45:33] [4688/13737] ✓ 37720d = 0.48g
[05:45:39] [4689/13737] ✓ 37720e = 0.76g
[05:45:43] [4690/13737] ✓ 3776 = 1.57g
[05:45:43] 进度 4690/13737 (34.1%) | 成功 3260 失败 1430 | 成功率 69.5% | 平均 7.0s/个 | 剩余 17.6h
[05:45:48] [4691/13737] ✓ 37762 = 0.28g
[05:45:53] [4692/13737] ✓ 3777 = 8.4g
[05:45:57] [4693/13737] ✓ 37775 = 0.1g
[05:46:02] [4694/13737] ✓ 37776 = 0.48g
[05:46:07] [4695/13737] ✓ 3778 = 14.0g
[05:46:13] [4696/13737] ✓ 37784 = 1.42g
[05:46:17] [4697/13737] ✓ 3779 = 1.31g
[05:46:22] [4698/13737] ✓ 37822 = 0.36g
[05:46:28] [4699/13737] ✓ 37823 = 0.71g
[05:46:34] [4700/13737] ✓ 37829 = 0.91g
[05:46:34] 进度 4700/13737 (34.2%) | 成功 3270 失败 1430 | 成功率 69.6% | 平均 7.0s/个 | 剩余 17.6h
[05:46:39] [4701/13737] ✓ 3787 = 1.31g
[05:46:45] [4702/13737] ✓ 3788 = 1.41g
[05:46:52] [4703/13737] ✓ 3794a = 0.3g
[05:46:59] [4704/13737] ✓ 3794b = 0.3g
[05:47:06] [4705/13737] ✓ 3795 = 1.74g
[05:47:11] [4706/13737] ✓ 3795a = 1.8g
[05:47:16] [4707/13737] ✗ 37995 - Bricklink 上不存在该零件
[05:47:23] [4708/13737] ✗ 37996 - Bricklink 上不存在该零件
[05:47:28] [4709/13737] ✓ 38014 = 0.21g
[05:47:34] [4710/13737] ✓ 3803 = 0.57g
[05:47:34] 进度 4710/13737 (34.3%) | 成功 3278 失败 1432 | 成功率 69.6% | 平均 7.0s/个 | 剩余 17.6h
[05:47:40] [4711/13737] ✓ 3808 = 4.25g
[05:47:45] [4712/13737] ✗ 38086 - Bricklink 上不存在该零件
[05:47:49] [4713/13737] ✓ 3811 = 107.0g
[05:47:54] [4714/13737] ✓ 3813 = 0.18g
[05:47:59] [4715/13737] ✗ 3814 - 未在页面中找到重量数据
[05:48:06] [4716/13737] ✗ 3815 - Bricklink 上不存在该零件
[05:48:10] [4717/13737] ✓ 38159 = 0.17g
[05:48:17] [4718/13737] ✗ 3816 - Bricklink 上不存在该零件
[05:48:23] [4719/13737] ✗ 38165a - Bricklink 上不存在该零件
[05:48:30] [4720/13737] ✗ 38165b - Bricklink 上不存在该零件
[05:48:30] 进度 4720/13737 (34.4%) | 成功 3282 失败 1438 | 成功率 69.5% | 平均 7.0s/个 | 剩余 17.6h
[05:48:36] [4721/13737] ✗ 38165c01 - Bricklink 上不存在该零件
[05:48:42] [4722/13737] ✗ 3817 - Bricklink 上不存在该零件
[05:48:48] [4723/13737] ✗ 3818 - Bricklink 上不存在该零件
[05:48:53] [4724/13737] ✗ 3819 - Bricklink 上不存在该零件
[05:48:59] [4725/13737] ✓ 38190 = 0.1g
[05:49:05] [4726/13737] ✗ 3820 - Bricklink 上不存在该零件
[05:49:12] [4727/13737] ✓ 3821 = 0.56g
[05:49:17] [4728/13737] ✓ 3822 = 0.56g
[05:49:21] [4729/13737] ✓ 3823 = 2.19g
[05:49:26] [4730/13737] ✓ 3829c01 = 0.6g
[05:49:26] 进度 4730/13737 (34.4%) | 成功 3287 失败 1443 | 成功率 69.5% | 平均 7.0s/个 | 剩余 17.5h
[05:49:31] [4731/13737] ✓ 3829c02 = 0.6g
[05:49:35] [4732/13737] ✓ 3829c03 = 0.6g
[05:49:40] [4733/13737] ✓ 3829c04 = 0.6g
[05:49:45] [4734/13737] ✓ 3830 = 1.02g
[05:49:52] [4735/13737] ✓ 3831 = 0.83g
[05:49:59] [4736/13737] ✓ 38317 = 2.16g
[05:50:05] [4737/13737] ✓ 3832 = 2.91g
[05:50:10] [4738/13737] ✓ 38320 = 0.2g
[05:50:15] [4739/13737] ✓ 3833 = 0.3g
[05:50:20] [4740/13737] ✓ 38339 = 4.76g
[05:50:20] 进度 4740/13737 (34.5%) | 成功 3297 失败 1443 | 成功率 69.6% | 平均 7.0s/个 | 剩余 17.5h
[05:50:26] [4741/13737] ✓ 3834 = 0.34g
[05:50:31] [4742/13737] ✓ 38340 = 0.77g
[05:50:37] [4743/13737] ✓ 3835 = 0.24g
[05:50:44] [4744/13737] ✓ 3836 = 0.44g
[05:50:48] [4745/13737] ✓ 3837 = 0.33g
[05:50:55] [4746/13737] ✓ 3838 = 0.56g
[05:51:02] [4747/13737] ✗ 38389 - Bricklink 上不存在该零件
[05:51:07] [4748/13737] ✗ 3838a - Bricklink 上不存在该零件
[05:51:13] [4749/13737] ✗ 38394 - Bricklink 上不存在该零件
[05:51:17] [4750/13737] ✓ 3839a = 0.66g
[05:51:17] 进度 4750/13737 (34.6%) | 成功 3304 失败 1446 | 成功率 69.6% | 平均 7.0s/个 | 剩余 17.5h
[05:51:22] [4751/13737] ✓ 3839b = 0.61g
[05:51:28] [4752/13737] ✗ 384 - Bricklink 上不存在该零件
[05:51:33] [4753/13737] ✓ 3840 = 0.3g
[05:51:39] [4754/13737] ✓ 3841 = 0.42g
[05:51:44] [4755/13737] ✗ 3842 - Bricklink 上不存在该零件
[05:51:50] [4756/13737] ✗ 3842a - Bricklink 上不存在该零件
[05:51:55] [4757/13737] ✗ 3842b - Bricklink 上不存在该零件
[05:52:00] [4758/13737] ✗ 3842c - Bricklink 上不存在该零件
[05:52:05] [4759/13737] ✗ 3843 - Bricklink 上不存在该零件
[05:52:10] [4760/13737] ✓ 3844 = 0.64g
[05:52:10] 进度 4760/13737 (34.7%) | 成功 3308 失败 1452 | 成功率 69.5% | 平均 7.0s/个 | 剩余 17.4h
[05:52:15] [4761/13737] ✓ 3846 = 0.42g
[05:52:20] [4762/13737] ✓ 3847 = 0.2g
[05:52:27] [4763/13737] ✗ 38470a - Bricklink 上不存在该零件
[05:52:32] [4764/13737] ✗ 38470b - Bricklink 上不存在该零件
[05:52:38] [4765/13737] ✗ 38470c01 - Bricklink 上不存在该零件
[05:52:43] [4766/13737] ✓ 3847a = 0.26g
[05:52:47] [4767/13737] ✓ 3848 = 0.5g
[05:52:52] [4768/13737] ✓ 3849 = 0.71g
[05:52:57] [4769/13737] ✓ 3850 = 0.78g
[05:53:03] [4770/13737] ✗ 3852 - Bricklink 上不存在该零件
[05:53:03] 进度 4770/13737 (34.7%) | 成功 3314 失败 1456 | 成功率 69.5% | 平均 7.0s/个 | 剩余 17.4h
[05:53:07] [4771/13737] ✓ 3852a = 0.33g
[05:53:12] [4772/13737] ✓ 3852b = 0.31g
[05:53:17] [4773/13737] ✓ 3853 = 1.64g
[05:53:21] [4774/13737] ✓ 3853mi = 2.0g
[05:53:27] [4775/13737] ✓ 3854 = 0.33g
[05:53:31] [4776/13737] ✓ 38547 = 2.25g
[05:53:37] [4777/13737] ✓ 3855 = 1.65g
[05:53:42] [4778/13737] ✓ 3855a = 1.4g
[05:53:47] [4779/13737] ✓ 3856 = 0.62g
[05:53:52] [4780/13737] ✓ 38561 = 1.1g
[05:53:52] 进度 4780/13737 (34.8%) | 成功 3324 失败 1456 | 成功率 69.5% | 平均 7.0s/个 | 剩余 17.4h
[05:53:58] [4781/13737] ✓ 3856mi = 0.7g
[05:54:04] [4782/13737] ✓ 3857 = 52.1g
[05:54:09] [4783/13737] ✓ 38583 = 0.62g
[05:54:14] [4784/13737] ✓ 38585 = 0.62g
[05:54:19] [4785/13737] ✓ 38597 = 0.1g
[05:54:24] [4786/13737] ✓ 38603 = 0.28g
[05:54:30] [4787/13737] ✗ 3861a - Bricklink 上不存在该零件
[05:54:37] [4788/13737] ✗ 3861b - Bricklink 上不存在该零件
[05:54:42] [4789/13737] ✓ 3861mi = 1.9g
[05:54:49] [4790/13737] ✗ 38628c00 - Bricklink 上不存在该零件
[05:54:49] 进度 4790/13737 (34.9%) | 成功 3331 失败 1459 | 成功率 69.5% | 平均 7.0s/个 | 剩余 17.4h
[05:54:55] [4791/13737] ✗ 38628c01 - Bricklink 上不存在该零件
[05:55:02] [4792/13737] ✗ 38628c02 - Bricklink 上不存在该零件
[05:55:08] [4793/13737] ✗ 38628c03 - Bricklink 上不存在该零件
[05:55:12] [4794/13737] ✓ 3863 = 11.9g
[05:55:17] [4795/13737] ✗ 38630c00 - Bricklink 上不存在该零件
[05:55:23] [4796/13737] ✗ 38630c01 - Bricklink 上不存在该零件
[05:55:30] [4797/13737] ✗ 38630c02 - Bricklink 上不存在该零件
[05:55:36] [4798/13737] ✗ 38630c03 - Bricklink 上不存在该零件
[05:55:42] [4799/13737] ✓ 3865 = 12.86g
[05:55:48] [4800/13737] ✓ 3867 = 26.25g
[05:55:48] 进度 4800/13737 (34.9%) | 成功 3334 失败 1466 | 成功率 69.5% | 平均 7.0s/个 | 剩余 17.3h
[05:55:53] [4801/13737] ✗ 3870 - Bricklink 上不存在该零件
[05:55:58] [4802/13737] ✓ 3873 = 0.19g
[05:56:03] [4803/13737] ✓ 3876 = 0.55g
[05:56:11] [4804/13737] ✗ 38765a - Bricklink 上不存在该零件
[05:56:17] [4805/13737] ✗ 38765b - Bricklink 上不存在该零件
[05:56:22] [4806/13737] ✗ 38765c01 - Bricklink 上不存在该零件
[05:56:28] [4807/13737] ✓ 38775 = 14.0g
[05:56:33] [4808/13737] ✓ 3878 = 0.57g
[05:56:38] [4809/13737] ✓ 38781 = 0.32g
[05:56:44] [4810/13737] ✗ 38783 - Bricklink 上不存在该零件
[05:56:44] 进度 4810/13737 (35.0%) | 成功 3339 失败 1471 | 成功率 69.4% | 平均 7.0s/个 | 剩余 17.3h
[05:56:50] [4811/13737] ✗ 38784 - Bricklink 上不存在该零件
[05:56:55] [4812/13737] ✗ 38784w - Bricklink 上不存在该零件
[05:57:00] [4813/13737] ✓ 38785 = 12.76g
[05:57:06] [4814/13737] ✓ 38787 = 12.76g
[05:57:10] [4815/13737] ✓ 38789 = 5.4g
[05:57:15] [4816/13737] ✓ 38790 = 5.2g
[05:57:19] [4817/13737] ✓ 38798 = 0.81g
[05:57:25] [4818/13737] ✓ 38799 = 0.16g
[05:57:29] [4819/13737] ✓ 38800 = 0.38g
[05:57:34] [4820/13737] ✓ 38801 = 0.89g
[05:57:34] 进度 4820/13737 (35.1%) | 成功 3347 失败 1473 | 成功率 69.4% | 平均 7.0s/个 | 剩余 17.3h
[05:57:38] [4821/13737] ✓ 3884 = 0.6g
[05:57:44] [4822/13737] ✓ 3885 = 0.2g
[05:57:48] [4823/13737] ✓ 3886 = 1.77g
[05:57:52] [4824/13737] ✓ 3887 = 0.72g
[05:57:57] [4825/13737] ✗ 3888ac01 - Bricklink 上不存在该零件
[05:58:02] [4826/13737] ✓ 3888c01 = 18.0g
[05:58:07] [4827/13737] ✓ 3894 = 2.2g
[05:58:13] [4828/13737] ✓ 3895 = 4.2g
[05:58:18] [4829/13737] ✓ 3896 = 0.57g
[05:58:24] [4830/13737] ✗ 3897 - Bricklink 上不存在该零件
[05:58:24] 进度 4830/13737 (35.2%) | 成功 3355 失败 1475 | 成功率 69.5% | 平均 7.0s/个 | 剩余 17.3h
[05:58:29] [4831/13737] ✓ 38974 = 1.29g
[05:58:35] [4832/13737] ✓ 38975 = 5.92g
[05:58:39] [4833/13737] ✓ 3898 = 0.75g
[05:58:46] [4834/13737] ✓ 3899 = 0.33g
[05:58:50] [4835/13737] ✓ 3900 = 0.25g
[05:58:57] [4836/13737] ✓ 3901 = 0.3g
[05:59:02] [4837/13737] ✓ 39019 = 0.12g
[05:59:08] [4838/13737] ✓ 3902 = 0.85g
[05:59:13] [4839/13737] ✗ 39039 - Bricklink 上不存在该零件
[05:59:19] [4840/13737] ✗ 39040 - Bricklink 上不存在该零件
[05:59:19] 进度 4840/13737 (35.2%) | 成功 3363 失败 1477 | 成功率 69.5% | 平均 7.0s/个 | 剩余 17.2h
[05:59:24] [4841/13737] ✓ 39124 = 0.8g
[05:59:29] [4842/13737] ✓ 39134 = 1.5g
[05:59:34] [4843/13737] ✓ 39144 = 0.41g
[05:59:40] [4844/13737] ✓ 3916 = 4.34g
[05:59:44] [4845/13737] ✓ 3917 = 0.45g
[05:59:50] [4846/13737] ✓ 39260 = 0.22g
[05:59:57] [4847/13737] ✓ 39262 = 0.3g
[06:00:03] [4848/13737] ✗ 39268 - Bricklink 上不存在该零件
[06:00:08] [4849/13737] ✗ 3933 - Bricklink 上不存在该零件
[06:00:13] [4850/13737] ✓ 3933a = 3.0g
[06:00:13] 进度 4850/13737 (35.3%) | 成功 3371 失败 1479 | 成功率 69.5% | 平均 7.0s/个 | 剩余 17.2h
[06:00:18] [4851/13737] ✗ 3934 - Bricklink 上不存在该零件
[06:00:23] [4852/13737] ✓ 3934a = 3.0g
[06:00:29] [4853/13737] ✓ 3935 = 1.64g
[06:00:34] [4854/13737] ✓ 3936 = 1.64g
[06:00:41] [4855/13737] ✗ 39367 - Bricklink 上不存在该零件
[06:00:45] [4856/13737] ✓ 39369 = 55.91g
[06:00:52] [4857/13737] ✓ 3937 = 0.48g
[06:00:58] [4858/13737] ✓ 39370 = 4.11g
[06:01:05] [4859/13737] ✓ 3938 = 0.34g
[06:01:11] [4860/13737] ✓ 39381 = 0.09g
[06:01:11] 进度 4860/13737 (35.4%) | 成功 3379 失败 1481 | 成功率 69.5% | 平均 7.0s/个 | 剩余 17.2h
[06:01:17] [4861/13737] ✓ 3939 = 3.32g
[06:01:22] [4862/13737] ✗ 393c48 - Bricklink 上不存在该零件
[06:01:27] [4863/13737] ✓ 3940a = 1.06g
[06:01:33] [4864/13737] ✓ 3940b = 1.0g
[06:01:39] [4865/13737] ✓ 3941 = 1.2g
[06:01:47] [4866/13737] ✓ 3942a = 1.37g
[06:01:52] [4867/13737] ✓ 3942b = 1.34g
[06:01:59] [4868/13737] ✓ 3942c = 1.32g
[06:02:04] [4869/13737] ✓ 3943a = 3.4g
[06:02:10] [4870/13737] ✓ 3943b = 3.46g
[06:02:10] 进度 4870/13737 (35.5%) | 成功 3388 失败 1482 | 成功率 69.6% | 平均 7.0s/个 | 剩余 17.1h
[06:02:16] [4871/13737] ✓ 39444 = 0.17g
[06:02:20] [4872/13737] ✓ 3947a = 107.0g
[06:02:25] [4873/13737] ✓ 3947b = 32.0g
[06:02:32] [4874/13737] ✗ 394ac48 - Bricklink 上不存在该零件
[06:02:36] [4875/13737] ✓ 39523 = 0.05g
[06:02:43] [4876/13737] ✓ 3956 = 1.13g
[06:02:48] [4877/13737] ✓ 3957a = 0.42g
[06:02:52] [4878/13737] ✓ 3957b = 0.45g
[06:02:58] [4879/13737] ✓ 3958 = 4.71g
[06:03:04] [4880/13737] ✓ 3959 = 0.3g
[06:03:04] 进度 4880/13737 (35.5%) | 成功 3397 失败 1483 | 成功率 69.6% | 平均 7.0s/个 | 剩余 17.1h
[06:03:09] [4881/13737] ✗ 39595 - Bricklink 上不存在该零件
[06:03:17] [4882/13737] ✓ 3960 = 1.33g
[06:03:24] [4883/13737] ✓ 3961 = 4.57g
[06:03:28] [4884/13737] ✓ 39611 = 1.3g
[06:03:34] [4885/13737] ✓ 39613 = 1.2g
[06:03:41] [4886/13737] ✗ 3961a - Bricklink 上不存在该零件
[06:03:47] [4887/13737] ✗ 3962 - Bricklink 上不存在该零件
[06:03:51] [4888/13737] ✓ 3962a = 0.44g
[06:03:57] [4889/13737] ✓ 3962b = 0.42g
[06:04:03] [4890/13737] ✓ 3963 = 1.0g
[06:04:03] 进度 4890/13737 (35.6%) | 成功 3404 失败 1486 | 成功率 69.6% | 平均 7.0s/个 | 剩余 17.1h
[06:04:07] [4891/13737] ✓ 3965 = 10.0g
[06:04:12] [4892/13737] ✗ 39652 - Bricklink 上不存在该零件
[06:04:17] [4893/13737] ✓ 3966 = 7.0g
[06:04:23] [4894/13737] ✓ 3967 = 4.0g
[06:04:28] [4895/13737] ✓ 3968 = 0.94g
[06:04:33] [4896/13737] ✗ 397 - Bricklink 上不存在该零件
[06:04:39] [4897/13737] ✓ 39739 = 0.14g
[06:04:44] [4898/13737] ✗ 39767 - Bricklink 上不存在该零件
[06:04:48] [4899/13737] ✓ 39778 = 0.11g
[06:04:54] [4900/13737] ✓ 39787c01 = 12.0g
[06:04:54] 进度 4900/13737 (35.7%) | 成功 3411 失败 1489 | 成功率 69.6% | 平均 7.0s/个 | 剩余 17.1h
[06:05:00] [4901/13737] ✓ 39789 = 2.2g
[06:05:07] [4902/13737] ✓ 39790 = 12.96g
[06:05:11] [4903/13737] ✓ 39793 = 2.0g
[06:05:17] [4904/13737] ✓ 39794 = 8.5g
[06:05:21] [4905/13737] ✓ 39796 = 0.14g
[06:05:27] [4906/13737] ✗ 3979c01 - Bricklink 上不存在该零件
[06:05:33] [4907/13737] ✗ 3979c02 - Bricklink 上不存在该零件
[06:05:37] [4908/13737] ✓ 39802 = 0.2g
[06:05:42] [4909/13737] ✗ 3980c01 - Bricklink 上不存在该零件
[06:05:49] [4910/13737] ✗ 3980c02 - Bricklink 上不存在该零件
[06:05:49] 进度 4910/13737 (35.7%) | 成功 3417 失败 1493 | 成功率 69.6% | 平均 6.9s/个 | 剩余 17.0h
[06:05:55] [4911/13737] ✗ 3980c03 - Bricklink 上不存在该零件
[06:05:59] [4912/13737] ✓ 3982 = 27.0g
[06:06:04] [4913/13737] ✓ 3986 = 0.88g
[06:06:10] [4914/13737] ✓ 3987 = 1.2g
[06:06:16] [4915/13737] ✗ 39881 - Bricklink 上不存在该零件
[06:06:22] [4916/13737] ✗ 39888 - Bricklink 上不存在该零件
[06:06:28] [4917/13737] ✗ 39893 - Bricklink 上不存在该零件
[06:06:32] [4918/13737] ✓ 39921 = 27.0g
[06:06:38] [4919/13737] ✓ 39924 = 6.97g
[06:06:43] [4920/13737] ✓ 39927 = 91.71g
[06:06:43] 进度 4920/13737 (35.8%) | 成功 3423 失败 1497 | 成功率 69.6% | 平均 6.9s/个 | 剩余 17.0h
[06:06:48] [4921/13737] ✓ 3997 = 3.5g
[06:06:53] [4922/13737] ✓ 3998 = 0.66g
[06:06:59] [4923/13737] ✓ 3999 = 2.0g
[06:07:05] [4924/13737] ✗ 3waycona - 未在页面中找到重量数据
[06:07:10] [4925/13737] ✗ 3wayconb - 未在页面中找到重量数据
[06:07:14] [4926/13737] ✓ 4000 = 7.0g
[06:07:19] [4927/13737] ✓ 40001 = 0.7g
[06:07:25] [4928/13737] ✗ 40002c09 - Bricklink 上不存在该零件
[06:07:30] [4929/13737] ✗ 40002c10 - Bricklink 上不存在该零件
[06:07:35] [4930/13737] ✗ 40002c12 - Bricklink 上不存在该零件
[06:07:35] 进度 4930/13737 (35.9%) | 成功 3428 失败 1502 | 成功率 69.5% | 平均 6.9s/个 | 剩余 17.0h
[06:07:41] [4931/13737] ✗ 40002c20 - Bricklink 上不存在该零件
[06:07:48] [4932/13737] ✗ 40002c24 - Bricklink 上不存在该零件
[06:07:54] [4933/13737] ✗ 40002c25 - Bricklink 上不存在该零件
[06:07:59] [4934/13737] ✗ 40002c28 - Bricklink 上不存在该零件
[06:08:04] [4935/13737] ✓ 4006 = 0.39g
[06:08:09] [4936/13737] ✓ 40066 = 5.71g
[06:08:13] [4937/13737] ✓ 40144 = 0.44g
[06:08:18] [4938/13737] ✓ 40145 = 0.62g
[06:08:23] [4939/13737] ✓ 4019 = 0.7g
[06:08:29] [4940/13737] ✓ 4022 = 2.5g
[06:08:29] 进度 4940/13737 (36.0%) | 成功 3434 失败 1506 | 成功率 69.5% | 平均 6.9s/个 | 剩余 17.0h
[06:08:35] [4941/13737] ✓ 4023 = 0.55g
[06:08:40] [4942/13737] ✓ 40232 = 1.56g
[06:08:45] [4943/13737] ✓ 40233 = 0.63g
[06:08:52] [4944/13737] ✓ 40234 = 0.6g
[06:08:56] [4945/13737] ✓ 40235 = 1.37g
[06:09:00] [4946/13737] ✓ 40238 = 1.48g
[06:09:05] [4947/13737] ✓ 40239 = 1.0g
[06:09:11] [4948/13737] ✗ 40240 - Bricklink 上不存在该零件
[06:09:16] [4949/13737] ✓ 40241 = 2.82g
[06:09:21] [4950/13737] ✓ 40242 = 8.5g
[06:09:21] 进度 4950/13737 (36.0%) | 成功 3443 失败 1507 | 成功率 69.6% | 平均 6.9s/个 | 剩余 16.9h
[06:09:26] [4951/13737] ✓ 40243 = 1.77g
[06:09:31] [4952/13737] ✓ 40244 = 1.25g
[06:09:36] [4953/13737] ✓ 40245 = 6.73g
[06:09:41] [4954/13737] ✓ 40246 = 2.26g
[06:09:47] [4955/13737] ✓ 40249 = 4.33g
[06:09:51] [4956/13737] ✓ 4025 = 2.94g
[06:09:57] [4957/13737] ✓ 40251 = 0.94g
[06:10:02] [4958/13737] ✓ 40253 = 7.64g
[06:10:07] [4959/13737] ✗ 40279c01 - Bricklink 上不存在该零件
[06:10:13] [4960/13737] ✗ 40279c02 - Bricklink 上不存在该零件
[06:10:13] 进度 4960/13737 (36.1%) | 成功 3451 失败 1509 | 成功率 69.6% | 平均 6.9s/个 | 剩余 16.9h
[06:10:18] [4961/13737] ✗ 40315board - Bricklink 上不存在该零件
[06:10:25] [4962/13737] ✗ 4032a - Bricklink 上不存在该零件
[06:10:31] [4963/13737] ✗ 4032b - Bricklink 上不存在该零件
[06:10:37] [4964/13737] ✓ 4033 = 1.85g
[06:10:42] [4965/13737] ✓ 40339 = 1.55g
[06:10:48] [4966/13737] ✓ 4034 = 1.5g
[06:10:54] [4967/13737] ✓ 40340 = 2.0g
[06:10:59] [4968/13737] ✓ 40341 = 1.95g
[06:11:05] [4969/13737] ✓ 40342 = 1.5g
[06:11:10] [4970/13737] ✗ 40344c01 - Bricklink 上不存在该零件
[06:11:10] 进度 4970/13737 (36.2%) | 成功 3457 失败 1513 | 成功率 69.6% | 平均 6.9s/个 | 剩余 16.9h
[06:11:14] [4971/13737] ✓ 40348c01 = 82.01g
[06:11:21] [4972/13737] ✓ 4035 = 1.42g
[06:11:26] [4973/13737] ✓ 4036 = 0.68g
[06:11:32] [4974/13737] ✓ 40373 = 4.73g
[06:11:36] [4975/13737] ✓ 40374 = 5.7g
[06:11:42] [4976/13737] ✓ 40375 = 4.87g
[06:11:48] [4977/13737] ✓ 40378 = 2.33g
[06:11:55] [4978/13737] ✓ 40379 = 0.68g
[06:12:00] [4979/13737] ✓ 40380c01 = 12.0g
[06:12:06] [4980/13737] ✓ 40382c01 = 16.47g
[06:12:06] 进度 4980/13737 (36.3%) | 成功 3467 失败 1513 | 成功率 69.6% | 平均 6.9s/个 | 剩余 16.9h
[06:12:11] [4981/13737] ✗ 40384 - Bricklink 上不存在该零件
[06:12:17] [4982/13737] ✓ 40385 = 4.01g
[06:12:21] [4983/13737] ✓ 40386 = 1.79g
[06:12:25] [4984/13737] ✓ 40387 = 10.0g
[06:12:30] [4985/13737] ✓ 40388 = 7.62g
[06:12:35] [4986/13737] ✓ 40390 = 5.95g
[06:12:39] [4987/13737] ✓ 40393 = 1.5g
[06:12:45] [4988/13737] ✗ 40395 - Bricklink 上不存在该零件
[06:12:51] [4989/13737] ✗ 40396 - Bricklink 上不存在该零件
[06:12:55] [4990/13737] ✓ 4041 = 3.2g
[06:12:55] 进度 4990/13737 (36.3%) | 成功 3474 失败 1516 | 成功率 69.6% | 平均 6.9s/个 | 剩余 16.8h
[06:13:01] [4991/13737] ✓ 4042 = 0.82g
[06:13:07] [4992/13737] ✓ 4045 = 0.95g
[06:13:11] [4993/13737] ✗ 40474 - 未在页面中找到重量数据
[06:13:15] [4994/13737] ✗ 40475 - 未在页面中找到重量数据
[06:13:20] [4995/13737] ✗ 40476 - 未在页面中找到重量数据
[06:13:25] [4996/13737] ✓ 4048 = 2.71g
[06:13:30] [4997/13737] ✓ 40490 = 2.59g
[06:13:36] [4998/13737] ✓ 4050 = 0.88g
[06:13:40] [4999/13737] ✓ 40507 = 2.42g
[06:13:45] [5000/13737] ✗ 40517 - Bricklink 上不存在该零件
[06:13:45] 进度 5000/13737 (36.4%) | 成功 3480 失败 1520 | 成功率 69.6% | 平均 6.9s/个 | 剩余 16.8h
[06:13:50] [5001/13737] ✗ 40518 - Bricklink 上不存在该零件
[06:13:56] [5002/13737] ✗ 40527 - Bricklink 上不存在该零件
[06:14:01] [5003/13737] ✓ 40553 = 8.0g
[06:14:06] [5004/13737] ✓ 40554 = 5.0g
[06:14:12] [5005/13737] ✗ 40566 - Bricklink 上不存在该零件
[06:14:17] [5006/13737] ✗ 40567 - Bricklink 上不存在该零件
[06:14:23] [5007/13737] ✓ 4057 = 1.13g
[06:14:28] [5008/13737] ✓ 40581 = 1.61g
[06:14:33] [5009/13737] ✓ 40582 = 1.7g
[06:14:37] [5010/13737] ✓ 40598 = 3.82g
[06:14:37] 进度 5010/13737 (36.5%) | 成功 3486 失败 1524 | 成功率 69.6% | 平均 6.9s/个 | 剩余 16.8h
[06:14:42] [5011/13737] ✓ 40598a = 0.27g
[06:14:47] [5012/13737] ✓ 40598b = 0.46g
[06:14:52] [5013/13737] ✓ 40598c = 0.3g
[06:14:57] [5014/13737] ✓ 40598d = 0.24g
[06:15:03] [5015/13737] ✗ 40606 - Bricklink 上不存在该零件
[06:15:08] [5016/13737] ✓ 40607 = 5.0g
[06:15:14] [5017/13737] ✓ 40613 = 1.25g
[06:15:20] [5018/13737] ✗ 40620 - Bricklink 上不存在该零件
[06:15:26] [5019/13737] ✗ 40629 - Bricklink 上不存在该零件
[06:15:32] [5020/13737] ✗ 40630 - Bricklink 上不存在该零件
[06:15:33] 进度 5020/13737 (36.5%) | 成功 3492 失败 1528 | 成功率 69.6% | 平均 6.9s/个 | 剩余 16.7h
[06:15:37] [5021/13737] ✓ 40637 = 10.0g
[06:15:41] [5022/13737] ✓ 40638 = 12.0g
[06:15:47] [5023/13737] ✓ 40639 = 23.0g
[06:15:51] [5024/13737] ✓ 40642 = 9.0g
[06:15:55] [5025/13737] ✓ 40643 = 4.0g
[06:16:01] [5026/13737] ✓ 40644 = 5.0g
[06:16:06] [5027/13737] ✓ 40648 = 16.2g
[06:16:12] [5028/13737] ✗ 40651 - Bricklink 上不存在该零件
[06:16:17] [5029/13737] ✓ 40654 = 0.42g
[06:16:23] [5030/13737] ✗ 40655 - Bricklink 上不存在该零件
[06:16:23] 进度 5030/13737 (36.6%) | 成功 3500 失败 1530 | 成功率 69.6% | 平均 6.9s/个 | 剩余 16.7h
[06:16:28] [5031/13737] ✗ 40657 - 未在页面中找到重量数据
[06:16:36] [5032/13737] ✓ 4066 = 7.95g
[06:16:41] [5033/13737] ✗ 40661 - Bricklink 上不存在该零件
[06:16:48] [5034/13737] ✓ 40666 = 7.4g
[06:16:54] [5035/13737] ✗ 40682 - Bricklink 上不存在该零件
[06:17:00] [5036/13737] ✓ 40687 = 1.6g
[06:17:05] [5037/13737] ✓ 40690 = 7.0g
[06:17:12] [5038/13737] ✗ 40693 - Bricklink 上不存在该零件
[06:17:18] [5039/13737] ✗ 40697c01 - Bricklink 上不存在该零件
[06:17:24] [5040/13737] ✗ 40697c02 - Bricklink 上不存在该零件
[06:17:24] 进度 5040/13737 (36.7%) | 成功 3504 失败 1536 | 成功率 69.5% | 平均 6.9s/个 | 剩余 16.7h
[06:17:31] [5041/13737] ✗ 40697c03 - Bricklink 上不存在该零件
[06:17:37] [5042/13737] ✗ 40697c04 - Bricklink 上不存在该零件
[06:17:44] [5043/13737] ✓ 4070 = 0.36g
[06:17:49] [5044/13737] ✗ 40703c01 - Bricklink 上不存在该零件
[06:17:54] [5045/13737] ✓ 40703c02 = 17.84g
[06:18:00] [5046/13737] ✗ 40703c03 - Bricklink 上不存在该零件
[06:18:06] [5047/13737] ✗ 40703c04 - Bricklink 上不存在该零件
[06:18:11] [5048/13737] ✓ 40709 = 10.1g
[06:18:33] [5049/13737] ✓ 4071 = 7.5g
[06:18:39] [5050/13737] ✓ 40710 = 4.4g
[06:18:39] 进度 5050/13737 (36.8%) | 成功 3509 失败 1541 | 成功率 69.5% | 平均 6.9s/个 | 剩余 16.7h
[06:18:44] [5051/13737] ✓ 40711 = 8.64g
[06:18:48] [5052/13737] ✓ 4071c01 = 11.2g
[06:18:52] [5053/13737] ✓ 4071c02 = 11.2g
[06:18:58] [5054/13737] ✓ 4071c03 = 11.2g
[06:19:03] [5055/13737] ✓ 4072 = 3.7g
[06:19:09] [5056/13737] ✗ 40722 - Bricklink 上不存在该零件
[06:19:13] [5057/13737] ✓ 4079 = 1.13g
[06:19:20] [5058/13737] ✗ 4079b - Bricklink 上不存在该零件
[06:19:26] [5059/13737] ✓ 4080 = 7.3g
[06:19:30] [5060/13737] ✓ 4081a = 0.26g
[06:19:30] 进度 5060/13737 (36.8%) | 成功 3517 失败 1543 | 成功率 69.5% | 平均 6.9s/个 | 剩余 16.6h
[06:19:34] [5061/13737] ✓ 4081b = 0.35g
[06:19:40] [5062/13737] ✓ 4082 = 9.1g
[06:19:45] [5063/13737] ✓ 4083 = 0.74g
[06:19:50] [5064/13737] ✓ 4084 = 2.38g
[06:19:57] [5065/13737] ✗ 40840 - Bricklink 上不存在该零件
[06:20:02] [5066/13737] ✓ 4085a = 0.3g
[06:20:06] [5067/13737] ✓ 4085b = 0.31g
[06:20:12] [5068/13737] ✓ 4085c = 0.26g
[06:20:19] [5069/13737] ✓ 4086 = 8.5g
[06:20:25] [5070/13737] ✓ 40873 = 0.31g
[06:20:25] 进度 5070/13737 (36.9%) | 成功 3526 失败 1544 | 成功率 69.5% | 平均 6.9s/个 | 剩余 16.6h
[06:20:31] [5071/13737] ✗ 40874 - Bricklink 上不存在该零件
[06:20:37] [5072/13737] ✓ 4088 = 2.03g
[06:20:44] [5073/13737] ✗ 40888 - Bricklink 上不存在该零件
[06:20:50] [5074/13737] ✗ 40889 - Bricklink 上不存在该零件
[06:20:55] [5075/13737] ✓ 4089 = 2.0g
[06:21:01] [5076/13737] ✗ 40892 - Bricklink 上不存在该零件
[06:21:09] [5077/13737] ✗ 40896 - Bricklink 上不存在该零件
[06:21:15] [5078/13737] ✗ 40897 - Bricklink 上不存在该零件
[06:21:20] [5079/13737] ✓ 40902 = 1.45g
[06:21:27] [5080/13737] ✗ 40902a - Bricklink 上不存在该零件
[06:21:27] 进度 5080/13737 (37.0%) | 成功 3529 失败 1551 | 成功率 69.5% | 平均 6.9s/个 | 剩余 16.6h
[06:21:32] [5081/13737] ✗ 40905 - Bricklink 上不存在该零件
[06:21:38] [5082/13737] ✗ 40905a - Bricklink 上不存在该零件
[06:21:44] [5083/13737] ✗ 40905b - Bricklink 上不存在该零件
[06:21:50] [5084/13737] ✗ 40905c - Bricklink 上不存在该零件
[06:21:56] [5085/13737] ✗ 40905d - Bricklink 上不存在该零件
[06:22:02] [5086/13737] ✗ 40905e - Bricklink 上不存在该零件
[06:22:07] [5087/13737] ✗ 40908 - Bricklink 上不存在该零件
[06:22:14] [5088/13737] ✗ 40908a - Bricklink 上不存在该零件
[06:22:19] [5089/13737] ✗ 40908b - Bricklink 上不存在该零件
[06:22:25] [5090/13737] ✗ 40909 - Bricklink 上不存在该零件
[06:22:25] 进度 5090/13737 (37.1%) | 成功 3529 失败 1561 | 成功率 69.3% | 平均 6.9s/个 | 剩余 16.6h
[06:22:30] [5091/13737] ✗ 40918 - Bricklink 上不存在该零件
[06:22:35] [5092/13737] ✓ 4092 = 3.5g
[06:22:40] [5093/13737] ✗ 40925 - Bricklink 上不存在该零件
[06:22:44] [5094/13737] ✓ 4093 = 23.3g
[06:22:49] [5095/13737] ✓ 40938 = 0.7g
[06:22:53] [5096/13737] ✓ 4093a = 23.2g
[06:22:57] [5097/13737] ✓ 4093b = 24.2g
[06:23:02] [5098/13737] ✓ 4093c = 24.0g
[06:23:07] [5099/13737] ✓ 4093d = 24.4g
[06:23:12] [5100/13737] ✓ 40942 = 9.82g
[06:23:12] 进度 5100/13737 (37.1%) | 成功 3537 失败 1563 | 成功率 69.4% | 平均 6.9s/个 | 剩余 16.5h
[06:23:18] [5101/13737] ✗ 4094a - Bricklink 上不存在该零件
[06:23:25] [5102/13737] ✗ 4094b - Bricklink 上不存在该零件
[06:23:30] [5103/13737] ✓ 4095 = 0.43g
[06:23:34] [5104/13737] ✓ 40996 = 1.35g
[06:23:40] [5105/13737] ✗ 4100204 - Bricklink 上不存在该零件
[06:23:44] [5106/13737] ✓ 4101599 = 158.0g
[06:23:51] [5107/13737] ✗ 41021 - Bricklink 上不存在该零件
[06:23:56] [5108/13737] ✗ 4105438f - Bricklink 上不存在该零件
[06:24:03] [5109/13737] ✗ 4105569 - Bricklink 上不存在该零件
[06:24:09] [5110/13737] ✗ 4106919 - Bricklink 上不存在该零件
[06:24:09] 进度 5110/13737 (37.2%) | 成功 3540 失败 1570 | 成功率 69.3% | 平均 6.9s/个 | 剩余 16.5h
[06:24:15] [5111/13737] ✗ 4107400 - Bricklink 上不存在该零件
[06:24:20] [5112/13737] ✗ 4107415 - Bricklink 上不存在该零件
[06:24:27] [5113/13737] ✗ 4107416 - Bricklink 上不存在该零件
[06:24:34] [5114/13737] ✗ 4107418 - Bricklink 上不存在该零件
[06:24:40] [5115/13737] ✗ 4107419 - Bricklink 上不存在该零件
[06:24:45] [5116/13737] ✗ 4109636 - Bricklink 上不存在该零件
[06:24:52] [5117/13737] ✗ 4110153 - Bricklink 上不存在该零件
[06:24:56] [5118/13737] ✓ 4110165 = 103.0g
[06:25:02] [5119/13737] ✗ 4111545 - Bricklink 上不存在该零件
[06:25:08] [5120/13737] ✗ 41117 - Bricklink 上不存在该零件
[06:25:08] 进度 5120/13737 (37.3%) | 成功 3541 失败 1579 | 成功率 69.2% | 平均 6.9s/个 | 剩余 16.5h
[06:25:12] [5121/13737] ✓ 41125 = 3.37g
[06:25:18] [5122/13737] ✓ 4112734 = 60.5g
[06:25:24] [5123/13737] ✗ 4112773 - Bricklink 上不存在该零件
[06:25:30] [5124/13737] ✗ 4113096 - Bricklink 上不存在该零件
[06:25:35] [5125/13737] ✗ 4113097 - Bricklink 上不存在该零件
[06:25:41] [5126/13737] ✗ 41143c01 - Bricklink 上不存在该零件
[06:25:47] [5127/13737] ✗ 41144c01 - Bricklink 上不存在该零件
[06:25:52] [5128/13737] ✓ 41145c01 = 4.0g
[06:25:57] [5129/13737] ✓ 41145c02 = 4.0g
[06:26:03] [5130/13737] ✗ 41145c03 - Bricklink 上不存在该零件
[06:26:03] 进度 5130/13737 (37.3%) | 成功 3545 失败 1585 | 成功率 69.1% | 平均 6.9s/个 | 剩余 16.5h
[06:26:08] [5131/13737] ✓ 41146 = 5.0g
[06:26:12] [5132/13737] ✓ 41148c01 = 7.84g
[06:26:16] [5133/13737] ✓ 41148c02 = 7.84g
[06:26:22] [5134/13737] ✗ 41148c03 - Bricklink 上不存在该零件
[06:26:27] [5135/13737] ✗ 41149 - Bricklink 上不存在该零件
[06:26:32] [5136/13737] ✗ 41151c01 - Bricklink 上不存在该零件
[06:26:38] [5137/13737] ✗ 41151c02 - Bricklink 上不存在该零件
[06:26:42] [5138/13737] ✓ 41162 = 0.3g
[06:26:47] [5139/13737] ✓ 4116414 = 182.0g
[06:26:51] [5140/13737] ✓ 41169c01 = 6.0g
[06:26:51] 进度 5140/13737 (37.4%) | 成功 3551 失败 1589 | 成功率 69.1% | 平均 6.9s/个 | 剩余 16.4h
[06:26:54] [5141/13737] ✓ 41169c02 = 5.5g
[06:26:58] [5142/13737] ✓ 41169c03 = 8.23g
[06:27:03] [5143/13737] ✓ 41169c04 = 7.64g
[06:27:07] [5144/13737] ✓ 41169c05 = 6.0g
[06:27:12] [5145/13737] ✓ 41179 = 3.66g
[06:27:19] [5146/13737] ✗ 41189 - Bricklink 上不存在该零件
[06:27:24] [5147/13737] ✓ 41195c01 = 5.0g
[06:27:29] [5148/13737] ✓ 41195c02 = 5.0g
[06:27:34] [5149/13737] ✓ 41195c03 = 5.0g
[06:27:39] [5150/13737] ✓ 412 = 0.47g
[06:27:39] 进度 5150/13737 (37.5%) | 成功 3560 失败 1590 | 成功率 69.1% | 平均 6.9s/个 | 剩余 16.4h
[06:27:45] [5151/13737] ✓ 41202 = 0.98g
[06:27:50] [5152/13737] ✗ 4120940 - Bricklink 上不存在该零件
[06:27:56] [5153/13737] ✗ 4120941 - Bricklink 上不存在该零件
[06:28:02] [5154/13737] ✗ 4120942 - Bricklink 上不存在该零件
[06:28:08] [5155/13737] ✗ 4120943 - Bricklink 上不存在该零件
[06:28:15] [5156/13737] ✗ 4120944 - Bricklink 上不存在该零件
[06:28:20] [5157/13737] ✗ 4120945 - Bricklink 上不存在该零件
[06:28:27] [5158/13737] ✗ 4120946 - Bricklink 上不存在该零件
[06:28:33] [5159/13737] ✗ 4120947 - Bricklink 上不存在该零件
[06:28:39] [5160/13737] ✗ 4120948 - Bricklink 上不存在该零件
[06:28:39] 进度 5160/13737 (37.6%) | 成功 3561 失败 1599 | 成功率 69.0% | 平均 6.9s/个 | 剩余 16.4h
[06:28:44] [5161/13737] ✓ 4121 = 5.0g
[06:28:49] [5162/13737] ✓ 4122119 = 87.5g
[06:28:55] [5163/13737] ✗ 4122123 - Bricklink 上不存在该零件
[06:29:01] [5164/13737] ✓ 41231 = 11.3g
[06:29:05] [5165/13737] ✓ 41233 = 4.7g
[06:29:10] [5166/13737] ✓ 41234 = 4.5g
[06:29:16] [5167/13737] ✗ 41236c01 - Bricklink 上不存在该零件
[06:29:21] [5168/13737] ✗ 41236c02 - Bricklink 上不存在该零件
[06:29:27] [5169/13737] ✓ 41239 = 3.3g
[06:29:33] [5170/13737] ✗ 4124819 - Bricklink 上不存在该零件
[06:29:33] 进度 5170/13737 (37.6%) | 成功 3567 失败 1603 | 成功率 69.0% | 平均 6.9s/个 | 剩余 16.4h
[06:29:39] [5171/13737] ✗ 4124820 - Bricklink 上不存在该零件
[06:29:43] [5172/13737] ✓ 41250 = 13.9g
[06:29:50] [5173/13737] ✗ 4125099 - Bricklink 上不存在该零件
[06:29:56] [5174/13737] ✗ 4125099Esp - Bricklink 上不存在该零件
[06:30:02] [5175/13737] ✗ 4125890 - Bricklink 上不存在该零件
[06:30:07] [5176/13737] ✓ 4127972 = 82.8g
[06:30:12] [5177/13737] ✗ 4127999 - Bricklink 上不存在该零件
[06:30:17] [5178/13737] ✗ 4128015 - Bricklink 上不存在该零件
[06:30:22] [5179/13737] ✗ 4128030 - Bricklink 上不存在该零件
[06:30:28] [5180/13737] ✗ 4128060 - Bricklink 上不存在该零件
[06:30:28] 进度 5180/13737 (37.7%) | 成功 3569 失败 1611 | 成功率 68.9% | 平均 6.9s/个 | 剩余 16.3h
[06:30:35] [5181/13737] ✗ 4128420 - Bricklink 上不存在该零件
[06:30:41] [5182/13737] ✗ 4128421 - Bricklink 上不存在该零件
[06:30:48] [5183/13737] ✗ 4128422 - Bricklink 上不存在该零件
[06:30:53] [5184/13737] ✗ 4128423 - Bricklink 上不存在该零件
[06:31:00] [5185/13737] ✗ 4128535 - Bricklink 上不存在该零件
[06:31:05] [5186/13737] ✓ 41288 = 14.81g
[06:31:10] [5187/13737] ✓ 4130 = 4.75g
[06:31:16] [5188/13737] ✗ 4130630 - Bricklink 上不存在该零件
[06:31:22] [5189/13737] ✗ 4130910 - Bricklink 上不存在该零件
[06:31:27] [5190/13737] ✓ 4131 = 1.9g
[06:31:27] 进度 5190/13737 (37.8%) | 成功 3572 失败 1618 | 成功率 68.8% | 平均 6.9s/个 | 剩余 16.3h
[06:31:32] [5191/13737] ✗ 4131275 - Bricklink 上不存在该零件
[06:31:39] [5192/13737] ✗ 4131302 - Bricklink 上不存在该零件
[06:31:45] [5193/13737] ✗ 4131307 - Bricklink 上不存在该零件
[06:31:50] [5194/13737] ✓ 4131324 = 10.0g
[06:31:54] [5195/13737] ✓ 4132 = 3.55g
[06:32:00] [5196/13737] ✗ 4132168 - Bricklink 上不存在该零件
[06:32:04] [5197/13737] ✓ 41324 = 4.85g
[06:32:10] [5198/13737] ✓ 41325 = 9.18g
[06:32:15] [5199/13737] ✗ 4132569 - Bricklink 上不存在该零件
[06:32:21] [5200/13737] ✗ 4132570 - Bricklink 上不存在该零件
[06:32:21] 进度 5200/13737 (37.9%) | 成功 3576 失败 1624 | 成功率 68.8% | 平均 6.9s/个 | 剩余 16.3h
[06:32:26] [5201/13737] ✗ 4132571 - Bricklink 上不存在该零件
[06:32:31] [5202/13737] ✗ 4132572 - Bricklink 上不存在该零件
[06:32:36] [5203/13737] ✓ 41326 = 3.32g
[06:32:41] [5204/13737] ✓ 41327 = 10.33g
[06:32:47] [5205/13737] ✓ 41328 = 8.65g
[06:32:52] [5206/13737] ✓ 4132c04 = 4.1g
[06:32:58] [5207/13737] ✓ 4133 = 0.51g
[06:33:04] [5208/13737] ✗ 4133069 - Bricklink 上不存在该零件
[06:33:10] [5209/13737] ✗ 4133076 - Bricklink 上不存在该零件
[06:33:16] [5210/13737] ✗ 4133393 - Bricklink 上不存在该零件
[06:33:16] 进度 5210/13737 (37.9%) | 成功 3581 失败 1629 | 成功率 68.7% | 平均 6.9s/个 | 剩余 16.3h
[06:33:21] [5211/13737] ✗ 4133394 - Bricklink 上不存在该零件
[06:33:28] [5212/13737] ✗ 4133395 - Bricklink 上不存在该零件
[06:33:34] [5213/13737] ✗ 4133396 - Bricklink 上不存在该零件
[06:33:39] [5214/13737] ✓ 41334 = 0.35g
[06:33:45] [5215/13737] ✗ 4133408 - Bricklink 上不存在该零件
[06:33:51] [5216/13737] ✗ 41342 - Bricklink 上不存在该零件
[06:33:56] [5217/13737] ✓ 41396 = 9.0g
[06:34:02] [5218/13737] ✗ 41398 - Bricklink 上不存在该零件
[06:34:08] [5219/13737] ✗ 41400c01 - Bricklink 上不存在该零件
[06:34:14] [5220/13737] ✗ 41400c02 - Bricklink 上不存在该零件
[06:34:14] 进度 5220/13737 (38.0%) | 成功 3583 失败 1637 | 成功率 68.6% | 平均 6.9s/个 | 剩余 16.2h
[06:34:20] [5221/13737] ✓ 41401 = 6.4g
[06:34:24] [5222/13737] ✓ 41403 = 10.0g
[06:34:28] [5223/13737] ✓ 41404 = 14.78g
[06:34:34] [5224/13737] ✓ 41413 = 1.06g
[06:34:41] [5225/13737] ✓ 41417 = 4.0g
[06:35:06] [5226/13737] ✗ 4142876 - Bricklink 上不存在该零件
[06:35:11] [5227/13737] ✗ 4142877 - Bricklink 上不存在该零件
[06:35:16] [5228/13737] ✓ 4143 = 0.2g
[06:35:23] [5229/13737] ✗ 4143421 - Bricklink 上不存在该零件
[06:35:29] [5230/13737] ✗ 4143446 - Bricklink 上不存在该零件
[06:35:29] 进度 5230/13737 (38.1%) | 成功 3589 失败 1641 | 成功率 68.6% | 平均 6.9s/个 | 剩余 16.2h
[06:35:35] [5231/13737] ✗ 4143614 - Bricklink 上不存在该零件
[06:35:41] [5232/13737] ✓ 4150 = 0.33g
[06:35:47] [5233/13737] ✗ 41506 - Bricklink 上不存在该零件
[06:35:52] [5234/13737] ✗ 4151 - Bricklink 上不存在该零件
[06:35:57] [5235/13737] ✓ 4151a = 6.9g
[06:36:04] [5236/13737] ✓ 4151b = 7.0g
[06:36:09] [5237/13737] ✓ 4151c = 5.3g
[06:36:15] [5238/13737] ✓ 41529 = 1.15g
[06:36:20] [5239/13737] ✓ 41530 = 2.5g
[06:36:25] [5240/13737] ✓ 41531 = 2.85g
[06:36:25] 进度 5240/13737 (38.1%) | 成功 3596 失败 1644 | 成功率 68.6% | 平均 6.9s/个 | 剩余 16.2h
[06:36:31] [5241/13737] ✓ 41532 = 0.52g
[06:36:39] [5242/13737] ✗ 4153273 - Bricklink 上不存在该零件
[06:36:45] [5243/13737] ✓ 41533 = 3.5g
[06:36:49] [5244/13737] ✓ 41535 = 0.75g
[06:36:54] [5245/13737] ✓ 4153678 = 82.8g
[06:37:01] [5246/13737] ✓ 41539 = 9.4g
[06:37:06] [5247/13737] ✗ 4154180 - Bricklink 上不存在该零件
[06:37:12] [5248/13737] ✗ 4154181 - Bricklink 上不存在该零件
[06:37:18] [5249/13737] ✗ 4154182 - Bricklink 上不存在该零件
[06:37:24] [5250/13737] ✗ 4154183 - Bricklink 上不存在该零件
[06:37:24] 进度 5250/13737 (38.2%) | 成功 3601 失败 1649 | 成功率 68.6% | 平均 6.9s/个 | 剩余 16.2h
[06:37:31] [5251/13737] ✗ 4154624 - Bricklink 上不存在该零件
[06:37:36] [5252/13737] ✓ 41553 = 8.7g
[06:37:40] [5253/13737] ✓ 41557 = 21.0g
[06:37:44] [5254/13737] ✓ 41558 = 10.6g
[06:37:49] [5255/13737] ✓ 41561 = 13.66g
[06:37:54] [5256/13737] ✓ 41563 = 14.0g
[06:38:00] [5257/13737] ✗ 4156338 - Bricklink 上不存在该零件
[06:38:06] [5258/13737] ✗ 4156387 - Bricklink 上不存在该零件
[06:38:13] [5259/13737] ✗ 4156395en - Bricklink 上不存在该零件
[06:38:19] [5260/13737] ✗ 4157923 - Bricklink 上不存在该零件
[06:38:19] 进度 5260/13737 (38.3%) | 成功 3606 失败 1654 | 成功率 68.6% | 平均 6.9s/个 | 剩余 16.1h
[06:38:25] [5261/13737] ✗ 4158 - 未在页面中找到重量数据
[06:38:29] [5262/13737] ✓ 4159 = 1.09g
[06:38:35] [5263/13737] ✓ 41597 = 0.43g
[06:38:41] [5264/13737] ✓ 4161 = 1.94g
[06:38:47] [5265/13737] ✓ 41612 = 0.84g
[06:38:52] [5266/13737] ✗ 41613 - Bricklink 上不存在该零件
[06:38:58] [5267/13737] ✓ 41614 = 1.05g
[06:39:02] [5268/13737] ✓ 41615 = 1.22g
[06:39:07] [5269/13737] ✓ 41617 = 0.21g
[06:39:14] [5270/13737] ✗ 41618 - Bricklink 上不存在该零件
[06:39:14] 进度 5270/13737 (38.4%) | 成功 3613 失败 1657 | 成功率 68.6% | 平均 6.9s/个 | 剩余 16.1h
[06:39:20] [5271/13737] ✓ 4162 = 1.06g
[06:39:27] [5272/13737] ✗ 4163003 - Bricklink 上不存在该零件
[06:39:31] [5273/13737] ✗ 4163004 - Bricklink 上不存在该零件
[06:39:37] [5274/13737] ✗ 4163021 - Bricklink 上不存在该零件
[06:39:43] [5275/13737] ✓ 41637 = 0.23g
[06:39:47] [5276/13737] ✓ 4164083 = 18.75g
[06:39:53] [5277/13737] ✗ 41645 - Bricklink 上不存在该零件
[06:39:58] [5278/13737] ✗ 41646 - Bricklink 上不存在该零件
[06:40:05] [5279/13737] ✗ 41647 - Bricklink 上不存在该零件
[06:40:10] [5280/13737] ✓ 41651 = 3.6g
[06:40:10] 进度 5280/13737 (38.4%) | 成功 3617 失败 1663 | 成功率 68.5% | 平均 6.9s/个 | 剩余 16.1h
[06:40:14] [5281/13737] ✓ 41654 = 3.1g
[06:40:20] [5282/13737] ✓ 41657 = 2.84g
[06:40:24] [5283/13737] ✓ 41659 = 2.8g
[06:40:31] [5284/13737] ✗ 4165cdb01 - Bricklink 上不存在该零件
[06:40:36] [5285/13737] ✓ 4166 = 2.42g
[06:40:41] [5286/13737] ✓ 41660 = 2.42g
[06:40:47] [5287/13737] ✓ 41661 = 2.02g
[06:40:52] [5288/13737] ✓ 41662 = 2.5g
[06:40:58] [5289/13737] ✓ 41663 = 2.75g
[06:41:14] [5290/13737] ✓ 41664 = 2.15g
[06:41:14] 进度 5290/13737 (38.5%) | 成功 3626 失败 1664 | 成功率 68.5% | 平均 6.9s/个 | 剩余 16.1h
[06:41:19] [5291/13737] ✓ 41665 = 5.26g
[06:41:24] [5292/13737] ✓ 41666 = 1.8g
[06:41:30] [5293/13737] ✓ 41667 = 2.06g
[06:41:36] [5294/13737] ✓ 41668 = 3.32g
[06:41:42] [5295/13737] ✗ 41669 - Bricklink 上不存在该零件
[06:41:48] [5296/13737] ✓ 41670 = 2.5g
[06:41:53] [5297/13737] ✓ 41671 = 3.88g
[06:41:59] [5298/13737] ✓ 41672 = 3.3g
[06:42:04] [5299/13737] ✓ 41673 = 2.4g
[06:42:09] [5300/13737] ✓ 41677 = 0.33g
[06:42:09] 进度 5300/13737 (38.6%) | 成功 3635 失败 1665 | 成功率 68.6% | 平均 6.8s/个 | 剩余 16.1h
[06:42:14] [5301/13737] ✓ 41678 = 0.83g
[06:42:20] [5302/13737] ✓ 41679 = 0.7g
[06:42:25] [5303/13737] ✓ 4168 = 2.14g
[06:42:29] [5304/13737] ✓ 41680 = 0.63g
[06:42:35] [5305/13737] ✓ 41681 = 1.3g
[06:42:41] [5306/13737] ✓ 41682 = 0.81g
[06:42:46] [5307/13737] ✗ 4168410 - Bricklink 上不存在该零件
[06:42:51] [5308/13737] ✓ 4169 = 1.31g
[06:42:57] [5309/13737] ✓ 4170 = 1.9g
[06:43:01] [5310/13737] ✗ 4170201 - 未在页面中找到重量数据
[06:43:01] 进度 5310/13737 (38.7%) | 成功 3643 失败 1667 | 成功率 68.6% | 平均 6.8s/个 | 剩余 16.0h
[06:43:06] [5311/13737] ✓ 4171 = 0.41g
[06:43:13] [5312/13737] ✗ 4172375 - Bricklink 上不存在该零件
[06:43:18] [5313/13737] ✓ 41725 = 2.5g
[06:43:24] [5314/13737] ✗ 41732 - Bricklink 上不存在该零件
[06:43:28] [5315/13737] ✓ 41733 = 2.25g
[06:43:33] [5316/13737] ✗ 4173447 - Bricklink 上不存在该零件
[06:43:39] [5317/13737] ✗ 4173448 - Bricklink 上不存在该零件
[06:43:46] [5318/13737] ✗ 4173636 - Bricklink 上不存在该零件
[06:43:52] [5319/13737] ✗ 4173814 - Bricklink 上不存在该零件
[06:43:58] [5320/13737] ✗ 4173816 - Bricklink 上不存在该零件
[06:43:58] 进度 5320/13737 (38.7%) | 成功 3646 失败 1674 | 成功率 68.5% | 平均 6.8s/个 | 剩余 16.0h
[06:44:04] [5321/13737] ✗ 4173817 - Bricklink 上不存在该零件
[06:44:10] [5322/13737] ✗ 4173820 - Bricklink 上不存在该零件
[06:44:17] [5323/13737] ✗ 4173821 - Bricklink 上不存在该零件
[06:44:23] [5324/13737] ✗ 4173822 - Bricklink 上不存在该零件
[06:44:28] [5325/13737] ✗ 4173945 - Bricklink 上不存在该零件
[06:44:35] [5326/13737] ✗ 4173946 - Bricklink 上不存在该零件
[06:44:44] [5327/13737] ✗ 4173952 - Bricklink 上不存在该零件
[06:44:50] [5328/13737] ✗ 4173953 - Bricklink 上不存在该零件
[06:44:56] [5329/13737] ✗ 4173956 - Bricklink 上不存在该零件
[06:45:03] [5330/13737] ✓ 41740 = 0.6g
[06:45:03] 进度 5330/13737 (38.8%) | 成功 3647 失败 1683 | 成功率 68.4% | 平均 6.8s/个 | 剩余 16.0h
[06:45:09] [5331/13737] ✓ 41747 = 2.43g
[06:45:14] [5332/13737] ✗ 4174723 - Bricklink 上不存在该零件
[06:45:21] [5333/13737] ✓ 41748 = 2.43g
[06:45:28] [5334/13737] ✓ 41749 = 3.63g
[06:45:34] [5335/13737] ✓ 4175 = 1.23g
[06:45:39] [5336/13737] ✓ 41750 = 3.63g
[06:45:44] [5337/13737] ✗ 41751 - Bricklink 上不存在该零件
[06:45:50] [5338/13737] ✓ 41752 = 1.73g
[06:45:55] [5339/13737] ✓ 41753 = 3.1g
[06:46:00] [5340/13737] ✓ 41759 = 2.5g
[06:46:00] 进度 5340/13737 (38.9%) | 成功 3655 失败 1685 | 成功率 68.4% | 平均 6.8s/个 | 剩余 16.0h
[06:46:04] [5341/13737] ✓ 4176 = 3.9g
[06:46:11] [5342/13737] ✓ 41764 = 2.5g
[06:46:17] [5343/13737] ✓ 41765 = 2.5g
[06:46:22] [5344/13737] ✓ 41766 = 5.63g
[06:46:28] [5345/13737] ✓ 41767 = 1.86g
[06:46:33] [5346/13737] ✓ 41768 = 1.86g
[06:46:40] [5347/13737] ✓ 41769 = 0.83g
[06:46:47] [5348/13737] ✓ 41770 = 0.83g
[06:46:54] [5349/13737] ✗ 4177936 - Bricklink 上不存在该零件
[06:46:58] [5350/13737] ✓ 4178 = 12.18g
[06:46:58] 进度 5350/13737 (38.9%) | 成功 3664 失败 1686 | 成功率 68.5% | 平均 6.8s/个 | 剩余 15.9h
[06:47:03] [5351/13737] ✗ 4178010 - Bricklink 上不存在该零件
[06:47:08] [5352/13737] ✓ 4178a = 19.0g
[06:47:12] [5353/13737] ✓ 4179472 = 3.12g
[06:47:18] [5354/13737] ✓ 4180 = 2.63g
[06:47:23] [5355/13737] ✓ 41805 = 0.23g
[06:47:29] [5356/13737] ✗ 4180878 - Bricklink 上不存在该零件
[06:47:34] [5357/13737] ✓ 4180c01 = 6.0g
[06:47:40] [5358/13737] ✓ 4180c02 = 5.94g
[06:47:44] [5359/13737] ✓ 4180c03 = 5.94g
[06:47:50] [5360/13737] ✓ 4180c04 = 6.0g
[06:47:50] 进度 5360/13737 (39.0%) | 成功 3672 失败 1688 | 成功率 68.5% | 平均 6.8s/个 | 剩余 15.9h
[06:47:56] [5361/13737] ✓ 4180c05 = 7.6g
[06:48:01] [5362/13737] ✓ 4181 = 2.98g
[06:48:06] [5363/13737] ✓ 41811 = 0.82g
[06:48:11] [5364/13737] ✓ 41812 = 1.47g
[06:48:16] [5365/13737] ✗ 4181617 - Bricklink 上不存在该零件
[06:48:21] [5366/13737] ✓ 41817 = 1.3g
[06:48:27] [5367/13737] ✓ 41819 = 27.0g
[06:48:31] [5368/13737] ✓ 41819c01 = 28.5g
[06:48:37] [5369/13737] ✓ 41819c02 = 28.5g
[06:48:42] [5370/13737] ✓ 4182 = 2.98g
[06:48:42] 进度 5370/13737 (39.1%) | 成功 3681 失败 1689 | 成功率 68.5% | 平均 6.8s/个 | 剩余 15.9h
[06:48:48] [5371/13737] ✓ 41820 = 1.22g
[06:48:54] [5372/13737] ✗ 41821 - Bricklink 上不存在该零件
[06:49:01] [5373/13737] ✗ 4182214 - Bricklink 上不存在该零件
[06:49:06] [5374/13737] ✓ 41823 = 1.54g
[06:49:12] [5375/13737] ✓ 4182731 = 12.0g
[06:49:18] [5376/13737] ✗ 4182735 - Bricklink 上不存在该零件
[06:49:23] [5377/13737] ✗ 4182737 - 未在页面中找到重量数据
[06:49:29] [5378/13737] ✓ 4183 = 1.08g
[06:49:33] [5379/13737] ✓ 41835 = 0.35g
[06:49:39] [5380/13737] ✓ 4185 = 0.97g
[06:49:39] 进度 5380/13737 (39.2%) | 成功 3687 失败 1693 | 成功率 68.5% | 平均 6.8s/个 | 剩余 15.9h
[06:49:45] [5381/13737] ✗ 41850 - Bricklink 上不存在该零件
[06:49:49] [5382/13737] ✓ 41854 = 1.16g
[06:49:56] [5383/13737] ✓ 41855 = 0.75g
[06:50:01] [5384/13737] ✓ 41857c01 = 6.0g
[06:50:07] [5385/13737] ✗ 4185961 - Bricklink 上不存在该零件
[06:50:13] [5386/13737] ✓ 4186 = 230.0g
[06:50:20] [5387/13737] ✓ 41862 = 1.48g
[06:50:25] [5388/13737] ✗ 4186302 - Bricklink 上不存在该零件
[06:50:30] [5389/13737] ✓ 41864 = 1.89g
[06:50:33] [5390/13737] ✓ 41865 = 0.66g
[06:50:33] 进度 5390/13737 (39.2%) | 成功 3694 失败 1696 | 成功率 68.5% | 平均 6.8s/个 | 剩余 15.8h
[06:50:38] [5391/13737] ✓ 4186a = 235.0g
[06:50:43] [5392/13737] ✓ 4187 = 24.26g
[06:50:47] [5393/13737] ✓ 41875 = 1.38g
[06:50:53] [5394/13737] ✗ 41879a - Bricklink 上不存在该零件
[06:50:58] [5395/13737] ✓ 41880 = 0.54g
[06:51:04] [5396/13737] ✗ 4188023 - Bricklink 上不存在该零件
[06:51:09] [5397/13737] ✓ 41881 = 20.0g
[06:51:14] [5398/13737] ✓ 41882 = 2.0g
[06:51:19] [5399/13737] ✓ 41883 = 4.86g
[06:51:24] [5400/13737] ✓ 41889 = 1.62g
[06:51:24] 进度 5400/13737 (39.3%) | 成功 3702 失败 1698 | 成功率 68.6% | 平均 6.8s/个 | 剩余 15.8h
[06:51:29] [5401/13737] ✓ 41890 = 0.48g
[06:51:35] [5402/13737] ✗ 4189251 - Bricklink 上不存在该零件
[06:51:40] [5403/13737] ✓ 41893 = 26.05g
[06:51:45] [5404/13737] ✓ 41894 = 3.85g
[06:51:51] [5405/13737] ✓ 41895 = 2.02g
[06:51:57] [5406/13737] ✗ 4189503 - Bricklink 上不存在该零件
[06:52:03] [5407/13737] ✓ 41896 = 9.35g
[06:52:08] [5408/13737] ✓ 41897 = 13.98g
[06:52:14] [5409/13737] ✗ 4189983 - Bricklink 上不存在该零件
[06:52:20] [5410/13737] ✓ 4190 = 0.57g
[06:52:20] 进度 5410/13737 (39.4%) | 成功 3709 失败 1701 | 成功率 68.6% | 平均 6.8s/个 | 剩余 15.8h
[06:52:26] [5411/13737] ✗ 4191767 - Bricklink 上不存在该零件
[06:52:30] [5412/13737] ✓ 4192 = 0.7g
[06:52:35] [5413/13737] ✓ 41948 = 7.33g
[06:52:41] [5414/13737] ✗ 4195285 - Bricklink 上不存在该零件
[06:52:48] [5415/13737] ✗ 4195292 - Bricklink 上不存在该零件
[06:52:53] [5416/13737] ✓ 41954 = 11.44g
[06:52:58] [5417/13737] ✓ 41955 = 18.98g
[06:53:03] [5418/13737] ✓ 41956 = 10.0g
[06:53:08] [5419/13737] ✓ 41957 = 13.7g
[06:53:13] [5420/13737] ✓ 41959 = 8.34g
[06:53:13] 进度 5420/13737 (39.5%) | 成功 3716 失败 1704 | 成功率 68.6% | 平均 6.8s/个 | 剩余 15.8h
[06:53:18] [5421/13737] ✗ 4195c01 - Bricklink 上不存在该零件
[06:53:23] [5422/13737] ✗ 4195c02 - Bricklink 上不存在该零件
[06:53:29] [5423/13737] ✗ 4195c03 - Bricklink 上不存在该零件
[06:53:34] [5424/13737] ✓ 4196 = 60.0g
[06:53:39] [5425/13737] ✓ 41960 = 5.7g
[06:53:45] [5426/13737] ✗ 41965c01 - Bricklink 上不存在该零件
[06:53:51] [5427/13737] ✗ 41967 - Bricklink 上不存在该零件
[06:53:57] [5428/13737] ✓ 41969 = 8.5g
[06:54:02] [5429/13737] ✓ 4197 = 22.54g
[06:54:07] [5430/13737] ✓ 41970 = 8.0g
[06:54:07] 进度 5430/13737 (39.5%) | 成功 3721 失败 1709 | 成功率 68.5% | 平均 6.8s/个 | 剩余 15.7h
[06:54:12] [5431/13737] ✓ 41977 = 4.0g
[06:54:18] [5432/13737] ✓ 41978 = 13.6g
[06:54:23] [5433/13737] ✓ 41979 = 3.34g
[06:54:28] [5434/13737] ✓ 4198 = 14.0g
[06:54:35] [5435/13737] ✗ 41983 - Bricklink 上不存在该零件
[06:54:39] [5436/13737] ✓ 41985 = 0.26g
[06:54:44] [5437/13737] ✗ 41987 - Bricklink 上不存在该零件
[06:54:50] [5438/13737] ✓ 4199 = 23.7g
[06:54:55] [5439/13737] ✗ 4199265 - Bricklink 上不存在该零件
[06:55:00] [5440/13737] ✗ 4199266 - Bricklink 上不存在该零件
[06:55:01] 进度 5440/13737 (39.6%) | 成功 3727 失败 1713 | 成功率 68.5% | 平均 6.8s/个 | 剩余 15.7h
[06:55:06] [5441/13737] ✗ 4199272 - Bricklink 上不存在该零件
[06:55:11] [5442/13737] ✗ 4199273 - Bricklink 上不存在该零件
[06:55:16] [5443/13737] ✗ 4199274 - Bricklink 上不存在该零件
[06:55:21] [5444/13737] ✗ 420 - Bricklink 上不存在该零件
[06:55:26] [5445/13737] ✓ 42001 = 7.85g
[06:55:31] [5446/13737] ✓ 42003 = 0.77g
[06:55:37] [5447/13737] ✓ 4201 = 16.3g
[06:55:42] [5448/13737] ✓ 42013 = 0.3g
[06:55:48] [5449/13737] ✓ 4202 = 11.5g
[06:55:53] [5450/13737] ✓ 42021 = 7.77g
[06:55:53] 进度 5450/13737 (39.7%) | 成功 3733 失败 1717 | 成功率 68.5% | 平均 6.8s/个 | 剩余 15.7h
[06:56:00] [5451/13737] ✓ 42022 = 1.8g
[06:56:06] [5452/13737] ✓ 42023 = 1.92g
[06:56:13] [5453/13737] ✗ 4202476 - Bricklink 上不存在该零件
[06:56:17] [5454/13737] ✓ 42025 = 6.0g
[06:56:21] [5455/13737] ✓ 42026 = 7.0g
[06:56:26] [5456/13737] ✓ 42029 = 17.67g
[06:56:30] [5457/13737] ✓ 42030 = 5.4g
[06:56:36] [5458/13737] ✓ 4204 = 30.66g
[06:56:43] [5459/13737] ✗ 42042a - Bricklink 上不存在该零件
[06:56:48] [5460/13737] ✗ 42042b - Bricklink 上不存在该零件
[06:56:48] 进度 5460/13737 (39.7%) | 成功 3740 失败 1720 | 成功率 68.5% | 平均 6.8s/个 | 剩余 15.7h
[06:56:54] [5461/13737] ✗ 42042c - Bricklink 上不存在该零件
[06:56:59] [5462/13737] ✗ 42042d - Bricklink 上不存在该零件
[06:57:05] [5463/13737] ✗ 42042e - Bricklink 上不存在该零件
[06:57:10] [5464/13737] ✗ 42042f - Bricklink 上不存在该零件
[06:57:15] [5465/13737] ✗ 42042g - Bricklink 上不存在该零件
[06:57:21] [5466/13737] ✗ 42042h - Bricklink 上不存在该零件
[06:57:28] [5467/13737] ✗ 42042und - Bricklink 上不存在该零件
[06:57:33] [5468/13737] ✗ 4204554 - Bricklink 上不存在该零件
[06:57:39] [5469/13737] ✗ 4204557 - Bricklink 上不存在该零件
[06:57:46] [5470/13737] ✗ 4204587 - Bricklink 上不存在该零件
[06:57:46] 进度 5470/13737 (39.8%) | 成功 3740 失败 1730 | 成功率 68.4% | 平均 6.8s/个 | 剩余 15.6h
[06:57:53] [5471/13737] ✗ 4204590 - Bricklink 上不存在该零件
[06:57:59] [5472/13737] ✓ 42058 = 16.0g
[06:58:05] [5473/13737] ✓ 42060 = 5.25g
[06:58:10] [5474/13737] ✓ 42061 = 5.25g
[06:58:16] [5475/13737] ✓ 4207 = 3.21g
[06:58:21] [5476/13737] ✗ 42072 - Bricklink 上不存在该零件
[06:58:27] [5477/13737] ✗ 42073 - Bricklink 上不存在该零件
[06:58:32] [5478/13737] ✓ 42073c01 = 12.82g
[06:58:37] [5479/13737] ✓ 42073c02 = 13.29g
[06:58:41] [5480/13737] ✓ 42074 = 0.5g
[06:58:41] 进度 5480/13737 (39.9%) | 成功 3747 失败 1733 | 成功率 68.4% | 平均 6.8s/个 | 剩余 15.6h
[06:58:47] [5481/13737] ✓ 42076c01 = 4.0g
[06:58:53] [5482/13737] ✓ 42077 = 4.24g
[06:58:58] [5483/13737] ✓ 4208 = 1.0g
[06:59:03] [5484/13737] ✓ 42083 = 7.61g
[06:59:08] [5485/13737] ✓ 42084 = 2.74g
[06:59:13] [5486/13737] ✓ 42088 = 7.6g
[06:59:18] [5487/13737] ✓ 42089 = 36.0g
[06:59:25] [5488/13737] ✓ 4209 = 2.5g
[06:59:29] [5489/13737] ✓ 42090 = 10.5g
[06:59:34] [5490/13737] ✗ 4209018 - Bricklink 上不存在该零件
[06:59:34] 进度 5490/13737 (40.0%) | 成功 3756 失败 1734 | 成功率 68.4% | 平均 6.8s/个 | 剩余 15.6h
[06:59:40] [5491/13737] ✗ 42093 - Bricklink 上不存在该零件
[06:59:44] [5492/13737] ✓ 42094 = 13.4g
[06:59:51] [5493/13737] ✗ 4209604 - Bricklink 上不存在该零件
[06:59:57] [5494/13737] ✗ 4209606 - Bricklink 上不存在该零件
[07:00:04] [5495/13737] ✗ 42098 - Bricklink 上不存在该零件
[07:00:10] [5496/13737] ✓ 4209b = 2.63g
[07:00:16] [5497/13737] ✗ 421 - Bricklink 上不存在该零件
[07:00:23] [5498/13737] ✗ 4210 - Bricklink 上不存在该零件
[07:00:27] [5499/13737] ✓ 42109 = 0.8g
[07:00:31] [5500/13737] ✓ 4211 = 2.71g
[07:00:31] 进度 5500/13737 (40.0%) | 成功 3760 失败 1740 | 成功率 68.4% | 平均 6.8s/个 | 剩余 15.6h
[07:00:38] [5501/13737] ✗ 42114 - Bricklink 上不存在该零件
[07:00:43] [5502/13737] ✗ 4212158 - Bricklink 上不存在该零件
[07:00:49] [5503/13737] ✓ 4212a = 5.63g
[07:00:53] [5504/13737] ✓ 4212b = 5.4g
[07:00:58] [5505/13737] ✓ 4213 = 1.88g
[07:01:05] [5506/13737] ✗ 42135 - Bricklink 上不存在该零件
[07:01:10] [5507/13737] ✓ 4214 = 1.26g
[07:01:16] [5508/13737] ✗ 4215966 - Bricklink 上不存在该零件
[07:01:23] [5509/13737] ✗ 4215967 - Bricklink 上不存在该零件
[07:01:29] [5510/13737] ✗ 4215969 - Bricklink 上不存在该零件
[07:01:29] 进度 5510/13737 (40.1%) | 成功 3764 失败 1746 | 成功率 68.3% | 平均 6.8s/个 | 剩余 15.5h
[07:01:35] [5511/13737] ✗ 4215974 - Bricklink 上不存在该零件
[07:01:41] [5512/13737] ✗ 4215976 - Bricklink 上不存在该零件
[07:01:55] [5513/13737] ✗ 4215978 - Bricklink 上不存在该零件
[07:02:01] [5514/13737] ✓ 4215a = 2.33g
[07:02:08] [5515/13737] ✓ 4215b = 2.44g
[07:02:14] [5516/13737] ✓ 4216 = 0.8g
[07:02:19] [5517/13737] ✓ 4216437 = 21.2g
[07:02:23] [5518/13737] ✓ 4216597 = 47.4g
[07:02:29] [5519/13737] ✓ 4217 = 5.38g
[07:02:42] [5520/13737] ✓ 4218 = 1.0g
[07:02:42] 进度 5520/13737 (40.2%) | 成功 3771 失败 1749 | 成功率 68.3% | 平均 6.8s/个 | 剩余 15.5h
[07:02:47] [5521/13737] ✓ 4219 = 0.99g
[07:02:53] [5522/13737] ✗ 42195 - Bricklink 上不存在该零件
[07:02:58] [5523/13737] ✓ 422 = 2.0g
[07:03:04] [5524/13737] ✓ 4220 = 0.45g
[07:03:08] [5525/13737] ✓ 4220205 = 63.4g
[07:03:14] [5526/13737] ✓ 42205 = 3.44g
[07:03:20] [5527/13737] ✓ 4221 = 0.28g
[07:03:25] [5528/13737] ✓ 4221674 = 52.0g
[07:03:30] [5529/13737] ✓ 4221678 = 548.0g
[07:03:36] [5530/13737] ✓ 4222 = 2.5g
[07:03:36] 进度 5530/13737 (40.3%) | 成功 3780 失败 1750 | 成功率 68.4% | 平均 6.8s/个 | 剩余 15.5h
[07:03:42] [5531/13737] ✗ 4222940 - Bricklink 上不存在该零件
[07:03:47] [5532/13737] ✗ 4222941 - Bricklink 上不存在该零件
[07:03:52] [5533/13737] ✓ 4223 = 4.0g
[07:03:56] [5534/13737] ✓ 42234 = 5.5g
[07:04:02] [5535/13737] ✓ 42235 = 5.0g
[07:04:08] [5536/13737] ✗ 42245 - Bricklink 上不存在该零件
[07:04:14] [5537/13737] ✗ 42249 - Bricklink 上不存在该零件
[07:04:21] [5538/13737] ✗ 42253 - Bricklink 上不存在该零件
[07:04:25] [5539/13737] ✓ 42256 = 16.2g
[07:04:31] [5540/13737] ✓ 42277c01 = 26.0g
[07:04:31] 进度 5540/13737 (40.3%) | 成功 3785 失败 1755 | 成功率 68.3% | 平均 6.8s/个 | 剩余 15.5h
[07:04:36] [5541/13737] ✓ 4228 = 7.6g
[07:04:42] [5542/13737] ✗ 42289 - Bricklink 上不存在该零件
[07:04:47] [5543/13737] ✓ 4229 = 2.42g
[07:04:52] [5544/13737] ✗ 42296c01 - Bricklink 上不存在该零件
[07:04:58] [5545/13737] ✗ 42296c02 - Bricklink 上不存在该零件
[07:05:04] [5546/13737] ✗ 4229b - Bricklink 上不存在该零件
[07:05:09] [5547/13737] ✓ 42305 = 125.0g
[07:05:14] [5548/13737] ✓ 42307 = 6.0g
[07:05:19] [5549/13737] ✓ 42309 = 3.0g
[07:05:25] [5550/13737] ✓ 4231 = 6.35g
[07:05:25] 进度 5550/13737 (40.4%) | 成功 3791 失败 1759 | 成功率 68.3% | 平均 6.8s/个 | 剩余 15.4h
[07:05:29] [5551/13737] ✓ 42310 = 3.0g
[07:05:35] [5552/13737] ✓ 42311 = 3.0g
[07:05:41] [5553/13737] ✓ 42316 = 22.76g
[07:05:46] [5554/13737] ✗ 4232 - Bricklink 上不存在该零件
[07:05:52] [5555/13737] ✓ 4232rc = 50.0g
[07:05:58] [5556/13737] ✗ 4232sc - Bricklink 上不存在该零件
[07:06:04] [5557/13737] ✓ 42330 = 2.64g
[07:06:08] [5558/13737] ✓ 42331 = 0.88g
[07:06:13] [5559/13737] ✓ 42332 = 3.0g
[07:06:18] [5560/13737] ✓ 42333 = 0.85g
[07:06:18] 进度 5560/13737 (40.5%) | 成功 3799 失败 1761 | 成功率 68.3% | 平均 6.8s/个 | 剩余 15.4h
[07:06:22] [5561/13737] ✓ 42334 = 3.63g
[07:06:28] [5562/13737] ✓ 42335 = 0.97g
[07:06:33] [5563/13737] ✓ 42336 = 0.45g
[07:06:38] [5564/13737] ✓ 42337 = 4.4g
[07:06:43] [5565/13737] ✓ 42339 = 0.45g
[07:06:49] [5566/13737] ✗ 4234 - Bricklink 上不存在该零件
[07:06:55] [5567/13737] ✗ 42340 - Bricklink 上不存在该零件
[07:06:59] [5568/13737] ✓ 42359 = 36.0g
[07:07:06] [5569/13737] ✗ 4237 - Bricklink 上不存在该零件
[07:07:10] [5570/13737] ✓ 4238 = 5.0g
[07:07:10] 进度 5570/13737 (40.5%) | 成功 3806 失败 1764 | 成功率 68.3% | 平均 6.8s/个 | 剩余 15.4h
[07:07:15] [5571/13737] ✗ 42380a - Bricklink 上不存在该零件
[07:07:22] [5572/13737] ✗ 42380b - Bricklink 上不存在该零件
[07:07:27] [5573/13737] ✗ 42386 - Bricklink 上不存在该零件
[07:07:32] [5574/13737] ✗ 42387 - Bricklink 上不存在该零件
[07:07:38] [5575/13737] ✗ 42388 - Bricklink 上不存在该零件
[07:07:44] [5576/13737] ✗ 42389 - Bricklink 上不存在该零件
[07:07:49] [5577/13737] ✗ 42391 - Bricklink 上不存在该零件
[07:07:55] [5578/13737] ✗ 42392 - Bricklink 上不存在该零件
[07:08:01] [5579/13737] ✗ 42394 - Bricklink 上不存在该零件
[07:08:05] [5580/13737] ✓ 42397 = 42.98g
[07:08:05] 进度 5580/13737 (40.6%) | 成功 3807 失败 1773 | 成功率 68.2% | 平均 6.8s/个 | 剩余 15.4h
[07:08:10] [5581/13737] ✓ 42398 = 6.0g
[07:08:15] [5582/13737] ✓ 424 = 0.09g
[07:08:21] [5583/13737] ✗ 42400c01 - Bricklink 上不存在该零件
[07:08:26] [5584/13737] ✗ 42400c02 - Bricklink 上不存在该零件
[07:08:32] [5585/13737] ✗ 42400c03 - Bricklink 上不存在该零件
[07:08:37] [5586/13737] ✗ 42400c04 - Bricklink 上不存在该零件
[07:08:43] [5587/13737] ✓ 42404c01 = 94.0g
[07:08:47] [5588/13737] ✓ 42405 = 8.0g
[07:08:51] [5589/13737] ✓ 42406 = 18.49g
[07:08:58] [5590/13737] ✗ 42409 - Bricklink 上不存在该零件
[07:08:58] 进度 5590/13737 (40.7%) | 成功 3812 失败 1778 | 成功率 68.2% | 平均 6.8s/个 | 剩余 15.3h
[07:09:04] [5591/13737] ✗ 42411 - Bricklink 上不存在该零件
[07:09:10] [5592/13737] ✗ 42411a - Bricklink 上不存在该零件
[07:09:16] [5593/13737] ✗ 42411b - Bricklink 上不存在该零件
[07:09:20] [5594/13737] ✓ 42436 = 9.0g
[07:09:26] [5595/13737] ✗ 42437 - Bricklink 上不存在该零件
[07:09:33] [5596/13737] ✗ 42441 - Bricklink 上不存在该零件
[07:09:39] [5597/13737] ✓ 42443 = 1.4g
[07:09:43] [5598/13737] ✓ 42444 = 0.57g
[07:09:50] [5599/13737] ✓ 42445 = 1.22g
[07:09:56] [5600/13737] ✓ 42446 = 0.2g
[07:09:57] 进度 5600/13737 (40.8%) | 成功 3817 失败 1783 | 成功率 68.2% | 平均 6.8s/个 | 剩余 15.3h
[07:10:01] [5601/13737] ✓ 42447 = 4.0g
[07:10:06] [5602/13737] ✓ 42448 = 2.85g
[07:10:10] [5603/13737] ✓ 4245 = 134.0g
[07:10:15] [5604/13737] ✓ 42450 = 0.21g
[07:10:19] [5605/13737] ✓ 42457 = 0.33g
[07:10:25] [5606/13737] ✗ 42459 - Bricklink 上不存在该零件
[07:10:31] [5607/13737] ✓ 4247 = 3.4g
[07:10:36] [5608/13737] ✓ 4248 = 5.0g
[07:10:41] [5609/13737] ✗ 42484 - Bricklink 上不存在该零件
[07:10:47] [5610/13737] ✗ 42498 - Bricklink 上不存在该零件
[07:10:47] 进度 5610/13737 (40.8%) | 成功 3824 失败 1786 | 成功率 68.2% | 平均 6.8s/个 | 剩余 15.3h
[07:10:54] [5611/13737] ✓ 42509 = 3.62g
[07:10:59] [5612/13737] ✓ 42511 = 1.43g
[07:11:04] [5613/13737] ✗ 4251753 - Bricklink 上不存在该零件
[07:11:10] [5614/13737] ✓ 4251c01 = 67.0g
[07:11:16] [5615/13737] ✓ 42529 = 7.9g
[07:11:20] [5616/13737] ✓ 4253 = 19.68g
[07:11:25] [5617/13737] ✓ 42531 = 2.9g
[07:11:31] [5618/13737] ✗ 4254 - Bricklink 上不存在该零件
[07:11:36] [5619/13737] ✓ 42545 = 5.31g
[07:11:43] [5620/13737] ✗ 4255 - Bricklink 上不存在该零件
[07:11:43] 进度 5620/13737 (40.9%) | 成功 3831 失败 1789 | 成功率 68.2% | 平均 6.8s/个 | 剩余 15.3h
[07:11:48] [5621/13737] ✗ 4258c01 - Bricklink 上不存在该零件
[07:11:54] [5622/13737] ✓ 4259 = 1.46g
[07:11:59] [5623/13737] ✗ 42590 - Bricklink 上不存在该零件
[07:12:05] [5624/13737] ✗ 42590c01 - Bricklink 上不存在该零件
[07:12:12] [5625/13737] ✗ 4259999 - Bricklink 上不存在该零件
[07:12:17] [5626/13737] ✓ 42600 = 20.48g
[07:12:23] [5627/13737] ✗ 42601 - Bricklink 上不存在该零件
[07:12:29] [5628/13737] ✓ 42602 = 10.0g
[07:12:34] [5629/13737] ✓ 42604 = 15.5g
[07:12:40] [5630/13737] ✓ 42607c01 = 10.5g
[07:12:40] 进度 5630/13737 (41.0%) | 成功 3836 失败 1794 | 成功率 68.1% | 平均 6.8s/个 | 剩余 15.3h
[07:12:45] [5631/13737] ✓ 42608 = 3.05g
[07:12:51] [5632/13737] ✗ 42609 - Bricklink 上不存在该零件
[07:12:57] [5633/13737] ✓ 4261 = 0.83g
[07:13:02] [5634/13737] ✓ 42610 = 0.39g
[07:13:06] [5635/13737] ✓ 4262 = 0.9g
[07:13:10] [5636/13737] ✓ 4263 = 0.48g
[07:13:15] [5637/13737] ✗ 42638 - 未在页面中找到重量数据
[07:13:20] [5638/13737] ✓ 4264 = 171.0g
[07:13:25] [5639/13737] ✓ 4265a = 0.1g
[07:13:31] [5640/13737] ✓ 4265b = 0.07g
[07:13:31] 进度 5640/13737 (41.1%) | 成功 3844 失败 1796 | 成功率 68.2% | 平均 6.8s/个 | 剩余 15.2h
[07:13:37] [5641/13737] ✓ 4266 = 5.29g
[07:13:44] [5642/13737] ✗ 4266360 - Bricklink 上不存在该零件
[07:13:49] [5643/13737] ✓ 42665 = 32.4g
[07:14:02] [5644/13737] ✗ 42667 - Bricklink 上不存在该零件
[07:14:06] [5645/13737] ✓ 42668 = 14.4g
[07:14:10] [5646/13737] ✓ 42669 = 12.7g
[07:14:14] [5647/13737] ✓ 4267 = 24.44g
[07:14:20] [5648/13737] ✓ 42670 = 2.7g
[07:14:27] [5649/13737] ✗ 42672 - Bricklink 上不存在该零件
[07:14:32] [5650/13737] ✗ 4268 - Bricklink 上不存在该零件
[07:14:32] 进度 5650/13737 (41.1%) | 成功 3850 失败 1800 | 成功率 68.1% | 平均 6.8s/个 | 剩余 15.2h
[07:14:38] [5651/13737] ✗ 4268656 - Bricklink 上不存在该零件
[07:14:43] [5652/13737] ✓ 42687 = 0.75g
[07:14:50] [5653/13737] ✗ 42693 - Bricklink 上不存在该零件
[07:14:56] [5654/13737] ✗ 42698 - Bricklink 上不存在该零件
[07:15:01] [5655/13737] ✓ 42716 = 3.0g
[07:15:06] [5656/13737] ✓ 4273a = 0.2g
[07:15:12] [5657/13737] ✗ 4273b - Bricklink 上不存在该零件
[07:15:19] [5658/13737] ✓ 4274 = 0.1g
[07:15:25] [5659/13737] ✓ 4275a = 0.42g
[07:15:30] [5660/13737] ✓ 4275b = 0.4g
[07:15:30] 进度 5660/13737 (41.2%) | 成功 3856 失败 1804 | 成功率 68.1% | 平均 6.8s/个 | 剩余 15.2h
[07:15:35] [5661/13737] ✓ 4276a = 0.42g
[07:15:41] [5662/13737] ✓ 4276b = 0.4g
[07:15:47] [5663/13737] ✗ 4278 - Bricklink 上不存在该零件
[07:15:53] [5664/13737] ✗ 42793 - Bricklink 上不存在该零件
[07:15:59] [5665/13737] ✓ 42819 = 3.04g
[07:16:04] [5666/13737] ✓ 4282 = 4.5g
[07:16:10] [5667/13737] ✗ 4283798 - Bricklink 上不存在该零件
[07:16:15] [5668/13737] ✓ 4284 = 2.29g
[07:16:20] [5669/13737] ✓ 42842 = 12.7g
[07:16:25] [5670/13737] ✓ 42843 = 63.0g
[07:16:25] 进度 5670/13737 (41.3%) | 成功 3863 失败 1807 | 成功率 68.1% | 平均 6.8s/个 | 剩余 15.2h
[07:16:31] [5671/13737] ✓ 42844 = 7.0g
[07:16:35] [5672/13737] ✓ 42845 = 9.0g
[07:16:39] [5673/13737] ✓ 42846 = 24.57g
[07:16:45] [5674/13737] ✓ 42847 = 23.29g
[07:16:51] [5675/13737] ✓ 42849 = 26.5g
[07:16:55] [5676/13737] ✓ 42850 = 8.3g
[07:17:01] [5677/13737] ✓ 4285a = 1.9g
[07:17:06] [5678/13737] ✓ 4285b = 1.73g
[07:17:13] [5679/13737] ✓ 4286 = 0.98g
[07:17:17] [5680/13737] ✓ 42860 = 0.5g
[07:17:17] 进度 5680/13737 (41.3%) | 成功 3873 失败 1807 | 成功率 68.2% | 平均 6.8s/个 | 剩余 15.1h
[07:17:23] [5681/13737] ✓ 42862 = 1.87g
[07:17:29] [5682/13737] ✓ 42863 = 19.6g
[07:17:33] [5683/13737] ✓ 42866 = 1.3g
[07:17:38] [5684/13737] ✗ 42867 - Bricklink 上不存在该零件
[07:17:45] [5685/13737] ✗ 4287257 - Bricklink 上不存在该零件
[07:17:49] [5686/13737] ✓ 42876 = 0.35g
[07:17:55] [5687/13737] ✗ 4287a - Bricklink 上不存在该零件
[07:18:02] [5688/13737] ✗ 4287b - Bricklink 上不存在该零件
[07:18:09] [5689/13737] ✗ 4287c - Bricklink 上不存在该零件
[07:18:13] [5690/13737] ✓ 4288 = 4.11g
[07:18:13] 进度 5690/13737 (41.4%) | 成功 3878 失败 1812 | 成功率 68.2% | 平均 6.8s/个 | 剩余 15.1h
[07:18:18] [5691/13737] ✓ 4289 = 1.1g
[07:18:24] [5692/13737] ✗ 42908 - Bricklink 上不存在该零件
[07:18:30] [5693/13737] ✓ 42918 = 3.0g
[07:18:37] [5694/13737] ✗ 42924 - Bricklink 上不存在该零件
[07:18:43] [5695/13737] ✗ 42935c01 - Bricklink 上不存在该零件
[07:18:48] [5696/13737] ✗ 42935c02 - Bricklink 上不存在该零件
[07:19:12] [5697/13737] ✓ 42936 = 25.0g
[07:19:17] [5698/13737] ✓ 42937 = 11.0g
[07:19:22] [5699/13737] ✓ 42938 = 23.0g
[07:19:26] [5700/13737] ✓ 42939 = 21.0g
[07:19:26] 进度 5700/13737 (41.5%) | 成功 3884 失败 1816 | 成功率 68.1% | 平均 6.8s/个 | 剩余 15.1h
[07:19:30] [5701/13737] ✓ 42940 = 10.57g
[07:19:36] [5702/13737] ✓ 42941 = 31.52g
[07:19:41] [5703/13737] ✓ 42942 = 23.62g
[07:19:46] [5704/13737] ✓ 42943 = 11.8g
[07:19:52] [5705/13737] ✗ 42947 - Bricklink 上不存在该零件
[07:19:58] [5706/13737] ✗ 42952c01 - Bricklink 上不存在该零件
[07:20:04] [5707/13737] ✓ 4297447 = 82.0g
[07:20:10] [5708/13737] ✗ 429c01 - Bricklink 上不存在该零件
[07:20:16] [5709/13737] ✗ 429c02 - Bricklink 上不存在该零件
[07:20:21] [5710/13737] ✗ 43023c01 - Bricklink 上不存在该零件
[07:20:21] 进度 5710/13737 (41.6%) | 成功 3889 失败 1821 | 成功率 68.1% | 平均 6.8s/个 | 剩余 15.1h
[07:20:28] [5711/13737] ✓ 4304 = 0.85g
[07:20:34] [5712/13737] ✓ 43045 = 1.15g
[07:20:40] [5713/13737] ✓ 43056 = 1.18g
[07:20:45] [5714/13737] ✗ 43062 - Bricklink 上不存在该零件
[07:20:51] [5715/13737] ✓ 43066 = 29.91g
[07:20:56] [5716/13737] ✗ 43068 - Bricklink 上不存在该零件
[07:21:02] [5717/13737] ✗ 43081c01 - Bricklink 上不存在该零件
[07:21:08] [5718/13737] ✗ 43082c01 - Bricklink 上不存在该零件
[07:21:13] [5719/13737] ✓ 43085 = 22.5g
[07:21:18] [5720/13737] ✓ 43086 = 43.0g
[07:21:18] 进度 5720/13737 (41.6%) | 成功 3895 失败 1825 | 成功率 68.1% | 平均 6.8s/个 | 剩余 15.0h
[07:21:24] [5721/13737] ✓ 43088 = 13.0g
[07:21:29] [5722/13737] ✓ 4309 = 0.2g
[07:21:34] [5723/13737] ✗ 43091 - Bricklink 上不存在该零件
[07:21:47] [5724/13737] ✓ 43093 = 0.26g
[07:21:53] [5725/13737] ✗ 43097 - Bricklink 上不存在该零件
[07:21:58] [5726/13737] ✓ 4310 = 0.36g
[07:22:05] [5727/13737] ✓ 43121 = 9.5g
[07:22:09] [5728/13737] ✓ 43121c04 = 9.5g
[07:22:15] [5729/13737] ✓ 43144 = 3.0g
[07:22:20] [5730/13737] ✓ 43145 = 25.1g
[07:22:20] 进度 5730/13737 (41.7%) | 成功 3903 失败 1827 | 成功率 68.1% | 平均 6.8s/个 | 剩余 15.0h
[07:22:24] [5731/13737] ✓ 4315 = 0.85g
[07:22:28] [5732/13737] ✓ 43151 = 17.5g
[07:22:33] [5733/13737] ✓ 43153 = 8.9g
[07:22:37] [5734/13737] ✓ 43154 = 9.1g
[07:22:44] [5735/13737] ✗ 43159 - Bricklink 上不存在该零件
[07:22:49] [5736/13737] ✗ 43178 - Bricklink 上不存在该零件
[07:22:53] [5737/13737] ✓ 4318 = 2.1g
[07:22:59] [5738/13737] ✓ 4319 = 0.56g
[07:23:05] [5739/13737] ✗ 43220c01 - Bricklink 上不存在该零件
[07:23:12] [5740/13737] ✗ 43220c02 - Bricklink 上不存在该零件
[07:23:12] 进度 5740/13737 (41.8%) | 成功 3909 失败 1831 | 成功率 68.1% | 平均 6.8s/个 | 剩余 15.0h
[07:23:16] [5741/13737] ✓ 4323 = 3.41g
[07:23:22] [5742/13737] ✓ 4324 = 1.0g
[07:23:27] [5743/13737] ✓ 4325 = 2.15g
[07:23:33] [5744/13737] ✗ 43267 - Bricklink 上不存在该零件
[07:23:39] [5745/13737] ✗ 43268 - Bricklink 上不存在该零件
[07:23:45] [5746/13737] ✗ 43269 - Bricklink 上不存在该零件
[07:23:51] [5747/13737] ✓ 4327 = 1.3g
[07:23:57] [5748/13737] ✗ 43270 - Bricklink 上不存在该零件
[07:24:02] [5749/13737] ✗ 4328 - Bricklink 上不存在该零件
[07:24:08] [5750/13737] ✗ 4330 - Bricklink 上不存在该零件
[07:24:08] 进度 5750/13737 (41.9%) | 成功 3913 失败 1837 | 成功率 68.1% | 平均 6.8s/个 | 剩余 15.0h
[07:24:13] [5751/13737] ✓ 4331 = 1.25g
[07:24:17] [5752/13737] ✓ 4332 = 0.83g
[07:24:23] [5753/13737] ✗ 43337 - Bricklink 上不存在该零件
[07:24:28] [5754/13737] ✓ 4334 = 2.0g
[07:24:33] [5755/13737] ✓ 4335 = 2.0g
[07:24:38] [5756/13737] ✓ 4336 = 9.0g
[07:24:43] [5757/13737] ✓ 43362c01 = 29.0g
[07:24:47] [5758/13737] ✓ 43363 = 13.82g
[07:24:52] [5759/13737] ✓ 43364 = 2.46g
[07:24:59] [5760/13737] ✗ 4337 - Bricklink 上不存在该零件
[07:24:59] 进度 5760/13737 (41.9%) | 成功 3921 失败 1839 | 成功率 68.1% | 平均 6.7s/个 | 剩余 15.0h
[07:25:04] [5761/13737] ✓ 43372 = 1.2g
[07:25:08] [5762/13737] ✓ 43373 = 1.17g
[07:25:13] [5763/13737] ✓ 43374 = 1.6g
[07:25:20] [5764/13737] ✗ 433c01 - Bricklink 上不存在该零件
[07:25:24] [5765/13737] ✓ 4341 = 2.9g
[07:25:30] [5766/13737] ✗ 43415 - Bricklink 上不存在该零件
[07:25:35] [5767/13737] ✓ 4342 = 0.94g
[07:25:39] [5768/13737] ✓ 4345a = 1.65g
[07:25:46] [5769/13737] ✗ 4345b - Bricklink 上不存在该零件
[07:25:52] [5770/13737] ✓ 4346 = 0.8g
[07:25:52] 进度 5770/13737 (42.0%) | 成功 3928 失败 1842 | 成功率 68.1% | 平均 6.7s/个 | 剩余 14.9h
[07:25:58] [5771/13737] ✓ 43464 = 1.7g
[07:26:03] [5772/13737] ✓ 4347 = 4.16g
[07:26:08] [5773/13737] ✓ 43476 = 10.7g
[07:26:12] [5774/13737] ✓ 43477 = 23.36g
[07:26:18] [5775/13737] ✓ 43478 = 9.3g
[07:26:22] [5776/13737] ✓ 43479 = 9.82g
[07:26:28] [5777/13737] ✓ 43480 = 22.64g
[07:26:33] [5778/13737] ✓ 43481 = 12.14g
[07:26:37] [5779/13737] ✓ 43482 = 10.64g
[07:26:43] [5780/13737] ✓ 43483 = 18.34g
[07:26:43] 进度 5780/13737 (42.1%) | 成功 3938 失败 1842 | 成功率 68.1% | 平均 6.7s/个 | 剩余 14.9h
[07:26:47] [5781/13737] ✓ 43484 = 11.55g
[07:26:51] [5782/13737] ✓ 43485 = 11.4g
[07:26:55] [5783/13737] ✓ 43486 = 17.46g
[07:27:01] [5784/13737] ✓ 43487 = 9.41g
[07:27:05] [5785/13737] ✓ 4349 = 0.4g
[07:27:11] [5786/13737] ✓ 43491 = 15.48g
[07:27:16] [5787/13737] ✓ 43492 = 24.22g
[07:27:21] [5788/13737] ✓ 43493 = 11.12g
[07:27:25] [5789/13737] ✓ 4350 = 23.0g
[07:27:29] [5790/13737] ✓ 4350c01 = 40.0g
[07:27:29] 进度 5790/13737 (42.1%) | 成功 3948 失败 1842 | 成功率 68.2% | 平均 6.7s/个 | 剩余 14.9h
[07:27:33] [5791/13737] ✓ 4350c02 = 57.0g
[07:27:37] [5792/13737] ✓ 4351 = 17.0g
[07:27:41] [5793/13737] ✓ 4352 = 17.0g
[07:27:46] [5794/13737] ✓ 4354c02 = 114.0g
[07:27:51] [5795/13737] ✓ 43557 = 4.0g
[07:27:56] [5796/13737] ✓ 43558 = 3.0g
[07:28:02] [5797/13737] ✗ 43559 - Bricklink 上不存在该零件
[07:28:08] [5798/13737] ✗ 43579 - Bricklink 上不存在该零件
[07:28:15] [5799/13737] ✓ 4360 = 1.02g
[07:28:19] [5800/13737] ✓ 43614 = 4.1g
[07:28:19] 进度 5800/13737 (42.2%) | 成功 3956 失败 1844 | 成功率 68.2% | 平均 6.7s/个 | 剩余 14.9h
[07:28:25] [5801/13737] ✓ 43615 = 5.26g
[07:28:30] [5802/13737] ✓ 43616 = 5.0g
[07:28:35] [5803/13737] ✓ 43623 = 8.4g
[07:28:41] [5804/13737] ✓ 43624 = 25.4g
[07:28:45] [5805/13737] ✓ 43625 = 11.5g
[07:28:50] [5806/13737] ✗ 4362acx1 - Bricklink 上不存在该零件
[07:28:57] [5807/13737] ✗ 4362bcx1 - Bricklink 上不存在该零件
[07:29:03] [5808/13737] ✓ 4365 = 3.2g
[07:29:08] [5809/13737] ✗ 4367 - Bricklink 上不存在该零件
[07:29:12] [5810/13737] ✓ 4368 = 0.68g
[07:29:12] 进度 5810/13737 (42.3%) | 成功 3963 失败 1847 | 成功率 68.2% | 平均 6.7s/个 | 剩余 14.8h
[07:29:16] [5811/13737] ✓ 4369 = 0.27g
[07:29:21] [5812/13737] ✓ 43693 = 0.66g
[07:29:27] [5813/13737] ✓ 43702 = 1.6g
[07:29:33] [5814/13737] ✓ 43708 = 2.0g
[07:29:39] [5815/13737] ✓ 43710 = 1.3g
[07:29:44] [5816/13737] ✓ 43711 = 1.3g
[07:29:50] [5817/13737] ✓ 43712 = 3.5g
[07:29:56] [5818/13737] ✓ 43713 = 4.0g
[07:30:00] [5819/13737] ✓ 43718 = 8.2g
[07:30:07] [5820/13737] ✓ 43719 = 1.2g
[07:30:07] 进度 5820/13737 (42.4%) | 成功 3973 失败 1847 | 成功率 68.3% | 平均 6.7s/个 | 剩余 14.8h
[07:30:13] [5821/13737] ✓ 43720 = 1.63g
[07:30:19] [5822/13737] ✓ 43721 = 1.63g
[07:30:26] [5823/13737] ✓ 43722 = 0.64g
[07:30:32] [5824/13737] ✓ 43723 = 0.64g
[07:30:39] [5825/13737] ✗ 43744 - Bricklink 上不存在该零件
[07:30:45] [5826/13737] ✓ 43745 = 0.69g
[07:30:51] [5827/13737] ✓ 4375 = 3.1g
[07:30:57] [5828/13737] ✓ 43751 = 0.45g
[07:31:02] [5829/13737] ✓ 4376 = 4.0g
[07:31:08] [5830/13737] ✗ 43778 - Bricklink 上不存在该零件
[07:31:08] 进度 5830/13737 (42.4%) | 成功 3981 失败 1849 | 成功率 68.3% | 平均 6.7s/个 | 剩余 14.8h
[07:31:13] [5831/13737] ✗ 43779 - Bricklink 上不存在该零件
[07:31:19] [5832/13737] ✓ 4378 = 4.0g
[07:31:24] [5833/13737] ✗ 43780 - Bricklink 上不存在该零件
[07:31:29] [5834/13737] ✗ 43818 - Bricklink 上不存在该零件
[07:31:34] [5835/13737] ✓ 43848 = 54.0g
[07:31:40] [5836/13737] ✓ 43849 = 48.0g
[07:31:46] [5837/13737] ✗ 43850 - Bricklink 上不存在该零件
[07:31:51] [5838/13737] ✓ 43852 = 4.0g
[07:31:55] [5839/13737] ✓ 43853 = 4.1g
[07:32:00] [5840/13737] ✓ 43855 = 3.81g
[07:32:00] 进度 5840/13737 (42.5%) | 成功 3987 失败 1853 | 成功率 68.3% | 平均 6.7s/个 | 剩余 14.8h
[07:32:04] [5841/13737] ✓ 43856 = 3.54g
[07:32:10] [5842/13737] ✓ 43857 = 0.4g
[07:32:15] [5843/13737] ✓ 43871 = 3.0g
[07:32:20] [5844/13737] ✓ 43887 = 0.57g
[07:32:25] [5845/13737] ✓ 43888 = 2.0g
[07:32:29] [5846/13737] ✓ 43889 = 3.5g
[07:32:33] [5847/13737] ✓ 43890c01 = 11.28g
[07:32:38] [5848/13737] ✓ 43891 = 1.24g
[07:32:43] [5849/13737] ✓ 43892 = 0.93g
[07:32:50] [5850/13737] ✗ 43894 - Bricklink 上不存在该零件
[07:32:50] 进度 5850/13737 (42.6%) | 成功 3996 失败 1854 | 成功率 68.3% | 平均 6.7s/个 | 剩余 14.7h
[07:32:54] [5851/13737] ✓ 43895 = 8.03g
[07:33:00] [5852/13737] ✓ 43896 = 1.17g
[07:33:06] [5853/13737] ✓ 43897 = 4.17g
[07:33:13] [5854/13737] ✓ 43898 = 0.86g
[07:33:19] [5855/13737] ✓ 43899 = 0.85g
[07:33:25] [5856/13737] ✓ 43900 = 2.0g
[07:33:30] [5857/13737] ✗ 43903 - Bricklink 上不存在该零件
[07:33:36] [5858/13737] ✗ 43920819203 - Bricklink 上不存在该零件
[07:33:41] [5859/13737] ✓ 43936 = 4.46g
[07:33:47] [5860/13737] ✓ 43967 = 3.04g
[07:33:47] 进度 5860/13737 (42.7%) | 成功 4004 失败 1856 | 成功率 68.3% | 平均 6.7s/个 | 剩余 14.7h
[07:33:51] [5861/13737] ✓ 43979 = 26.47g
[07:33:55] [5862/13737] ✓ 44031 = 2.6g
[07:34:00] [5863/13737] ✓ 44032 = 2.34g
[07:34:04] [5864/13737] ✓ 44033 = 2.25g
[07:34:09] [5865/13737] ✓ 44034 = 3.22g
[07:34:13] [5866/13737] ✓ 44035 = 3.08g
[07:34:19] [5867/13737] ✓ 44036 = 1.63g
[07:34:25] [5868/13737] ✗ 44045 - Bricklink 上不存在该零件
[07:34:29] [5869/13737] ✓ 4410 = 35.37g
[07:34:33] [5870/13737] ✓ 44112 = 52.0g
[07:34:33] 进度 5870/13737 (42.7%) | 成功 4013 失败 1857 | 成功率 68.4% | 平均 6.7s/个 | 剩余 14.7h
[07:34:37] [5871/13737] ✓ 44113 = 27.87g
[07:34:42] [5872/13737] ✗ 44114 - Bricklink 上不存在该零件
[07:34:47] [5873/13737] ✓ 44115 = 9.8g
[07:34:51] [5874/13737] ✓ 44117 = 17.85g
[07:34:57] [5875/13737] ✓ 4412 = 3.61g
[07:35:03] [5876/13737] ✓ 44126 = 2.67g
[07:35:07] [5877/13737] ✓ 4413 = 20.83g
[07:35:13] [5878/13737] ✓ 44135 = 3.25g
[07:35:20] [5879/13737] ✓ 44136 = 2.75g
[07:35:25] [5880/13737] ✓ 44137 = 1.98g
[07:35:25] 进度 5880/13737 (42.8%) | 成功 4022 失败 1858 | 成功率 68.4% | 平均 6.7s/个 | 剩余 14.7h
[07:35:30] [5881/13737] ✓ 44138 = 5.95g
[07:35:36] [5882/13737] ✓ 44139 = 3.46g
[07:35:42] [5883/13737] ✓ 44140 = 3.0g
[07:35:48] [5884/13737] ✗ 44141 - Bricklink 上不存在该零件
[07:35:54] [5885/13737] ✗ 44141a - Bricklink 上不存在该零件
[07:36:00] [5886/13737] ✗ 44141b - Bricklink 上不存在该零件
[07:36:06] [5887/13737] ✗ 44141c - Bricklink 上不存在该零件
[07:36:12] [5888/13737] ✗ 44141d - Bricklink 上不存在该零件
[07:36:20] [5889/13737] ✗ 44141e - Bricklink 上不存在该零件
[07:36:26] [5890/13737] ✗ 44141f - Bricklink 上不存在该零件
[07:36:26] 进度 5890/13737 (42.9%) | 成功 4025 失败 1865 | 成功率 68.3% | 平均 6.7s/个 | 剩余 14.6h
[07:36:30] [5891/13737] ✓ 44142 = 2.0g
[07:36:34] [5892/13737] ✓ 44143 = 2.84g
[07:36:39] [5893/13737] ✓ 44144 = 2.46g
[07:36:43] [5894/13737] ✓ 44145 = 1.85g
[07:36:47] [5895/13737] ✓ 44146 = 2.52g
[07:36:52] [5896/13737] ✓ 44147 = 1.55g
[07:36:58] [5897/13737] ✓ 44148 = 2.87g
[07:37:04] [5898/13737] ✗ 44152 - Bricklink 上不存在该零件
[07:37:10] [5899/13737] ✗ 44158 - Bricklink 上不存在该零件
[07:37:16] [5900/13737] ✗ 44163 - Bricklink 上不存在该零件
[07:37:16] 进度 5900/13737 (42.9%) | 成功 4032 失败 1868 | 成功率 68.3% | 平均 6.7s/个 | 剩余 14.6h
[07:37:23] [5901/13737] ✗ 44198 - Bricklink 上不存在该零件
[07:37:29] [5902/13737] ✗ 44198c01 - Bricklink 上不存在该零件
[07:37:36] [5903/13737] ✗ 44198c02 - Bricklink 上不存在该零件
[07:37:42] [5904/13737] ✗ 44198c03 - Bricklink 上不存在该零件
[07:37:49] [5905/13737] ✗ 44207c01 - Bricklink 上不存在该零件
[07:37:55] [5906/13737] ✗ 44218 - Bricklink 上不存在该零件
[07:38:01] [5907/13737] ✗ 44221 - Bricklink 上不存在该零件
[07:38:05] [5908/13737] ✓ 44224 = 2.58g
[07:38:11] [5909/13737] ✓ 44225 = 2.15g
[07:38:16] [5910/13737] ✓ 4423 = 3.68g
[07:38:16] 进度 5910/13737 (43.0%) | 成功 4035 失败 1875 | 成功率 68.3% | 平均 6.7s/个 | 剩余 14.6h
[07:38:21] [5911/13737] ✓ 4424 = 3.24g
[07:38:25] [5912/13737] ✗ 44241 - 未在页面中找到重量数据
[07:38:30] [5913/13737] ✓ 44247 = 7.56g
[07:38:36] [5914/13737] ✗ 44255 - Bricklink 上不存在该零件
[07:38:41] [5915/13737] ✓ 4427 = 7.18g
[07:38:47] [5916/13737] ✓ 4429 = 1.5g
[07:38:52] [5917/13737] ✓ 44292 = 5.5g
[07:38:58] [5918/13737] ✗ 44293c01 - Bricklink 上不存在该零件
[07:39:03] [5919/13737] ✓ 44294 = 1.05g
[07:39:08] [5920/13737] ✓ 4430 = 2.5g
[07:39:08] 进度 5920/13737 (43.1%) | 成功 4042 失败 1878 | 成功率 68.3% | 平均 6.7s/个 | 剩余 14.6h
[07:39:13] [5921/13737] ✓ 44300 = 0.58g
[07:39:18] [5922/13737] ✓ 44301a = 0.51g
[07:39:24] [5923/13737] ✓ 44301b = 0.51g
[07:39:30] [5924/13737] ✗ 44302a - Bricklink 上不存在该零件
[07:39:36] [5925/13737] ✗ 44302b - Bricklink 上不存在该零件
[07:39:41] [5926/13737] ✓ 44308 = 12.0g
[07:39:46] [5927/13737] ✓ 44309 = 11.15g
[07:39:52] [5928/13737] ✗ 44316 - Bricklink 上不存在该零件
[07:39:58] [5929/13737] ✗ 44323 - Bricklink 上不存在该零件
[07:40:04] [5930/13737] ✗ 4433 - Bricklink 上不存在该零件
[07:40:04] 进度 5930/13737 (43.2%) | 成功 4047 失败 1883 | 成功率 68.2% | 平均 6.7s/个 | 剩余 14.5h
[07:40:11] [5931/13737] ✗ 44331 - Bricklink 上不存在该零件
[07:40:17] [5932/13737] ✓ 44333 = 6.88g
[07:40:21] [5933/13737] ✓ 44334 = 4.45g
[07:40:25] [5934/13737] ✓ 44335 = 6.1g
[07:40:29] [5935/13737] ✓ 44337 = 8.4g
[07:40:34] [5936/13737] ✓ 44338 = 14.9g
[07:40:39] [5937/13737] ✓ 44339 = 15.6g
[07:40:45] [5938/13737] ✓ 4433c01 = 15.0g
[07:40:50] [5939/13737] ✓ 4434 = 2.86g
[07:40:56] [5940/13737] ✓ 44340 = 40.7g
[07:40:56] 进度 5940/13737 (43.2%) | 成功 4056 失败 1884 | 成功率 68.3% | 平均 6.7s/个 | 剩余 14.5h
[07:41:02] [5941/13737] ✓ 44350 = 6.75g
[07:41:06] [5942/13737] ✓ 44351 = 6.75g
[07:41:12] [5943/13737] ✓ 44352 = 4.1g
[07:41:18] [5944/13737] ✓ 44353 = 4.1g
[07:41:22] [5945/13737] ✓ 44358 = 2.0g
[07:41:28] [5946/13737] ✓ 44359 = 1.25g
[07:41:34] [5947/13737] ✗ 44360 - Bricklink 上不存在该零件
[07:41:39] [5948/13737] ✗ 44361 - Bricklink 上不存在该零件
[07:41:44] [5949/13737] ✓ 44363 = 1.15g
[07:41:49] [5950/13737] ✓ 44374 = 1.0g
[07:41:49] 进度 5950/13737 (43.3%) | 成功 4064 失败 1886 | 成功率 68.3% | 平均 6.7s/个 | 剩余 14.5h
[07:41:55] [5951/13737] ✓ 44375a = 2.56g
[07:42:02] [5952/13737] ✓ 44375b = 2.68g
[07:42:06] [5953/13737] ✓ 44376 = 0.73g
[07:42:10] [5954/13737] ✓ 4438 = 0.86g
[07:42:15] [5955/13737] ✗ 44383 - Bricklink 上不存在该零件
[07:42:19] [5956/13737] ✓ 4440 = 1.13g
[07:42:23] [5957/13737] ✗ 44403c01 - 未在页面中找到重量数据
[07:42:28] [5958/13737] ✓ 44403c02 = 72.0g
[07:42:33] [5959/13737] ✓ 44403c03 = 54.0g
[07:42:39] [5960/13737] ✓ 44403c04 = 50.3g
[07:42:39] 进度 5960/13737 (43.4%) | 成功 4072 失败 1888 | 成功率 68.3% | 平均 6.7s/个 | 剩余 14.5h
[07:42:43] [5961/13737] ✓ 4442 = 1.13g
[07:42:48] [5962/13737] ✓ 4443 = 6.52g
[07:42:55] [5963/13737] ✗ 44436 - Bricklink 上不存在该零件
[07:43:00] [5964/13737] ✓ 4444 = 5.9g
[07:43:06] [5965/13737] ✓ 4445 = 4.1g
[07:43:12] [5966/13737] ✓ 44450 = 6.36g
[07:43:18] [5967/13737] ✓ 44450c01 = 23.41g
[07:43:24] [5968/13737] ✓ 4446 = 6.52g
[07:43:29] [5969/13737] ✓ 44460 = 44.0g
[07:43:33] [5970/13737] ✓ 44461 = 11.0g
[07:43:33] 进度 5970/13737 (43.5%) | 成功 4081 失败 1889 | 成功率 68.4% | 平均 6.7s/个 | 剩余 14.5h
[07:43:38] [5971/13737] ✗ 44464 - Bricklink 上不存在该零件
[07:43:44] [5972/13737] ✗ 44468 - Bricklink 上不存在该零件
[07:43:49] [5973/13737] ✓ 4447 = 2.21g
[07:43:54] [5974/13737] ✓ 4448 = 2.2g
[07:44:00] [5975/13737] ✗ 44486c01 - Bricklink 上不存在该零件
[07:44:06] [5976/13737] ✗ 44486c02 - Bricklink 上不存在该零件
[07:44:12] [5977/13737] ✓ 4449 = 0.49g
[07:44:17] [5978/13737] ✓ 4450 = 0.6g
[07:44:23] [5979/13737] ✓ 44511 = 24.14g
[07:44:29] [5980/13737] ✓ 44512 = 2.9g
[07:44:29] 进度 5980/13737 (43.5%) | 成功 4087 失败 1893 | 成功率 68.3% | 平均 6.7s/个 | 剩余 14.4h
[07:44:34] [5981/13737] ✓ 44513 = 71.0g
[07:44:39] [5982/13737] ✓ 44515 = 6.0g
[07:44:45] [5983/13737] ✓ 44519 = 4.25g
[07:44:49] [5984/13737] ✓ 4452 = 5.76g
[07:44:54] [5985/13737] ✓ 44521 = 5.6g
[07:45:00] [5986/13737] ✓ 44523 = 4.5g
[07:45:07] [5987/13737] ✓ 44524 = 15.0g
[07:45:12] [5988/13737] ✓ 44525 = 72.0g
[07:45:17] [5989/13737] ✓ 44526 = 126.0g
[07:45:22] [5990/13737] ✓ 44527 = 8.0g
[07:45:22] 进度 5990/13737 (43.6%) | 成功 4097 失败 1893 | 成功率 68.4% | 平均 6.7s/个 | 剩余 14.4h
[07:45:27] [5991/13737] ✓ 44528 = 12.0g
[07:45:32] [5992/13737] ✓ 44534 = 3.22g
[07:45:38] [5993/13737] ✓ 44535 = 3.88g
[07:45:42] [5994/13737] ✓ 44536 = 73.0g
[07:45:47] [5995/13737] ✗ 44538 - Bricklink 上不存在该零件
[07:45:52] [5996/13737] ✓ 44542 = 11.0g
[07:45:57] [5997/13737] ✓ 4455 = 37.3g
[07:46:03] [5998/13737] ✓ 44556 = 84.2g
[07:46:09] [5999/13737] ✓ 4456 = 39.1g
[07:46:15] [6000/13737] ✓ 44567a = 0.52g
[07:46:15] 进度 6000/13737 (43.7%) | 成功 4106 失败 1894 | 成功率 68.4% | 平均 6.7s/个 | 剩余 14.4h
[07:46:21] [6001/13737] ✓ 44567b = 0.52g
[07:46:26] [6002/13737] ✓ 44568 = 1.0g
[07:46:32] [6003/13737] ✓ 44569 = 1.25g
[07:46:39] [6004/13737] ✓ 44570 = 2.28g
[07:46:43] [6005/13737] ✓ 44571 = 3.2g
[07:46:48] [6006/13737] ✓ 44572 = 2.82g
[07:46:53] [6007/13737] ✓ 44589 = 16.0g
[07:46:58] [6008/13737] ✓ 4459 = 0.19g
[07:47:02] [6009/13737] ✓ 44591 = 16.0g
[07:47:06] [6010/13737] ✓ 44592 = 16.0g
[07:47:06] 进度 6010/13737 (43.8%) | 成功 4116 失败 1894 | 成功率 68.5% | 平均 6.7s/个 | 剩余 14.4h
[07:47:11] [6011/13737] ✓ 44594 = 12.0g
[07:47:17] [6012/13737] ✗ 44595 - Bricklink 上不存在该零件
[07:47:23] [6013/13737] ✗ 44600c01 - Bricklink 上不存在该零件
[07:47:29] [6014/13737] ✓ 4460a = 1.7g
[07:47:36] [6015/13737] ✓ 4460b = 1.68g
[07:47:40] [6016/13737] ✓ 4461 = 4.14g
[07:47:45] [6017/13737] ✓ 44610 = 0.9g
[07:47:50] [6018/13737] ✓ 44611 = 14.5g
[07:47:55] [6019/13737] ✓ 44615 = 1.95g
[07:48:00] [6020/13737] ✓ 44617 = 5.1g
[07:48:00] 进度 6020/13737 (43.8%) | 成功 4124 失败 1896 | 成功率 68.5% | 平均 6.7s/个 | 剩余 14.3h
[07:48:05] [6021/13737] ✓ 44619 = 2.44g
[07:48:11] [6022/13737] ✗ 44620 - Bricklink 上不存在该零件
[07:48:14] [6023/13737] ✓ 44621 = 1.24g
[07:48:20] [6024/13737] ✓ 44622 = 1.1g
[07:48:26] [6025/13737] ✓ 44623 = 1.25g
[07:48:32] [6026/13737] ✓ 44624 = 0.86g
[07:48:37] [6027/13737] ✓ 44625 = 0.32g
[07:48:41] [6028/13737] ✓ 4463 = 3.83g
[07:48:47] [6029/13737] ✗ 44657 - 未在页面中找到重量数据
[07:48:52] [6030/13737] ✓ 4466 = 1.64g
[07:48:52] 进度 6030/13737 (43.9%) | 成功 4132 失败 1898 | 成功率 68.5% | 平均 6.7s/个 | 剩余 14.3h
[07:48:58] [6031/13737] ✓ 44661 = 0.81g
[07:49:03] [6032/13737] ✓ 44665 = 20.5g
[07:49:08] [6033/13737] ✓ 44666 = 25.7g
[07:49:13] [6034/13737] ✓ 44669 = 17.84g
[07:49:18] [6035/13737] ✓ 4467 = 1.63g
[07:49:23] [6036/13737] ✓ 44670 = 11.1g
[07:49:28] [6037/13737] ✓ 44671 = 15.0g
[07:49:34] [6038/13737] ✓ 44673 = 17.05g
[07:49:41] [6039/13737] ✓ 44674 = 1.3g
[07:49:47] [6040/13737] ✓ 44675 = 1.0g
[07:49:47] 进度 6040/13737 (44.0%) | 成功 4142 失败 1898 | 成功率 68.6% | 平均 6.7s/个 | 剩余 14.3h
[07:49:53] [6041/13737] ✓ 44676 = 0.38g
[07:50:00] [6042/13737] ✗ 44679 - Bricklink 上不存在该零件
[07:50:04] [6043/13737] ✓ 44680 = 18.0g
[07:50:09] [6044/13737] ✓ 44681 = 106.0g
[07:50:14] [6045/13737] ✓ 44682 = 1.0g
[07:50:18] [6046/13737] ✓ 44683 = 102.0g
[07:50:27] [6047/13737] ✗ 44686 - Bricklink 上不存在该零件
[07:50:33] [6048/13737] ✓ 44688 = 22.31g
[07:50:37] [6049/13737] ✓ 44699 = 6.0g
[07:50:44] [6050/13737] ✗ 44700 - Bricklink 上不存在该零件
[07:50:44] 进度 6050/13737 (44.0%) | 成功 4149 失败 1901 | 成功率 68.6% | 平均 6.7s/个 | 剩余 14.3h
[07:50:48] [6051/13737] ✓ 44709 = 0.42g
[07:50:52] [6052/13737] ✓ 44715 = 11.73g
[07:50:58] [6053/13737] ✓ 44716 = 4.8g
[07:51:04] [6054/13737] ✗ 44718 - Bricklink 上不存在该零件
[07:51:09] [6055/13737] ✓ 4472 = 4.91g
[07:51:15] [6056/13737] ✗ 44723 - Bricklink 上不存在该零件
[07:51:22] [6057/13737] ✓ 44728 = 0.8g
[07:51:28] [6058/13737] ✓ 4474 = 5.35g
[07:51:32] [6059/13737] ✓ 44740 = 0.13g
[07:51:38] [6060/13737] ✓ 4475 = 4.27g
[07:51:38] 进度 6060/13737 (44.1%) | 成功 4157 失败 1903 | 成功率 68.6% | 平均 6.7s/个 | 剩余 14.2h
[07:51:42] [6061/13737] ✓ 44751 = 0.43g
[07:51:46] [6062/13737] ✓ 44756 = 0.59g
[07:51:51] [6063/13737] ✓ 44757 = 2.6g
[07:51:55] [6064/13737] ✓ 44758 = 0.59g
[07:51:59] [6065/13737] ✓ 4476a = 2.34g
[07:52:03] [6066/13737] ✓ 4476b = 2.22g
[07:52:09] [6067/13737] ✓ 4477 = 1.61g
[07:52:13] [6068/13737] ✓ 44771 = 23.53g
[07:52:19] [6069/13737] ✓ 44772 = 15.4g
[07:52:23] [6070/13737] ✓ 44773 = 59.0g
[07:52:23] 进度 6070/13737 (44.2%) | 成功 4167 失败 1903 | 成功率 68.6% | 平均 6.7s/个 | 剩余 14.2h
[07:52:28] [6071/13737] ✓ 44775 = 2.68g
[07:52:35] [6072/13737] ✓ 44777 = 18.8g
[07:52:39] [6073/13737] ✓ 4479 = 0.76g
[07:52:44] [6074/13737] ✓ 44790 = 4.5g
[07:52:48] [6075/13737] ✓ 44791 = 4.0g
[07:52:54] [6076/13737] ✓ 44799 = 2.69g
[07:53:00] [6077/13737] ✓ 44807 = 2.05g
[07:53:05] [6078/13737] ✓ 44808 = 2.44g
[07:53:10] [6079/13737] ✓ 44809 = 0.5g
[07:53:15] [6080/13737] ✗ 4480c01 - Bricklink 上不存在该零件
[07:53:15] 进度 6080/13737 (44.3%) | 成功 4176 失败 1904 | 成功率 68.7% | 平均 6.7s/个 | 剩余 14.2h
[07:53:21] [6081/13737] ✓ 44810 = 3.5g
[07:53:26] [6082/13737] ✓ 44811 = 3.78g
[07:53:31] [6083/13737] ✓ 44812 = 1.14g
[07:53:35] [6084/13737] ✓ 44813 = 2.83g
[07:53:40] [6085/13737] ✓ 44814 = 3.48g
[07:53:46] [6086/13737] ✗ 44815 - Bricklink 上不存在该零件
[07:53:50] [6087/13737] ✓ 44815b = 4.26g
[07:53:56] [6088/13737] ✓ 44816 = 2.5g
[07:54:02] [6089/13737] ✓ 44817 = 2.15g
[07:54:06] [6090/13737] ✓ 44818 = 2.84g
[07:54:06] 进度 6090/13737 (44.3%) | 成功 4185 失败 1905 | 成功率 68.7% | 平均 6.7s/个 | 剩余 14.2h
[07:54:10] [6091/13737] ✓ 44819 = 2.55g
[07:54:15] [6092/13737] ✓ 44822 = 0.88g
[07:54:19] [6093/13737] ✓ 44823 = 74.2g
[07:54:24] [6094/13737] ✗ 4483 - Bricklink 上不存在该零件
[07:54:28] [6095/13737] ✓ 44843 = 4.9g
[07:54:34] [6096/13737] ✓ 44844 = 2.88g
[07:54:40] [6097/13737] ✓ 44845 = 3.0g
[07:54:45] [6098/13737] ✓ 44846 = 2.9g
[07:54:51] [6099/13737] ✓ 44847 = 2.54g
[07:54:55] [6100/13737] ✓ 44848 = 2.08g
[07:54:55] 进度 6100/13737 (44.4%) | 成功 4194 失败 1906 | 成功率 68.8% | 平均 6.7s/个 | 剩余 14.1h
[07:55:00] [6101/13737] ✓ 44849 = 15.5g
[07:55:05] [6102/13737] ✓ 4485 = 0.37g
[07:55:10] [6103/13737] ✓ 44850 = 1.11g
[07:55:18] [6104/13737] ✓ 44851 = 1.49g
[07:55:26] [6105/13737] ✗ 44852 - Bricklink 上不存在该零件
[07:55:31] [6106/13737] ✓ 44855a = 1.42g
[07:55:35] [6107/13737] ✓ 44855b = 1.58g
[07:55:41] [6108/13737] ✓ 44855c = 1.58g
[07:55:47] [6109/13737] ✗ 44856 - Bricklink 上不存在该零件
[07:55:53] [6110/13737] ✓ 44861 = 0.4g
[07:55:53] 进度 6110/13737 (44.5%) | 成功 4202 失败 1908 | 成功率 68.8% | 平均 6.7s/个 | 剩余 14.1h
[07:56:01] [6111/13737] ✓ 44865 = 0.96g
[07:56:08] [6112/13737] ✗ 44874 - Bricklink 上不存在该零件
[07:56:12] [6113/13737] ✓ 4488 = 1.18g
[07:56:19] [6114/13737] ✓ 4489a = 1.42g
[07:56:23] [6115/13737] ✓ 4489b = 1.38g
[07:56:30] [6116/13737] ✓ 4490 = 1.03g
[07:56:36] [6117/13737] ✗ 44901 - Bricklink 上不存在该零件
[07:56:42] [6118/13737] ✗ 44903c02 - Bricklink 上不存在该零件
[07:56:46] [6119/13737] ✓ 4491a = 1.53g
[07:56:51] [6120/13737] ✓ 4491b = 1.57g
[07:56:51] 进度 6120/13737 (44.6%) | 成功 4209 失败 1911 | 成功率 68.8% | 平均 6.7s/个 | 剩余 14.1h
[07:56:57] [6121/13737] ✗ 4492 - Bricklink 上不存在该零件
[07:57:01] [6122/13737] ✓ 44936 = 2.2g
[07:57:07] [6123/13737] ✓ 44937 = 2.36g
[07:57:13] [6124/13737] ✓ 44938 = 2.04g
[07:57:19] [6125/13737] ✗ 4493852 - Bricklink 上不存在该零件
[07:57:25] [6126/13737] ✗ 44944 - Bricklink 上不存在该零件
[07:57:31] [6127/13737] ✓ 4495a = 0.37g
[07:57:37] [6128/13737] ✓ 4495b = 0.37g
[07:57:41] [6129/13737] ✓ 4496 = 0.58g
[07:57:47] [6130/13737] ✓ 4497 = 0.4g
[07:57:47] 进度 6130/13737 (44.6%) | 成功 4216 失败 1914 | 成功率 68.8% | 平均 6.7s/个 | 剩余 14.1h
[07:57:53] [6131/13737] ✗ 44970 - Bricklink 上不存在该零件
[07:57:57] [6132/13737] ✓ 4498 = 0.37g
[07:58:01] [6133/13737] ✓ 4499 = 0.33g
[07:58:06] [6134/13737] ✓ 4500 = 3.99g
[07:58:12] [6135/13737] ✗ 4503 - Bricklink 上不存在该零件
[07:58:16] [6136/13737] ✓ 45039c01 = 98.4g
[07:58:21] [6137/13737] ✓ 4504 = 1.1g
[07:58:26] [6138/13737] ✓ 4505 = 0.52g
[07:58:29] [6139/13737] ✓ 4506 = 0.46g
[07:58:34] [6140/13737] ✓ 4507 = 1.13g
[07:58:34] 进度 6140/13737 (44.7%) | 成功 4224 失败 1916 | 成功率 68.8% | 平均 6.7s/个 | 剩余 14.1h
[07:58:39] [6141/13737] ✗ 45075c02 - 未在页面中找到重量数据
[07:58:45] [6142/13737] ✓ 4509 = 4.76g
[07:58:51] [6143/13737] ✓ 4510 = 1.8g
[07:59:00] [6144/13737] ✓ 4511 = 4.5g
[07:59:06] [6145/13737] ✓ 45117c01 = 33.55g
[07:59:11] [6146/13737] ✗ 4512 - Bricklink 上不存在该零件
[07:59:17] [6147/13737] ✗ 45124 - Bricklink 上不存在该零件
[07:59:22] [6148/13737] ✓ 45125 = 5.0g
[07:59:29] [6149/13737] ✗ 45138c01 - Bricklink 上不存在该零件
[07:59:35] [6150/13737] ✓ 4514 = 0.66g
[07:59:35] 进度 6150/13737 (44.8%) | 成功 4230 失败 1920 | 成功率 68.8% | 平均 6.7s/个 | 剩余 14.0h
[07:59:39] [6151/13737] ✓ 45141 = 8.0g
[07:59:44] [6152/13737] ✓ 45146 = 15.0g
[07:59:48] [6153/13737] ✓ 4514c01 = 672.0g
[07:59:53] [6154/13737] ✓ 4514c02 = 508.0g
[07:59:59] [6155/13737] ✓ 4515 = 7.1g
[08:00:05] [6156/13737] ✓ 4517 = 2.4g
[08:00:10] [6157/13737] ✓ 45179 = 6.5g
[08:00:14] [6158/13737] ✓ 45183 = 1.3g
[08:00:21] [6159/13737] ✗ 45186 - Bricklink 上不存在该零件
[08:00:27] [6160/13737] ✓ 4518a = 2.0g
[08:00:27] 进度 6160/13737 (44.8%) | 成功 4239 失败 1921 | 成功率 68.8% | 平均 6.7s/个 | 剩余 14.0h
[08:00:33] [6161/13737] ✓ 4518ac01 = 8.35g
[08:00:40] [6162/13737] ✓ 4518b = 3.13g
[08:00:45] [6163/13737] ✓ 4518bc01 = 6.9g
[08:00:51] [6164/13737] ✓ 4518bc02 = 6.9g
[08:00:56] [6165/13737] ✓ 4518c = 3.25g
[08:01:02] [6166/13737] ✓ 4519 = 0.43g
[08:01:08] [6167/13737] ✗ 4519599 - Bricklink 上不存在该零件
[08:01:15] [6168/13737] ✗ 45202 - Bricklink 上不存在该零件
[08:01:20] [6169/13737] ✗ 45205 - Bricklink 上不存在该零件
[08:01:25] [6170/13737] ✓ 45209 = 13.43g
[08:01:25] 进度 6170/13737 (44.9%) | 成功 4246 失败 1924 | 成功率 68.8% | 平均 6.7s/个 | 剩余 14.0h
[08:01:29] [6171/13737] ✓ 45212c01 = 14.72g
[08:01:33] [6172/13737] ✓ 45215 = 8.6g
[08:01:39] [6173/13737] ✓ 45216 = 16.87g
[08:01:44] [6174/13737] ✓ 45217 = 17.0g
[08:01:51] [6175/13737] ✗ 45219c01 - Bricklink 上不存在该零件
[08:01:56] [6176/13737] ✗ 45219c02 - Bricklink 上不存在该零件
[08:02:03] [6177/13737] ✗ 45219c03 - Bricklink 上不存在该零件
[08:02:10] [6178/13737] ✗ 45219c04 - Bricklink 上不存在该零件
[08:02:15] [6179/13737] ✓ 4522 = 0.28g
[08:02:21] [6180/13737] ✓ 4523 = 0.67g
[08:02:21] 进度 6180/13737 (45.0%) | 成功 4252 失败 1928 | 成功率 68.8% | 平均 6.7s/个 | 剩余 14.0h
[08:02:25] [6181/13737] ✓ 4524 = 0.21g
[08:02:30] [6182/13737] ✓ 4526 = 7.66g
[08:02:35] [6183/13737] ✓ 4527 = 4.08g
[08:02:41] [6184/13737] ✓ 45274 = 2.5g
[08:02:46] [6185/13737] ✓ 45275 = 2.0g
[08:02:51] [6186/13737] ✓ 45276 = 2.27g
[08:02:55] [6187/13737] ✓ 4528 = 0.32g
[08:03:01] [6188/13737] ✓ 4529 = 0.42g
[08:03:06] [6189/13737] ✓ 4530 = 0.34g
[08:03:12] [6190/13737] ✓ 45301 = 9.0g
[08:03:12] 进度 6190/13737 (45.1%) | 成功 4262 失败 1928 | 成功率 68.9% | 平均 6.7s/个 | 剩余 13.9h
[08:03:17] [6191/13737] ✓ 4531 = 0.43g
[08:03:23] [6192/13737] ✗ 4532 - Bricklink 上不存在该零件
[08:03:28] [6193/13737] ✓ 4533 = 0.43g
[08:03:35] [6194/13737] ✗ 45337c01 - Bricklink 上不存在该零件
[08:03:41] [6195/13737] ✗ 45337c02 - Bricklink 上不存在该零件
[08:03:45] [6196/13737] ✓ 4534 = 4.0g
[08:03:51] [6197/13737] ✓ 4535 = 0.95g
[08:03:55] [6198/13737] ✓ 4536 = 0.45g
[08:04:01] [6199/13737] ✓ 45360c01 = 5.58g
[08:04:05] [6200/13737] ✓ 4537 = 22.0g
[08:04:05] 进度 6200/13737 (45.1%) | 成功 4269 失败 1931 | 成功率 68.9% | 平均 6.6s/个 | 剩余 13.9h
[08:04:10] [6201/13737] ✓ 45399 = 16.7g
[08:04:14] [6202/13737] ✓ 453a = 1.51g
[08:04:20] [6203/13737] ✓ 453ac01 = 1.7g
[08:04:25] [6204/13737] ✓ 453b = 1.5g
[08:04:30] [6205/13737] ✓ 453bc01 = 1.54g
[08:04:35] [6206/13737] ✓ 453c = 1.0g
[08:04:40] [6207/13737] ✗ 453cc01 - Bricklink 上不存在该零件
[08:04:47] [6208/13737] ✗ 453d - Bricklink 上不存在该零件
[08:04:53] [6209/13737] ✓ 45400 = 40.0g
[08:04:58] [6210/13737] ✓ 45403 = 15.4g
[08:04:58] 进度 6210/13737 (45.2%) | 成功 4277 失败 1933 | 成功率 68.9% | 平均 6.6s/个 | 剩余 13.9h
[08:05:06] [6211/13737] ✓ 45403c01 = 16.0g
[08:05:11] [6212/13737] ✓ 45405 = 28.0g
[08:05:15] [6213/13737] ✓ 45406 = 5.5g
[08:05:21] [6214/13737] ✓ 45407 = 8.0g
[08:05:26] [6215/13737] ✓ 45408 = 3.08g
[08:05:32] [6216/13737] ✗ 4540866 - Bricklink 上不存在该零件
[08:05:38] [6217/13737] ✗ 45409 - Bricklink 上不存在该零件
[08:05:44] [6218/13737] ✓ 45410 = 12.48g
[08:05:49] [6219/13737] ✓ 45411 = 13.5g
[08:05:54] [6220/13737] ✓ 4542 = 7.0g
[08:05:54] 进度 6220/13737 (45.3%) | 成功 4285 失败 1935 | 成功率 68.9% | 平均 6.6s/个 | 剩余 13.9h
[08:05:58] [6221/13737] ✓ 45425 = 3.5g
[08:06:04] [6222/13737] ✓ 4543 = 6.0g
[08:06:10] [6223/13737] ✓ 4544 = 15.0g
[08:06:15] [6224/13737] ✓ 45449 = 0.22g
[08:06:22] [6225/13737] ✗ 4544a - Bricklink 上不存在该零件
[08:06:27] [6226/13737] ✓ 45450 = 0.22g
[08:06:31] [6227/13737] ✓ 45451 = 0.31g
[08:06:36] [6228/13737] ✓ 45452 = 0.31g
[08:06:40] [6229/13737] ✓ 45453 = 0.2g
[08:06:44] [6230/13737] ✓ 45453c01 = 0.2g
[08:06:44] 进度 6230/13737 (45.4%) | 成功 4294 失败 1936 | 成功率 68.9% | 平均 6.6s/个 | 剩余 13.9h
[08:06:49] [6231/13737] ✓ 45453c02 = 0.22g
[08:06:54] [6232/13737] ✓ 45455 = 0.36g
[08:06:59] [6233/13737] ✓ 45455c01 = 0.37g
[08:07:04] [6234/13737] ✓ 45455c02 = 0.36g
[08:07:08] [6235/13737] ✓ 45456 = 0.21g
[08:07:13] [6236/13737] ✓ 45457 = 0.37g
[08:07:19] [6237/13737] ✓ 45458 = 0.37g
[08:07:23] [6238/13737] ✓ 45462 = 0.38g
[08:07:29] [6239/13737] ✓ 45463 = 0.2g
[08:07:34] [6240/13737] ✓ 45464 = 0.58g
[08:07:34] 进度 6240/13737 (45.4%) | 成功 4304 失败 1936 | 成功率 69.0% | 平均 6.6s/个 | 剩余 13.8h
[08:07:39] [6241/13737] ✓ 45466 = 0.42g
[08:07:44] [6242/13737] ✓ 45467 = 0.21g
[08:07:50] [6243/13737] ✗ 45469a - Bricklink 上不存在该零件
[08:07:56] [6244/13737] ✗ 45469b - Bricklink 上不存在该零件
[08:08:02] [6245/13737] ✓ 45471 = 0.16g
[08:08:07] [6246/13737] ✓ 45472 = 0.2g
[08:08:13] [6247/13737] ✗ 4547215 - Bricklink 上不存在该零件
[08:08:19] [6248/13737] ✗ 4547216 - Bricklink 上不存在该零件
[08:08:23] [6249/13737] ✓ 45473 = 0.2g
[08:08:29] [6250/13737] ✓ 45474 = 0.18g
[08:08:29] 进度 6250/13737 (45.5%) | 成功 4310 失败 1940 | 成功率 69.0% | 平均 6.6s/个 | 剩余 13.8h
[08:08:36] [6251/13737] ✓ 45475 = 0.16g
[08:08:42] [6252/13737] ✓ 4548 = 23.0g
[08:08:46] [6253/13737] ✓ 45481 = 0.61g
[08:08:50] [6254/13737] ✓ 45486 = 0.65g
[08:08:55] [6255/13737] ✓ 4549 = 12.0g
[08:08:59] [6256/13737] ✓ 45492 = 310.58g
[08:09:04] [6257/13737] ✓ 45493 = 10.07g
[08:09:09] [6258/13737] ✓ 45494 = 13.5g
[08:09:13] [6259/13737] ✓ 45495 = 19.53g
[08:09:19] [6260/13737] ✓ 45496 = 40.1g
[08:09:19] 进度 6260/13737 (45.6%) | 成功 4320 失败 1940 | 成功率 69.0% | 平均 6.6s/个 | 剩余 13.8h
[08:09:24] [6261/13737] ✓ 45497 = 3.56g
[08:09:29] [6262/13737] ✓ 45498 = 3.26g
[08:09:34] [6263/13737] ✓ 45499 = 0.32g
[08:09:41] [6264/13737] ✗ 455 - Bricklink 上不存在该零件
[08:09:45] [6265/13737] ✓ 4550 = 6.0g
[08:09:50] [6266/13737] ✗ 45517 - Bricklink 上不存在该零件
[08:09:56] [6267/13737] ✓ 45522 = 4.66g
[08:10:01] [6268/13737] ✗ 45533 - Bricklink 上不存在该零件
[08:10:07] [6269/13737] ✓ 45535a = 2.12g
[08:10:11] [6270/13737] ✓ 45535b = 1.54g
[08:10:11] 进度 6270/13737 (45.6%) | 成功 4327 失败 1943 | 成功率 69.0% | 平均 6.6s/个 | 剩余 13.8h
[08:10:15] [6271/13737] ✓ 45535c = 1.58g
[08:10:20] [6272/13737] ✓ 45541 = 320.1g
[08:10:27] [6273/13737] ✗ 45544bc - Bricklink 上不存在该零件
[08:10:31] [6274/13737] ✓ 45568 = 8.0g
[08:10:37] [6275/13737] ✓ 45571 = 11.24g
[08:10:43] [6276/13737] ✓ 45573 = 5.22g
[08:10:49] [6277/13737] ✓ 45574 = 4.0g
[08:10:55] [6278/13737] ✓ 45575 = 1.1g
[08:11:02] [6279/13737] ✗ 4558560 - Bricklink 上不存在该零件
[08:11:08] [6280/13737] ✓ 45590 = 0.59g
[08:11:08] 进度 6280/13737 (45.7%) | 成功 4335 失败 1945 | 成功率 69.0% | 平均 6.6s/个 | 剩余 13.7h
[08:11:12] [6281/13737] ✓ 4559c01 = 38.0g
[08:11:17] [6282/13737] ✓ 4559c02 = 37.0g
[08:11:23] [6283/13737] ✗ 45601 - Bricklink 上不存在该零件
[08:11:29] [6284/13737] ✓ 4562 = 29.0g
[08:11:36] [6285/13737] ✗ 4562027 - Bricklink 上不存在该零件
[08:11:41] [6286/13737] ✓ 4563 = 25.0g
[08:11:46] [6287/13737] ✓ 45677 = 2.67g
[08:11:51] [6288/13737] ✓ 4567c01 = 38.0g
[08:11:56] [6289/13737] ✓ 4567c02 = 14.0g
[08:12:02] [6290/13737] ✓ 4567c03 = 36.4g
[08:12:02] 进度 6290/13737 (45.8%) | 成功 4343 失败 1947 | 成功率 69.0% | 平均 6.6s/个 | 剩余 13.7h
[08:12:09] [6291/13737] ✓ 4569 = 1.2g
[08:12:15] [6292/13737] ✗ 457 - Bricklink 上不存在该零件
[08:12:19] [6293/13737] ✓ 45705 = 8.1g
[08:12:25] [6294/13737] ✗ 45706 - Bricklink 上不存在该零件
[08:12:31] [6295/13737] ✗ 45707a - Bricklink 上不存在该零件
[08:12:36] [6296/13737] ✓ 45707b = 4.0g
[08:12:41] [6297/13737] ✓ 45708 = 4.25g
[08:12:47] [6298/13737] ✓ 4570c01 = 10.0g
[08:12:52] [6299/13737] ✓ 4570c02 = 18.0g
[08:12:58] [6300/13737] ✗ 45711 - Bricklink 上不存在该零件
[08:12:58] 进度 6300/13737 (45.9%) | 成功 4349 失败 1951 | 成功率 69.0% | 平均 6.6s/个 | 剩余 13.7h
[08:13:05] [6301/13737] ✗ 45711a - Bricklink 上不存在该零件
[08:13:11] [6302/13737] ✗ 45711b - Bricklink 上不存在该零件
[08:13:18] [6303/13737] ✗ 45711c - Bricklink 上不存在该零件
[08:13:25] [6304/13737] ✗ 45711d - Bricklink 上不存在该零件
[08:13:30] [6305/13737] ✗ 45711e - Bricklink 上不存在该零件
[08:13:36] [6306/13737] ✗ 45719a - Bricklink 上不存在该零件
[08:13:43] [6307/13737] ✗ 45719b - Bricklink 上不存在该零件
[08:13:49] [6308/13737] ✗ 45719c - Bricklink 上不存在该零件
[08:13:55] [6309/13737] ✗ 45719d - Bricklink 上不存在该零件
[08:14:02] [6310/13737] ✗ 45719e - Bricklink 上不存在该零件
[08:14:02] 进度 6310/13737 (45.9%) | 成功 4349 失败 1961 | 成功率 68.9% | 平均 6.6s/个 | 剩余 13.7h
[08:14:08] [6311/13737] ✗ 45719f - Bricklink 上不存在该零件
[08:14:13] [6312/13737] ✗ 45719g - Bricklink 上不存在该零件
[08:14:19] [6313/13737] ✓ 4572 = 1.82g
[08:14:25] [6314/13737] ✗ 45721 - Bricklink 上不存在该零件
[08:14:32] [6315/13737] ✗ 45721a - Bricklink 上不存在该零件
[08:14:38] [6316/13737] ✗ 45721b - Bricklink 上不存在该零件
[08:14:44] [6317/13737] ✗ 45721c - Bricklink 上不存在该零件
[08:14:50] [6318/13737] ✓ 45721c01 = 29.5g
[08:14:53] [6319/13737] ✓ 45730 = 0.27g
[08:14:59] [6320/13737] ✗ 45746 - 未在页面中找到重量数据
[08:14:59] 进度 6320/13737 (46.0%) | 成功 4352 失败 1968 | 成功率 68.9% | 平均 6.6s/个 | 剩余 13.7h
[08:15:04] [6321/13737] ✓ 45749 = 3.8g
[08:15:11] [6322/13737] ✗ 4575 - Bricklink 上不存在该零件
[08:15:16] [6323/13737] ✓ 45751c01 = 10.0g
[08:15:22] [6324/13737] ✗ 45751c02 - Bricklink 上不存在该零件
[08:15:27] [6325/13737] ✗ 45751c03 - Bricklink 上不存在该零件
[08:15:31] [6326/13737] ✓ 45756 = 0.28g
[08:15:35] [6327/13737] ✓ 45759 = 1.64g
[08:15:41] [6328/13737] ✓ 4576 = 24.0g
[08:15:49] [6329/13737] ✓ 4577 = 8.0g
[08:15:55] [6330/13737] ✓ 45783 = 12.0g
[08:15:55] 进度 6330/13737 (46.1%) | 成功 4359 失败 1971 | 成功率 68.9% | 平均 6.6s/个 | 剩余 13.6h
[08:16:00] [6331/13737] ✓ 45784 = 8.0g
[08:16:05] [6332/13737] ✓ 45785 = 12.0g
[08:16:11] [6333/13737] ✓ 45786 = 8.0g
[08:16:15] [6334/13737] ✓ 45793c01 = 74.0g
[08:16:21] [6335/13737] ✓ 45793c02 = 74.0g
[08:16:26] [6336/13737] ✓ 45799 = 1.12g
[08:16:32] [6337/13737] ✗ 458 - Bricklink 上不存在该零件
[08:16:40] [6338/13737] ✓ 45803 = 6.0g
[08:16:44] [6339/13737] ✓ 45805c01 = 454.0g
[08:16:50] [6340/13737] ✓ 45805c02 = 454.0g
[08:16:50] 进度 6340/13737 (46.2%) | 成功 4368 失败 1972 | 成功率 68.9% | 平均 6.6s/个 | 剩余 13.6h
[08:16:55] [6341/13737] ✓ 4580c01 = 47.58g
[08:17:00] [6342/13737] ✓ 4580c03 = 47.58g
[08:17:04] [6343/13737] ✓ 4580c04 = 47.58g
[08:17:08] [6344/13737] ✓ 4580c05 = 41.0g
[08:17:14] [6345/13737] ✓ 4580c06 = 47.58g
[08:17:18] [6346/13737] ✓ 4580c07 = 46.0g
[08:17:24] [6347/13737] ✓ 4580c08 = 48.0g
[08:17:31] [6348/13737] ✗ 4582310 - Bricklink 上不存在该零件
[08:17:37] [6349/13737] ✗ 4582311 - Bricklink 上不存在该零件
[08:17:43] [6350/13737] ✗ 4582312 - Bricklink 上不存在该零件
[08:17:43] 进度 6350/13737 (46.2%) | 成功 4375 失败 1975 | 成功率 68.9% | 平均 6.6s/个 | 剩余 13.6h
[08:17:48] [6351/13737] ✗ 4582314 - Bricklink 上不存在该零件
[08:17:54] [6352/13737] ✗ 4582315 - Bricklink 上不存在该零件
[08:18:01] [6353/13737] ✗ 4582316 - Bricklink 上不存在该零件
[08:18:07] [6354/13737] ✗ 4582317 - Bricklink 上不存在该零件
[08:18:12] [6355/13737] ✗ 4582331 - Bricklink 上不存在该零件
[08:18:19] [6356/13737] ✗ 4582332 - Bricklink 上不存在该零件
[08:18:24] [6357/13737] ✗ 4582333 - Bricklink 上不存在该零件
[08:18:31] [6358/13737] ✗ 4582334 - Bricklink 上不存在该零件
[08:18:37] [6359/13737] ✗ 4582335 - Bricklink 上不存在该零件
[08:18:41] [6360/13737] ✗ 4582336 - Bricklink 上不存在该零件
[08:18:41] 进度 6360/13737 (46.3%) | 成功 4375 失败 1985 | 成功率 68.8% | 平均 6.6s/个 | 剩余 13.6h
[08:18:48] [6361/13737] ✗ 4582337 - Bricklink 上不存在该零件
[08:18:54] [6362/13737] ✗ 4582339 - Bricklink 上不存在该零件
[08:19:00] [6363/13737] ✗ 4582341 - Bricklink 上不存在该零件
[08:19:05] [6364/13737] ✗ 4582342 - Bricklink 上不存在该零件
[08:19:12] [6365/13737] ✗ 4582343 - Bricklink 上不存在该零件
[08:19:17] [6366/13737] ✓ 4585 = 0.61g
[08:19:23] [6367/13737] ✓ 4586 = 1.04g
[08:19:27] [6368/13737] ✓ 4587 = 1.9g
[08:19:32] [6369/13737] ✓ 4588 = 0.62g
[08:19:40] [6370/13737] ✓ 4589 = 0.26g
[08:19:40] 进度 6370/13737 (46.4%) | 成功 4380 失败 1990 | 成功率 68.8% | 平均 6.6s/个 | 剩余 13.5h
[08:19:45] [6371/13737] ✗ 45896 - Bricklink 上不存在该零件
[08:19:51] [6372/13737] ✓ 4590 = 0.74g
[08:19:56] [6373/13737] ✓ 4591 = 2.58g
[08:20:02] [6374/13737] ✓ 45917 = 1.62g
[08:20:08] [6375/13737] ✓ 45918 = 0.35g
[08:20:16] [6376/13737] ✓ 4592 = 0.09g
[08:20:20] [6377/13737] ✓ 4593 = 0.06g
[08:20:27] [6378/13737] ✓ 4594 = 3.06g
[08:20:32] [6379/13737] ✓ 4595 = 0.68g
[08:20:38] [6380/13737] ✓ 45950 = 7.89g
[08:20:38] 进度 6380/13737 (46.4%) | 成功 4389 失败 1991 | 成功率 68.8% | 平均 6.6s/个 | 剩余 13.5h
[08:20:43] [6381/13737] ✓ 45951 = 2.4g
[08:20:48] [6382/13737] ✓ 4596 = 1.0g
[08:20:54] [6383/13737] ✓ 4597 = 9.13g
[08:21:00] [6384/13737] ✓ 4598 = 1.87g
[08:21:04] [6385/13737] ✓ 45982 = 31.3g
[08:21:10] [6386/13737] ✓ 4599a = 0.19g
[08:21:16] [6387/13737] ✓ 4599b = 0.21g
[08:21:20] [6388/13737] ✓ 4600 = 0.82g
[08:21:25] [6389/13737] ✗ 46038 - Bricklink 上不存在该零件
[08:21:30] [6390/13737] ✓ 4607 = 7.0g
[08:21:30] 进度 6390/13737 (46.5%) | 成功 4398 失败 1992 | 成功率 68.8% | 平均 6.6s/个 | 剩余 13.5h
[08:21:35] [6391/13737] ✓ 4608 = 5.0g
[08:21:41] [6392/13737] ✗ 46085 - Bricklink 上不存在该零件
[08:21:46] [6393/13737] ✗ 46086 - 未在页面中找到重量数据
[08:21:51] [6394/13737] ✗ 46087 - 未在页面中找到重量数据
[08:21:56] [6395/13737] ✗ 46088 - Bricklink 上不存在该零件
[08:22:01] [6396/13737] ✗ 46089 - 未在页面中找到重量数据
[08:22:07] [6397/13737] ✓ 4610 = 2.0g
[08:22:12] [6398/13737] ✓ 46103 = 4.0g
[08:22:17] [6399/13737] ✓ 4611 = 3.44g
[08:22:21] [6400/13737] ✓ 4612 = 9.3g
[08:22:21] 进度 6400/13737 (46.6%) | 成功 4403 失败 1997 | 成功率 68.8% | 平均 6.6s/个 | 剩余 13.5h
[08:22:26] [6401/13737] ✗ 4612803 - Bricklink 上不存在该零件
[08:22:32] [6402/13737] ✗ 4613985box - Bricklink 上不存在该零件
[08:22:36] [6403/13737] ✓ 4613c01 = 9.9g
[08:22:41] [6404/13737] ✓ 4614 = 1.2g
[08:22:48] [6405/13737] ✗ 4614555 - Bricklink 上不存在该零件
[08:22:55] [6406/13737] ✗ 46154 - Bricklink 上不存在该零件
[08:22:59] [6407/13737] ✓ 4616 = 5.2g
[08:23:03] [6408/13737] ✓ 4616a = 5.2g
[08:23:08] [6409/13737] ✓ 4616ac01 = 6.67g
[08:23:13] [6410/13737] ✓ 4616b = 5.22g
[08:23:13] 进度 6410/13737 (46.7%) | 成功 4409 失败 2001 | 成功率 68.8% | 平均 6.6s/个 | 剩余 13.5h
[08:23:18] [6411/13737] ✓ 4617 = 1.4g
[08:23:22] [6412/13737] ✓ 4617a = 1.4g
[08:23:29] [6413/13737] ✗ 4617b - Bricklink 上不存在该零件
[08:23:34] [6414/13737] ✗ 4618 - Bricklink 上不存在该零件
[08:23:39] [6415/13737] ✗ 46189 - Bricklink 上不存在该零件
[08:23:44] [6416/13737] ✓ 4618c01 = 6.3g
[08:23:48] [6417/13737] ✗ 46191 - 未在页面中找到重量数据
[08:23:54] [6418/13737] ✓ 46192 = 22.0g
[08:24:00] [6419/13737] ✗ 46212 - Bricklink 上不存在该零件
[08:24:06] [6420/13737] ✗ 46215c05 - Bricklink 上不存在该零件
[08:24:06] 进度 6420/13737 (46.7%) | 成功 4413 失败 2007 | 成功率 68.7% | 平均 6.6s/个 | 剩余 13.4h
[08:24:12] [6421/13737] ✗ 46215c07 - Bricklink 上不存在该零件
[08:24:21] [6422/13737] ✗ 46215c09 - Bricklink 上不存在该零件
[08:24:27] [6423/13737] ✗ 46215c12 - Bricklink 上不存在该零件
[08:24:33] [6424/13737] ✗ 46224c01 - Bricklink 上不存在该零件
[08:24:40] [6425/13737] ✗ 4623 - Bricklink 上不存在该零件
[08:24:46] [6426/13737] ✓ 4623a = 0.52g
[08:24:51] [6427/13737] ✓ 4624 = 0.22g
[08:24:56] [6428/13737] ✓ 46242 = 3.67g
[08:25:01] [6429/13737] ✓ 46243 = 3.65g
[08:25:07] [6430/13737] ✗ 4624512 - Bricklink 上不存在该零件
[08:25:07] 进度 6430/13737 (46.8%) | 成功 4417 失败 2013 | 成功率 68.7% | 平均 6.6s/个 | 剩余 13.4h
[08:25:12] [6431/13737] ✗ 4624535 - Bricklink 上不存在该零件
[08:25:19] [6432/13737] ✗ 4624599 - Bricklink 上不存在该零件
[08:25:23] [6433/13737] ✓ 4625 = 0.67g
[08:25:29] [6434/13737] ✗ 4625992 - Bricklink 上不存在该零件
[08:25:33] [6435/13737] ✓ 4626 = 1.36g
[08:25:39] [6436/13737] ✓ 4627 = 0.65g
[08:25:45] [6437/13737] ✓ 46277 = 0.22g
[08:25:50] [6438/13737] ✓ 46279 = 0.3g
[08:25:54] [6439/13737] ✓ 46279c01 = 0.22g
[08:25:59] [6440/13737] ✓ 46279c02 = 0.22g
[08:25:59] 进度 6440/13737 (46.9%) | 成功 4424 失败 2016 | 成功率 68.7% | 平均 6.6s/个 | 剩余 13.4h
[08:26:04] [6441/13737] ✓ 46279c03 = 0.22g
[08:26:09] [6442/13737] ✓ 4628 = 0.23g
[08:26:15] [6443/13737] ✓ 46280 = 0.32g
[08:26:19] [6444/13737] ✓ 46281 = 0.36g
[08:26:24] [6445/13737] ✓ 46281c01 = 0.36g
[08:26:30] [6446/13737] ✓ 46282 = 0.21g
[08:26:35] [6447/13737] ✓ 46283 = 0.37g
[08:26:39] [6448/13737] ✓ 46285 = 0.2g
[08:26:43] [6449/13737] ✓ 46286 = 0.31g
[08:26:48] [6450/13737] ✓ 46288 = 0.21g
[08:26:48] 进度 6450/13737 (47.0%) | 成功 4434 失败 2016 | 成功率 68.7% | 平均 6.6s/个 | 剩余 13.4h
[08:26:52] [6451/13737] ✓ 4629 = 0.89g
[08:26:58] [6452/13737] ✓ 46296 = 0.2g
[08:27:03] [6453/13737] ✓ 4629c01 = 1.77g
[08:27:07] [6454/13737] ✓ 46303 = 0.32g
[08:27:12] [6455/13737] ✓ 46304 = 0.16g
[08:27:15] [6456/13737] ✓ 46309 = 1.93g
[08:27:21] [6457/13737] ✓ 46321c01 = 7.79g
[08:27:26] [6458/13737] ✓ 46321c02 = 5.0g
[08:27:31] [6459/13737] ✓ 46321c03 = 8.3g
[08:27:37] [6460/13737] ✓ 46334 = 16.74g
[08:27:37] 进度 6460/13737 (47.0%) | 成功 4444 失败 2016 | 成功率 68.8% | 平均 6.6s/个 | 剩余 13.3h
[08:27:41] [6461/13737] ✓ 46335 = 25.0g
[08:27:47] [6462/13737] ✓ 46342 = 4.0g
[08:27:51] [6463/13737] ✓ 46372 = 2.7g
[08:27:56] [6464/13737] ✓ 46376 = 5.8g
[08:28:02] [6465/13737] ✓ 46391a = 3.26g
[08:28:07] [6466/13737] ✓ 46391b = 3.21g
[08:28:12] [6467/13737] ✓ 46413 = 5.75g
[08:28:17] [6468/13737] ✓ 4643 = 1.06g
[08:28:22] [6469/13737] ✗ 4643534 - Bricklink 上不存在该零件
[08:28:29] [6470/13737] ✗ 4643535 - Bricklink 上不存在该零件
[08:28:29] 进度 6470/13737 (47.1%) | 成功 4452 失败 2018 | 成功率 68.8% | 平均 6.6s/个 | 剩余 13.3h
[08:28:34] [6471/13737] ✗ 4644156 - Bricklink 上不存在该零件
[08:28:39] [6472/13737] ✗ 4644157 - Bricklink 上不存在该零件
[08:28:46] [6473/13737] ✗ 4644158 - Bricklink 上不存在该零件
[08:28:51] [6474/13737] ✗ 4644159 - Bricklink 上不存在该零件
[08:28:57] [6475/13737] ✗ 4644160 - Bricklink 上不存在该零件
[08:29:03] [6476/13737] ✗ 4644163 - Bricklink 上不存在该零件
[08:29:10] [6477/13737] ✗ 4644165 - Bricklink 上不存在该零件
[08:29:15] [6478/13737] ✗ 4644166 - Bricklink 上不存在该零件
[08:29:20] [6479/13737] ✓ 46452 = 10.55g
[08:29:27] [6480/13737] ✗ 46452c01 - Bricklink 上不存在该零件
[08:29:27] 进度 6480/13737 (47.2%) | 成功 4453 失败 2027 | 成功率 68.7% | 平均 6.6s/个 | 剩余 13.3h
[08:29:31] [6481/13737] ✓ 46453 = 12.56g
[08:29:36] [6482/13737] ✓ 46453c01 = 13.05g
[08:29:40] [6483/13737] ✓ 46454 = 6.67g
[08:29:46] [6484/13737] ✗ 46455 - Bricklink 上不存在该零件
[08:29:50] [6485/13737] ✓ 46456 = 5.0g
[08:29:55] [6486/13737] ✓ 4646 = 35.0g
[08:30:01] [6487/13737] ✗ 46461 - Bricklink 上不存在该零件
[08:30:07] [6488/13737] ✗ 46461b - Bricklink 上不存在该零件
[08:30:13] [6489/13737] ✗ 46461c - Bricklink 上不存在该零件
[08:30:19] [6490/13737] ✗ 46462 - Bricklink 上不存在该零件
[08:30:19] 进度 6490/13737 (47.2%) | 成功 4458 失败 2032 | 成功率 68.7% | 平均 6.6s/个 | 剩余 13.3h
[08:30:25] [6491/13737] ✗ 46462b - Bricklink 上不存在该零件
[08:30:30] [6492/13737] ✓ 46464 = 0.12g
[08:30:36] [6493/13737] ✗ 46465 - Bricklink 上不存在该零件
[08:30:42] [6494/13737] ✗ 46465b - Bricklink 上不存在该零件
[08:30:47] [6495/13737] ✓ 46466 = 0.48g
[08:30:52] [6496/13737] ✗ 46467a - Bricklink 上不存在该零件
[08:30:58] [6497/13737] ✗ 46467b - Bricklink 上不存在该零件
[08:31:04] [6498/13737] ✗ 46468a - Bricklink 上不存在该零件
[08:31:10] [6499/13737] ✗ 46468b - Bricklink 上不存在该零件
[08:31:15] [6500/13737] ✗ 46469a - Bricklink 上不存在该零件
[08:31:15] 进度 6500/13737 (47.3%) | 成功 4460 失败 2040 | 成功率 68.6% | 平均 6.6s/个 | 剩余 13.3h
[08:31:21] [6501/13737] ✗ 46469b - Bricklink 上不存在该零件
[08:31:25] [6502/13737] ✓ 4647 = 95.0g
[08:31:31] [6503/13737] ✓ 46470 = 0.53g
[08:31:36] [6504/13737] ✓ 46471 = 0.81g
[08:31:41] [6505/13737] ✓ 46476 = 0.12g
[08:31:48] [6506/13737] ✗ 46477a - Bricklink 上不存在该零件
[08:31:53] [6507/13737] ✗ 46477b - Bricklink 上不存在该零件
[08:31:57] [6508/13737] ✓ 4648 = 76.0g
[08:32:02] [6509/13737] ✓ 4649 = 26.0g
[08:32:08] [6510/13737] ✗ 46490 - Bricklink 上不存在该零件
[08:32:08] 进度 6510/13737 (47.4%) | 成功 4466 失败 2044 | 成功率 68.6% | 平均 6.6s/个 | 剩余 13.2h
[08:32:13] [6511/13737] ✓ 4651886 = 2.5g
[08:32:19] [6512/13737] ✓ 4652 = 3.93g
[08:32:24] [6513/13737] ✗ 46524 - Bricklink 上不存在该零件
[08:32:30] [6514/13737] ✓ 4653 = 4.0g
[08:32:35] [6515/13737] ✗ 46533 - Bricklink 上不存在该零件
[08:32:42] [6516/13737] ✗ 46537 - Bricklink 上不存在该零件
[08:32:47] [6517/13737] ✓ 4653c01 = 7.99g
[08:32:52] [6518/13737] ✓ 4653c02 = 8.05g
[08:32:57] [6519/13737] ✗ 4653c03 - Bricklink 上不存在该零件
[08:33:02] [6520/13737] ✓ 4654 = 5.0g
[08:33:02] 进度 6520/13737 (47.5%) | 成功 4472 失败 2048 | 成功率 68.6% | 平均 6.6s/个 | 剩余 13.2h
[08:33:07] [6521/13737] ✓ 4655 = 7.0g
[08:33:12] [6522/13737] ✗ 46553 - Bricklink 上不存在该零件
[08:33:18] [6523/13737] ✓ 4657 = 3.41g
[08:33:25] [6524/13737] ✗ 46576b - Bricklink 上不存在该零件
[08:33:30] [6525/13737] ✗ 46576d - Bricklink 上不存在该零件
[08:33:36] [6526/13737] ✗ 46577c - Bricklink 上不存在该零件
[08:33:41] [6527/13737] ✗ 46578 - Bricklink 上不存在该零件
[08:33:47] [6528/13737] ✗ 46578b - Bricklink 上不存在该零件
[08:33:54] [6529/13737] ✓ 4658 = 3.24g
[08:34:02] [6530/13737] ✗ 46580a - Bricklink 上不存在该零件
[08:34:02] 进度 6530/13737 (47.5%) | 成功 4475 失败 2055 | 成功率 68.5% | 平均 6.6s/个 | 剩余 13.2h
[08:34:08] [6531/13737] ✗ 46580c - Bricklink 上不存在该零件
[08:34:15] [6532/13737] ✗ 46580e - Bricklink 上不存在该零件
[08:34:21] [6533/13737] ✗ 46581a - Bricklink 上不存在该零件
[08:34:26] [6534/13737] ✗ 46581b - Bricklink 上不存在该零件
[08:34:32] [6535/13737] ✗ 46581c - Bricklink 上不存在该零件
[08:34:39] [6536/13737] ✗ 46581d - Bricklink 上不存在该零件
[08:34:44] [6537/13737] ✗ 46582a - Bricklink 上不存在该零件
[08:34:50] [6538/13737] ✗ 46582b - Bricklink 上不存在该零件
[08:34:57] [6539/13737] ✗ 46582c - Bricklink 上不存在该零件
[08:35:02] [6540/13737] ✓ 46589c01 = 0.68g
[08:35:02] 进度 6540/13737 (47.6%) | 成功 4476 失败 2064 | 成功率 68.4% | 平均 6.6s/个 | 剩余 13.2h
[08:35:06] [6541/13737] ✓ 46589c02 = 0.66g
[08:35:11] [6542/13737] ✓ 46589c03 = 0.65g
[08:35:16] [6543/13737] ✓ 46589c04 = 0.68g
[08:35:21] [6544/13737] ✓ 46589c05 = 0.66g
[08:35:27] [6545/13737] ✗ 4659758box - Bricklink 上不存在该零件
[08:35:31] [6546/13737] ✓ 4659c01 = 24.0g
[08:35:36] [6547/13737] ✓ 46605 = 6.0g
[08:35:41] [6548/13737] ✓ 46606 = 0.68g
[08:35:46] [6549/13737] ✓ 46607 = 0.11g
[08:35:51] [6550/13737] ✗ 46608 - Bricklink 上不存在该零件
[08:35:51] 进度 6550/13737 (47.7%) | 成功 4484 失败 2066 | 成功率 68.5% | 平均 6.6s/个 | 剩余 13.1h
[08:35:58] [6551/13737] ✗ 46608c02 - Bricklink 上不存在该零件
[08:36:03] [6552/13737] ✓ 46614 = 92.05g
[08:36:07] [6553/13737] ✓ 46615 = 103.0g
[08:36:12] [6554/13737] ✓ 46616 = 117.0g
[08:36:18] [6555/13737] ✓ 46618 = 4.1g
[08:36:23] [6556/13737] ✓ 46619 = 0.54g
[08:36:28] [6557/13737] ✓ 4662 = 3.08g
[08:36:32] [6558/13737] ✓ 46620 = 0.55g
[08:36:38] [6559/13737] ✗ 46621 - Bricklink 上不存在该零件
[08:36:45] [6560/13737] ✗ 4662107 - Bricklink 上不存在该零件
[08:36:45] 进度 6560/13737 (47.8%) | 成功 4491 失败 2069 | 成功率 68.5% | 平均 6.6s/个 | 剩余 13.1h
[08:36:51] [6561/13737] ✗ 4662108 - Bricklink 上不存在该零件
[08:36:56] [6562/13737] ✗ 4662109 - Bricklink 上不存在该零件
[08:37:03] [6563/13737] ✗ 46621r - Bricklink 上不存在该零件
[08:37:07] [6564/13737] ✓ 4664 = 60.0g
[08:37:13] [6565/13737] ✓ 4665 = 9.0g
[08:37:19] [6566/13737] ✗ 46652 - Bricklink 上不存在该零件
[08:37:25] [6567/13737] ✗ 4666342 - Bricklink 上不存在该零件
[08:37:31] [6568/13737] ✗ 46667 - Bricklink 上不存在该零件
[08:37:38] [6569/13737] ✗ 46668 - Bricklink 上不存在该零件
[08:37:43] [6570/13737] ✓ 4666c01 = 65.21g
[08:37:43] 进度 6570/13737 (47.8%) | 成功 4494 失败 2076 | 成功率 68.4% | 平均 6.6s/个 | 剩余 13.1h
[08:37:48] [6571/13737] ✗ 4667292 - Bricklink 上不存在该零件
[08:37:52] [6572/13737] ✓ 46679 = 0.23g
[08:37:57] [6573/13737] ✓ 4668 = 6.51g
[08:38:03] [6574/13737] ✗ 46680 - Bricklink 上不存在该零件
[08:38:09] [6575/13737] ✗ 4669 - Bricklink 上不存在该零件
[08:38:14] [6576/13737] ✓ 4670 = 262.8g
[08:38:19] [6577/13737] ✓ 4671 = 30.2g
[08:38:24] [6578/13737] ✓ 4672 = 28.2g
[08:38:29] [6579/13737] ✓ 46768 = 0.66g
[08:38:36] [6580/13737] ✗ 4677c01 - Bricklink 上不存在该零件
[08:38:36] 进度 6580/13737 (47.9%) | 成功 4500 失败 2080 | 成功率 68.4% | 平均 6.6s/个 | 剩余 13.1h
[08:38:41] [6581/13737] ✗ 4677c02 - Bricklink 上不存在该零件
[08:38:45] [6582/13737] ✗ 4677c03 - Bricklink 上不存在该零件
[08:38:50] [6583/13737] ✗ 4677c04 - Bricklink 上不存在该零件
[08:38:56] [6584/13737] ✓ 46825 = 1.05g
[08:39:01] [6585/13737] ✓ 46826c01 = 0.8g
[08:39:06] [6586/13737] ✓ 46827c01 = 1.02g
[08:39:10] [6587/13737] ✓ 46827c02 = 0.97g
[08:39:15] [6588/13737] ✓ 46827c03 = 1.04g
[08:39:20] [6589/13737] ✓ 46827c04 = 1.0g
[08:39:27] [6590/13737] ✗ 46827c05 - Bricklink 上不存在该零件
[08:39:27] 进度 6590/13737 (48.0%) | 成功 4506 失败 2084 | 成功率 68.4% | 平均 6.6s/个 | 剩余 13.1h
[08:39:33] [6591/13737] ✗ 46827c06 - Bricklink 上不存在该零件
[08:39:38] [6592/13737] ✗ 46827c08 - Bricklink 上不存在该零件
[08:39:44] [6593/13737] ✗ 46831c01 - Bricklink 上不存在该零件
[08:39:51] [6594/13737] ✗ 46831c02 - Bricklink 上不存在该零件
[08:39:56] [6595/13737] ✗ 46831c03 - Bricklink 上不存在该零件
[08:40:01] [6596/13737] ✓ 46834 = 1.16g
[08:40:06] [6597/13737] ✓ 46835 = 1.25g
[08:40:14] [6598/13737] ✗ 46844 - Bricklink 上不存在该零件
[08:40:19] [6599/13737] ✗ 46844a - Bricklink 上不存在该零件
[08:40:24] [6600/13737] ✗ 46844c - Bricklink 上不存在该零件
[08:40:24] 进度 6600/13737 (48.0%) | 成功 4508 失败 2092 | 成功率 68.3% | 平均 6.6s/个 | 剩余 13.0h
[08:40:29] [6601/13737] ✓ 46849 = 0.43g
[08:40:35] [6602/13737] ✓ 46860 = 2.02g
[08:40:40] [6603/13737] ✓ 46863 = 1.37g
[08:40:46] [6604/13737] ✓ 46869 = 0.49g
[08:40:51] [6605/13737] ✓ 46870 = 3.57g
[08:40:57] [6606/13737] ✓ 46882 = 7.5g
[08:41:03] [6607/13737] ✓ 4688c01 = 5.6g
[08:41:07] [6608/13737] ✓ 46891 = 49.9g
[08:41:12] [6609/13737] ✓ 4689c01 = 6.8g
[08:41:19] [6610/13737] ✗ 468c01 - Bricklink 上不存在该零件
[08:41:19] 进度 6610/13737 (48.1%) | 成功 4517 失败 2093 | 成功率 68.3% | 平均 6.6s/个 | 剩余 13.0h
[08:41:25] [6611/13737] ✗ 468c02 - Bricklink 上不存在该零件
[08:41:29] [6612/13737] ✗ 468c03 - Bricklink 上不存在该零件
[08:41:36] [6613/13737] ✗ 4692c01 - Bricklink 上不存在该零件
[08:41:42] [6614/13737] ✓ 4697a = 0.14g
[08:41:48] [6615/13737] ✓ 4697b = 0.15g
[08:41:53] [6616/13737] ✓ 4698 = 0.15g
[08:41:58] [6617/13737] ✓ 4700 = 13.8g
[08:42:02] [6618/13737] ✓ 47012 = 0.35g
[08:42:08] [6619/13737] ✓ 4701c01 = 6.2g
[08:42:14] [6620/13737] ✗ 47029 - Bricklink 上不存在该零件
[08:42:14] 进度 6620/13737 (48.2%) | 成功 4523 失败 2097 | 成功率 68.3% | 平均 6.6s/个 | 剩余 13.0h
[08:42:21] [6621/13737] ✗ 47032 - Bricklink 上不存在该零件
[08:42:28] [6622/13737] ✗ 47073 - Bricklink 上不存在该零件
[08:42:33] [6623/13737] ✗ 47074 - Bricklink 上不存在该零件
[08:42:38] [6624/13737] ✗ 4707c01 - Bricklink 上不存在该零件
[08:42:44] [6625/13737] ✗ 4707c02 - Bricklink 上不存在该零件
[08:42:49] [6626/13737] ✗ 4707c03 - Bricklink 上不存在该零件
[08:42:59] [6627/13737] ✗ 4707c04 - Bricklink 上不存在该零件
[08:43:05] [6628/13737] ✗ 4707c05 - Bricklink 上不存在该零件
[08:43:09] [6629/13737] ✓ 47115 = 103.0g
[08:43:15] [6630/13737] ✓ 47116 = 70.87g
[08:43:15] 进度 6630/13737 (48.3%) | 成功 4525 失败 2105 | 成功率 68.3% | 平均 6.6s/个 | 剩余 13.0h
[08:43:20] [6631/13737] ✓ 47117 = 1.52g
[08:43:25] [6632/13737] ✓ 47122 = 17.0g
[08:43:30] [6633/13737] ✓ 4714 = 2.8g
[08:43:34] [6634/13737] ✓ 47145 = 1.53g
[08:43:38] [6635/13737] ✓ 4714c01 = 3.3g
[08:43:42] [6636/13737] ✓ 4715 = 0.3g
[08:43:47] [6637/13737] ✓ 4716 = 0.6g
[08:43:53] [6638/13737] ✓ 4719 = 1.54g
[08:43:58] [6639/13737] ✓ 4720 = 0.3g
[08:44:04] [6640/13737] ✗ 47218c01 - Bricklink 上不存在该零件
[08:44:05] 进度 6640/13737 (48.3%) | 成功 4534 失败 2106 | 成功率 68.3% | 平均 6.6s/个 | 剩余 13.0h
[08:44:09] [6641/13737] ✗ 47223a - Bricklink 上不存在该零件
[08:44:15] [6642/13737] ✗ 47223b - Bricklink 上不存在该零件
[08:44:21] [6643/13737] ✗ 47225 - Bricklink 上不存在该零件
[08:44:27] [6644/13737] ✓ 4727 = 0.66g
[08:44:32] [6645/13737] ✓ 4728 = 0.62g
[08:44:36] [6646/13737] ✓ 4729 = 1.54g
[08:44:42] [6647/13737] ✓ 47295 = 4.95g
[08:44:47] [6648/13737] ✓ 47296 = 2.0g
[08:44:52] [6649/13737] ✓ 47297 = 4.0g
[08:44:58] [6650/13737] ✓ 47298 = 3.5g
[08:44:58] 进度 6650/13737 (48.4%) | 成功 4541 失败 2109 | 成功率 68.3% | 平均 6.6s/个 | 剩余 12.9h
[08:45:04] [6651/13737] ✓ 47299 = 0.88g
[08:45:10] [6652/13737] ✓ 4730 = 2.0g
[08:45:15] [6653/13737] ✓ 47300 = 2.07g
[08:45:20] [6654/13737] ✓ 47301 = 4.34g
[08:45:26] [6655/13737] ✓ 47302 = 4.51g
[08:45:49] [6656/13737] ✓ 47303 = 3.35g
[08:45:54] [6657/13737] ✓ 47304 = 3.42g
[08:46:00] [6658/13737] ✓ 47305 = 9.65g
[08:46:06] [6659/13737] ✓ 47306 = 3.7g
[08:46:11] [6660/13737] ✓ 47307 = 4.07g
[08:46:11] 进度 6660/13737 (48.5%) | 成功 4551 失败 2109 | 成功率 68.3% | 平均 6.6s/个 | 剩余 12.9h
[08:46:15] [6661/13737] ✓ 47308 = 3.63g
[08:46:20] [6662/13737] ✓ 47309 = 3.0g
[08:46:26] [6663/13737] ✓ 4731 = 60.7g
[08:46:32] [6664/13737] ✓ 47310 = 2.63g
[08:46:37] [6665/13737] ✓ 47311 = 2.15g
[08:46:43] [6666/13737] ✓ 47312 = 3.0g
[08:46:47] [6667/13737] ✓ 47313 = 1.8g
[08:46:52] [6668/13737] ✓ 47314 = 2.85g
[08:46:57] [6669/13737] ✓ 47315 = 3.34g
[08:47:02] [6670/13737] ✓ 47316 = 2.98g
[08:47:02] 进度 6670/13737 (48.6%) | 成功 4561 失败 2109 | 成功率 68.4% | 平均 6.6s/个 | 剩余 12.9h
[08:47:06] [6671/13737] ✓ 47317 = 4.62g
[08:47:12] [6672/13737] ✓ 47318 = 8.36g
[08:47:17] [6673/13737] ✓ 47319 = 2.06g
[08:47:21] [6674/13737] ✓ 4732 = 3.87g
[08:47:26] [6675/13737] ✓ 47324 = 3.36g
[08:47:32] [6676/13737] ✓ 47327 = 3.65g
[08:47:37] [6677/13737] ✓ 47328 = 5.25g
[08:47:43] [6678/13737] ✓ 4733 = 0.45g
[08:47:48] [6679/13737] ✓ 47330 = 3.0g
[08:47:52] [6680/13737] ✓ 47331 = 6.13g
[08:47:52] 进度 6680/13737 (48.6%) | 成功 4571 失败 2109 | 成功率 68.4% | 平均 6.6s/个 | 剩余 12.9h
[08:47:58] [6681/13737] ✓ 47332 = 3.5g
[08:48:04] [6682/13737] ✗ 47333 - Bricklink 上不存在该零件
[08:48:08] [6683/13737] ✓ 47334 = 5.0g
[08:48:14] [6684/13737] ✓ 47335 = 4.82g
[08:48:19] [6685/13737] ✓ 47336 = 5.5g
[08:48:23] [6686/13737] ✓ 47337 = 5.72g
[08:48:28] [6687/13737] ✓ 47338 = 5.5g
[08:48:34] [6688/13737] ✓ 47339 = 5.68g
[08:48:38] [6689/13737] ✓ 47345 = 69.0g
[08:48:42] [6690/13737] ✓ 47349 = 19.0g
[08:48:42] 进度 6690/13737 (48.7%) | 成功 4580 失败 2110 | 成功率 68.5% | 平均 6.6s/个 | 剩余 12.8h
[08:48:48] [6691/13737] ✓ 47349c01 = 108.0g
[08:48:53] [6692/13737] ✓ 47349c02 = 108.0g
[08:48:59] [6693/13737] ✓ 47349c03 = 108.0g
[08:49:03] [6694/13737] ✓ 47349c04 = 108.0g
[08:49:07] [6695/13737] ✓ 47349c05 = 139.0g
[08:49:14] [6696/13737] ✓ 4735 = 0.28g
[08:49:17] [6697/13737] ✓ 47353 = 11.0g
[08:49:22] [6698/13737] ✓ 4736 = 0.47g
[08:49:28] [6699/13737] ✓ 4737 = 6.75g
[08:49:33] [6700/13737] ✓ 47371 = 12.0g
[08:49:33] 进度 6700/13737 (48.8%) | 成功 4590 失败 2110 | 成功率 68.5% | 平均 6.6s/个 | 剩余 12.8h
[08:49:38] [6701/13737] ✗ 47376 - Bricklink 上不存在该零件
[08:49:43] [6702/13737] ✓ 47385c01 = 388.0g
[08:49:49] [6703/13737] ✓ 4738a = 2.5g
[08:49:54] [6704/13737] ✓ 4738b = 1.6g
[08:50:01] [6705/13737] ✗ 4738c - Bricklink 上不存在该零件
[08:50:06] [6706/13737] ✓ 47396 = 14.2g
[08:50:11] [6707/13737] ✓ 47397 = 3.25g
[08:50:16] [6708/13737] ✓ 47398 = 3.25g
[08:50:22] [6709/13737] ✓ 4739a = 1.5g
[08:50:43] [6710/13737] ✓ 4739b = 1.1g
[08:50:43] 进度 6710/13737 (48.8%) | 成功 4598 失败 2112 | 成功率 68.5% | 平均 6.6s/个 | 剩余 12.8h
[08:50:50] [6711/13737] ✓ 4740 = 0.28g
[08:50:55] [6712/13737] ✓ 47404 = 15.33g
[08:51:00] [6713/13737] ✓ 47405 = 8.0g
[08:51:05] [6714/13737] ✓ 47406 = 8.2g
[08:51:09] [6715/13737] ✓ 47407 = 1.88g
[08:51:15] [6716/13737] ✓ 47408 = 7.7g
[08:51:20] [6717/13737] ✓ 4741 = 4.07g
[08:51:26] [6718/13737] ✗ 47411 - Bricklink 上不存在该零件
[08:51:32] [6719/13737] ✓ 47414 = 5.48g
[08:51:36] [6720/13737] ✓ 47415 = 14.44g
[08:51:36] 进度 6720/13737 (48.9%) | 成功 4607 失败 2113 | 成功率 68.6% | 平均 6.6s/个 | 剩余 12.8h
[08:51:41] [6721/13737] ✓ 4742 = 3.77g
[08:51:46] [6722/13737] ✓ 47423 = 23.66g
[08:51:51] [6723/13737] ✗ 47424 - Bricklink 上不存在该零件
[08:51:55] [6724/13737] ✓ 4743 = 9.99g
[08:52:00] [6725/13737] ✓ 47430 = 3.8g
[08:52:05] [6726/13737] ✓ 47431 = 3.91g
[08:52:10] [6727/13737] ✓ 47432 = 3.5g
[08:52:19] [6728/13737] ✓ 4744 = 4.05g
[08:52:25] [6729/13737] ✗ 47440c01 - Bricklink 上不存在该零件
[08:52:30] [6730/13737] ✓ 47444c01 = 130.0g
[08:52:30] 进度 6730/13737 (49.0%) | 成功 4615 失败 2115 | 成功率 68.6% | 平均 6.6s/个 | 剩余 12.8h
[08:52:34] [6731/13737] ✓ 47448 = 29.0g
[08:52:40] [6732/13737] ✓ 4745 = 1.12g
[08:52:45] [6733/13737] ✗ 47451 - Bricklink 上不存在该零件
[08:52:50] [6734/13737] ✓ 47452 = 2.8g
[08:52:56] [6735/13737] ✓ 47454 = 3.48g
[08:53:02] [6736/13737] ✓ 47455 = 0.9g
[08:53:11] [6737/13737] ✓ 47456 = 1.0g
[08:53:18] [6738/13737] ✓ 47457 = 0.76g
[08:53:23] [6739/13737] ✓ 47458 = 0.44g
[08:53:28] [6740/13737] ✓ 47459 = 2.13g
[08:53:28] 进度 6740/13737 (49.1%) | 成功 4624 失败 2116 | 成功率 68.6% | 平均 6.6s/个 | 剩余 12.7h
[08:53:33] [6741/13737] ✓ 4746 = 2.5g
[08:53:38] [6742/13737] ✓ 47460 = 1.71g
[08:53:44] [6743/13737] ✓ 47461 = 2.25g
[08:53:49] [6744/13737] ✓ 47462 = 2.85g
[08:53:54] [6745/13737] ✓ 47463 = 2.04g
[08:54:00] [6746/13737] ✓ 47469 = 2.62g
[08:54:05] [6747/13737] ✗ 4747 - Bricklink 上不存在该零件
[08:54:09] [6748/13737] ✓ 47470 = 2.41g
[08:54:15] [6749/13737] ✓ 47471 = 2.04g
[08:54:19] [6750/13737] ✓ 47472 = 1.67g
[08:54:19] 进度 6750/13737 (49.1%) | 成功 4633 失败 2117 | 成功率 68.6% | 平均 6.6s/个 | 剩余 12.7h
[08:54:23] [6751/13737] ✓ 47473 = 2.15g
[08:54:29] [6752/13737] ✓ 47474 = 0.64g
[08:54:35] [6753/13737] ✗ 47475 - Bricklink 上不存在该零件
[08:54:40] [6754/13737] ✓ 4747b = 3.36g
[08:54:46] [6755/13737] ✓ 4748 = 2.75g
[08:54:52] [6756/13737] ✗ 47483 - Bricklink 上不存在该零件
[08:54:58] [6757/13737] ✓ 4750 = 18.5g
[08:55:03] [6758/13737] ✓ 47501 = 0.55g
[08:55:08] [6759/13737] ✓ 47506 = 9.0g
[08:55:14] [6760/13737] ✓ 47507 = 8.1g
[08:55:14] 进度 6760/13737 (49.2%) | 成功 4641 失败 2119 | 成功率 68.7% | 平均 6.6s/个 | 剩余 12.7h
[08:55:20] [6761/13737] ✓ 47508 = 6.8g
[08:55:26] [6762/13737] ✓ 47509 = 6.0g
[08:55:33] [6763/13737] ✓ 4751a = 13.0g
[08:55:38] [6764/13737] ✓ 4751b = 6.0g
[08:55:43] [6765/13737] ✓ 4751c = 6.0g
[08:55:49] [6766/13737] ✗ 47521 - Bricklink 上不存在该零件
[08:55:55] [6767/13737] ✗ 47521a - Bricklink 上不存在该零件
[08:56:00] [6768/13737] ✗ 47521b - Bricklink 上不存在该零件
[08:56:07] [6769/13737] ✗ 47521c - Bricklink 上不存在该零件
[08:56:13] [6770/13737] ✗ 47521d - Bricklink 上不存在该零件
[08:56:13] 进度 6770/13737 (49.3%) | 成功 4646 失败 2124 | 成功率 68.6% | 平均 6.6s/个 | 剩余 12.7h
[08:56:18] [6771/13737] ✓ 47524 = 116.0g
[08:56:25] [6772/13737] ✗ 47525 - Bricklink 上不存在该零件
[08:56:29] [6773/13737] ✓ 47533 = 18.0g
[08:56:34] [6774/13737] ✓ 47537 = 24.0g
[08:56:41] [6775/13737] ✗ 47538 - Bricklink 上不存在该零件
[08:56:46] [6776/13737] ✓ 47540 = 38.0g
[08:56:53] [6777/13737] ✗ 47541 - Bricklink 上不存在该零件
[08:56:58] [6778/13737] ✓ 47543 = 9.84g
[08:57:04] [6779/13737] ✓ 47544 = 0.78g
[08:57:08] [6780/13737] ✓ 47548 = 9.6g
[08:57:08] 进度 6780/13737 (49.4%) | 成功 4653 失败 2127 | 成功率 68.6% | 平均 6.5s/个 | 剩余 12.7h
[08:57:14] [6781/13737] ✗ 47549c01 - Bricklink 上不存在该零件
[08:57:18] [6782/13737] ✓ 4755 = 0.45g
[08:57:24] [6783/13737] ✗ 47550 - Bricklink 上不存在该零件
[08:57:29] [6784/13737] ✗ 47554 - Bricklink 上不存在该零件
[08:57:35] [6785/13737] ✗ 4757 - Bricklink 上不存在该零件
[08:57:40] [6786/13737] ✓ 47576 = 0.9g
[08:57:44] [6787/13737] ✓ 4758 = 3.89g
[08:57:50] [6788/13737] ✗ 47592 - Bricklink 上不存在该零件
[08:57:55] [6789/13737] ✓ 4760 = 12.0g
[08:58:00] [6790/13737] ✓ 4760c01 = 18.0g
[08:58:00] 进度 6790/13737 (49.4%) | 成功 4658 失败 2132 | 成功率 68.6% | 平均 6.5s/个 | 剩余 12.6h
[08:58:06] [6791/13737] ✓ 4761 = 3.34g
[08:58:11] [6792/13737] ✓ 4762 = 0.22g
[08:58:17] [6793/13737] ✓ 4767 = 1.0g
[08:58:21] [6794/13737] ✓ 47674 = 23.71g
[08:58:26] [6795/13737] ✓ 47675 = 9.0g
[08:58:31] [6796/13737] ✓ 47676 = 7.33g
[08:58:35] [6797/13737] ✓ 47681 = 4.45g
[08:58:39] [6798/13737] ✓ 47682 = 1.0g
[08:58:45] [6799/13737] ✓ 47683 = 0.31g
[08:58:51] [6800/13737] ✓ 47684 = 0.93g
[08:58:51] 进度 6800/13737 (49.5%) | 成功 4668 失败 2132 | 成功率 68.6% | 平均 6.5s/个 | 剩余 12.6h
[08:58:56] [6801/13737] ✓ 47685 = 0.8g
[08:59:00] [6802/13737] ✓ 47686 = 0.6g
[08:59:05] [6803/13737] ✓ 47688 = 1.44g
[08:59:10] [6804/13737] ✓ 47689 = 0.24g
[08:59:15] [6805/13737] ✓ 4770 = 0.11g
[08:59:22] [6806/13737] ✗ 4771 - Bricklink 上不存在该零件
[08:59:28] [6807/13737] ✓ 47712 = 1.6g
[08:59:34] [6808/13737] ✓ 47713 = 1.6g
[08:59:41] [6809/13737] ✗ 47715 - Bricklink 上不存在该零件
[08:59:47] [6810/13737] ✓ 47720 = 1.75g
[08:59:47] 进度 6810/13737 (49.6%) | 成功 4676 失败 2134 | 成功率 68.7% | 平均 6.5s/个 | 剩余 12.6h
[08:59:51] [6811/13737] ✓ 4774c01 = 2.0g
[08:59:57] [6812/13737] ✓ 4774c02 = 2.42g
[09:00:02] [6813/13737] ✓ 4774cu = 2.44g
[09:00:07] [6814/13737] ✓ 4775 = 58.7g
[09:00:13] [6815/13737] ✓ 47753 = 2.1g
[09:00:18] [6816/13737] ✓ 47755 = 1.33g
[09:00:22] [6817/13737] ✓ 47757 = 2.5g
[09:00:28] [6818/13737] ✓ 47758 = 1.75g
[09:00:33] [6819/13737] ✓ 47759 = 1.6g
[09:00:38] [6820/13737] ✓ 4776 = 10.0g
[09:00:38] 进度 6820/13737 (49.6%) | 成功 4686 失败 2134 | 成功率 68.7% | 平均 6.5s/个 | 剩余 12.6h
[09:00:42] [6821/13737] ✓ 4777 = 17.55g
[09:00:47] [6822/13737] ✓ 4779 = 7.0g
[09:00:52] [6823/13737] ✓ 4780c01 = 2.94g
[09:00:57] [6824/13737] ✓ 4781 = 4.0g
[09:01:02] [6825/13737] ✓ 4782 = 5.5g
[09:01:07] [6826/13737] ✓ 4783 = 6.0g
[09:01:12] [6827/13737] ✓ 4784 = 12.0g
[09:01:17] [6828/13737] ✓ 47843 = 7.5g
[09:01:23] [6829/13737] ✓ 47844 = 3.2g
[09:01:28] [6830/13737] ✓ 47846 = 9.0g
[09:01:28] 进度 6830/13737 (49.7%) | 成功 4696 失败 2134 | 成功率 68.8% | 平均 6.5s/个 | 剩余 12.5h
[09:01:34] [6831/13737] ✓ 47847 = 6.5g
[09:01:39] [6832/13737] ✓ 4785 = 23.71g
[09:01:46] [6833/13737] ✓ 47855 = 7.0g
[09:01:51] [6834/13737] ✗ 47858c01 - Bricklink 上不存在该零件
[09:01:55] [6835/13737] ✓ 4787 = 53.0g
[09:02:01] [6836/13737] ✓ 47871c01 = 224.0g
[09:02:07] [6837/13737] ✗ 4788 - Bricklink 上不存在该零件
[09:02:13] [6838/13737] ✓ 4788c01 = 20.0g
[09:02:18] [6839/13737] ✗ 4789 - Bricklink 上不存在该零件
[09:02:24] [6840/13737] ✗ 47899c01 - Bricklink 上不存在该零件
[09:02:24] 进度 6840/13737 (49.8%) | 成功 4702 失败 2138 | 成功率 68.7% | 平均 6.5s/个 | 剩余 12.5h
[09:02:29] [6841/13737] ✗ 47899c03 - Bricklink 上不存在该零件
[09:02:35] [6842/13737] ✗ 47899c04 - Bricklink 上不存在该零件
[09:02:41] [6843/13737] ✗ 4790 - Bricklink 上不存在该零件
[09:02:47] [6844/13737] ✓ 47905 = 0.45g
[09:02:51] [6845/13737] ✓ 4790b = 3.43g
[09:02:57] [6846/13737] ✓ 47912 = 4.24g
[09:03:02] [6847/13737] ✓ 4793 = 17.1g
[09:03:08] [6848/13737] ✓ 4794a = 1.0g
[09:03:12] [6849/13737] ✓ 4794b = 0.95g
[09:03:17] [6850/13737] ✓ 4796c01 = 13.4g
[09:03:17] 进度 6850/13737 (49.9%) | 成功 4709 失败 2141 | 成功率 68.7% | 平均 6.5s/个 | 剩余 12.5h
[09:03:22] [6851/13737] ✓ 47972 = 1.0g
[09:03:28] [6852/13737] ✓ 47973 = 1.0g
[09:03:33] [6853/13737] ✓ 47974 = 6.8g
[09:03:38] [6854/13737] ✓ 47974c01 = 7.0g
[09:03:42] [6855/13737] ✓ 47975 = 1.2g
[09:03:46] [6856/13737] ✓ 47976 = 30.0g
[09:03:51] [6857/13737] ✓ 47978 = 11.5g
[09:03:56] [6858/13737] ✓ 4798 = 81.2g
[09:04:01] [6859/13737] ✓ 47980 = 64.0g
[09:04:06] [6860/13737] ✓ 47981 = 77.0g
[09:04:06] 进度 6860/13737 (49.9%) | 成功 4719 失败 2141 | 成功率 68.8% | 平均 6.5s/个 | 剩余 12.5h
[09:04:11] [6861/13737] ✓ 47983 = 74.0g
[09:04:17] [6862/13737] ✓ 47983c01 = 155.0g
[09:04:21] [6863/13737] ✓ 47984 = 82.0g
[09:04:26] [6864/13737] ✓ 47986 = 59.0g
[09:04:31] [6865/13737] ✓ 47986c01 = 135.0g
[09:04:35] [6866/13737] ✓ 47988 = 30.0g
[09:04:39] [6867/13737] ✓ 4799 = 116.2g
[09:04:44] [6868/13737] ✓ 47990 = 3.3g
[09:04:49] [6869/13737] ✓ 47991 = 31.0g
[09:04:53] [6870/13737] ✓ 47992 = 20.0g
[09:04:53] 进度 6870/13737 (50.0%) | 成功 4729 失败 2141 | 成功率 68.8% | 平均 6.5s/个 | 剩余 12.5h
[09:04:57] [6871/13737] ✓ 47993 = 10.33g
[09:05:02] [6872/13737] ✓ 47994 = 1.2g
[09:05:07] [6873/13737] ✓ 47996 = 6.0g
[09:05:12] [6874/13737] ✓ 47998 = 2.5g
[09:05:18] [6875/13737] ✓ 4800 = 250.0g
[09:05:24] [6876/13737] ✓ 48000 = 45.0g
[09:05:28] [6877/13737] ✓ 48002a = 10.7g
[09:05:33] [6878/13737] ✓ 48002b = 10.6g
[09:05:37] [6879/13737] ✓ 48003 = 6.0g
[09:05:42] [6880/13737] ✓ 48005 = 18.0g
[09:05:42] 进度 6880/13737 (50.1%) | 成功 4739 失败 2141 | 成功率 68.9% | 平均 6.5s/个 | 剩余 12.4h
[09:05:46] [6881/13737] ✓ 48011 = 3.0g
[09:05:51] [6882/13737] ✓ 4802 = 6.2g
[09:05:58] [6883/13737] ✗ 48020 - Bricklink 上不存在该零件
[09:06:04] [6884/13737] ✗ 48023 - Bricklink 上不存在该零件
[09:06:10] [6885/13737] ✓ 48026 = 16.0g
[09:06:15] [6886/13737] ✗ 48032 - Bricklink 上不存在该零件
[09:06:20] [6887/13737] ✓ 48033c01 = 118.0g
[09:06:25] [6888/13737] ✓ 48036 = 14.25g
[09:06:32] [6889/13737] ✗ 48056 - Bricklink 上不存在该零件
[09:06:36] [6890/13737] ✓ 48064c01 = 45.5g
[09:06:36] 进度 6890/13737 (50.2%) | 成功 4745 失败 2145 | 成功率 68.9% | 平均 6.5s/个 | 剩余 12.4h
[09:06:42] [6891/13737] ✓ 48064c02 = 48.0g
[09:06:47] [6892/13737] ✓ 4807 = 7.0g
[09:06:53] [6893/13737] ✗ 48075 - Bricklink 上不存在该零件
[09:07:00] [6894/13737] ✗ 48076 - Bricklink 上不存在该零件
[09:07:05] [6895/13737] ✗ 48077 - Bricklink 上不存在该零件
[09:07:10] [6896/13737] ✓ 48079 = 1.8g
[09:07:16] [6897/13737] ✓ 4808 = 4.0g
[09:07:20] [6898/13737] ✓ 48080 = 1.72g
[09:07:26] [6899/13737] ✓ 48081 = 2.1g
[09:07:32] [6900/13737] ✓ 4809 = 2.5g
[09:07:32] 进度 6900/13737 (50.2%) | 成功 4752 失败 2148 | 成功率 68.9% | 平均 6.5s/个 | 剩余 12.4h
[09:07:38] [6901/13737] ✓ 48092 = 2.0g
[09:07:42] [6902/13737] ✓ 48107 = 1.87g
[09:07:48] [6903/13737] ✗ 48119 - Bricklink 上不存在该零件
[09:07:53] [6904/13737] ✓ 4812 = 52.0g
[09:07:58] [6905/13737] ✓ 48123c01 = 97.0g
[09:08:03] [6906/13737] ✓ 48125c01 = 45.0g
[09:08:08] [6907/13737] ✓ 48125c02 = 45.85g
[09:08:13] [6908/13737] ✓ 48125c03 = 45.85g
[09:08:17] [6909/13737] ✓ 48125c05 = 46.0g
[09:08:22] [6910/13737] ✓ 48136 = 0.8g
[09:08:22] 进度 6910/13737 (50.3%) | 成功 4761 失败 2149 | 成功率 68.9% | 平均 6.5s/个 | 剩余 12.4h
[09:08:29] [6911/13737] ✓ 48138 = 31.0g
[09:08:33] [6912/13737] ✓ 4814 = 12.0g
[09:08:37] [6913/13737] ✓ 48141 = 2.0g
[09:08:41] [6914/13737] ✓ 48144 = 4.18g
[09:08:45] [6915/13737] ✓ 48145 = 3.18g
[09:08:50] [6916/13737] ✓ 48165 = 1.87g
[09:08:56] [6917/13737] ✓ 48168 = 7.0g
[09:09:01] [6918/13737] ✓ 48169 = 2.3g
[09:09:06] [6919/13737] ✓ 48170 = 2.17g
[09:09:11] [6920/13737] ✓ 48171 = 2.25g
[09:09:11] 进度 6920/13737 (50.4%) | 成功 4771 失败 2149 | 成功率 68.9% | 平均 6.5s/个 | 剩余 12.3h
[09:09:16] [6921/13737] ✓ 48172 = 2.67g
[09:09:22] [6922/13737] ✓ 48173 = 0.63g
[09:09:27] [6923/13737] ✓ 48174 = 0.63g
[09:09:32] [6924/13737] ✓ 48175 = 0.6g
[09:09:38] [6925/13737] ✗ 48176 - Bricklink 上不存在该零件
[09:09:45] [6926/13737] ✗ 48177 - Bricklink 上不存在该零件
[09:09:52] [6927/13737] ✓ 48183 = 1.15g
[09:09:58] [6928/13737] ✓ 48200 = 1.05g
[09:10:03] [6929/13737] ✓ 48201 = 60.14g
[09:10:09] [6930/13737] ✓ 48202 = 6.33g
[09:10:09] 进度 6930/13737 (50.4%) | 成功 4779 失败 2151 | 成功率 69.0% | 平均 6.5s/个 | 剩余 12.3h
[09:10:14] [6931/13737] ✓ 48203 = 2.0g
[09:10:21] [6932/13737] ✓ 48205 = 1.99g
[09:10:28] [6933/13737] ✓ 48208 = 1.99g
[09:10:33] [6934/13737] ✗ 4820a - Bricklink 上不存在该零件
[09:10:38] [6935/13737] ✓ 4820b = 9.0g
[09:10:43] [6936/13737] ✓ 4820cc01 = 17.0g
[09:10:48] [6937/13737] ✓ 48212 = 1.0g
[09:10:52] [6938/13737] ✓ 4821a = 25.0g
[09:10:57] [6939/13737] ✓ 4821b = 27.0g
[09:11:04] [6940/13737] ✓ 4822 = 7.0g
[09:11:04] 进度 6940/13737 (50.5%) | 成功 4788 失败 2152 | 成功率 69.0% | 平均 6.5s/个 | 剩余 12.3h
[09:11:09] [6941/13737] ✓ 48231 = 32.0g
[09:11:14] [6942/13737] ✓ 4823c01 = 17.5g
[09:11:20] [6943/13737] ✓ 4823c02 = 17.5g
[09:11:24] [6944/13737] ✓ 48245 = 1.6g
[09:11:28] [6945/13737] ✓ 48253 = 3.0g
[09:11:35] [6946/13737] ✗ 48267 - Bricklink 上不存在该零件
[09:11:40] [6947/13737] ✓ 4828 = 12.36g
[09:11:45] [6948/13737] ✓ 48284 = 1.88g
[09:11:50] [6949/13737] ✓ 48287 = 15.46g
[09:11:55] [6950/13737] ✓ 48288 = 12.68g
[09:11:55] 进度 6950/13737 (50.6%) | 成功 4797 失败 2153 | 成功率 69.0% | 平均 6.5s/个 | 剩余 12.3h
[09:12:01] [6951/13737] ✓ 48289 = 2.3g
[09:12:05] [6952/13737] ✓ 48290 = 2.67g
[09:12:10] [6953/13737] ✓ 48291 = 1.17g
[09:12:15] [6954/13737] ✓ 48294 = 5.0g
[09:12:20] [6955/13737] ✓ 48298 = 3.75g
[09:12:25] [6956/13737] ✗ 4829c01 - Bricklink 上不存在该零件
[09:12:29] [6957/13737] ✓ 48303 = 0.18g
[09:12:34] [6958/13737] ✓ 48316c01 = 100.5g
[09:12:43] [6959/13737] ✓ 48336 = 0.54g
[09:12:49] [6960/13737] ✓ 48345 = 9.01g
[09:12:49] 进度 6960/13737 (50.7%) | 成功 4806 失败 2154 | 成功率 69.1% | 平均 6.5s/个 | 剩余 12.3h
[09:12:54] [6961/13737] ✓ 48346 = 5.65g
[09:13:00] [6962/13737] ✓ 48349 = 4.73g
[09:13:04] [6963/13737] ✓ 48356 = 5.31g
[09:13:08] [6964/13737] ✓ 48379c01 = 11.36g
[09:13:13] [6965/13737] ✓ 48379c02 = 11.43g
[09:13:17] [6966/13737] ✓ 48379c03 = 11.42g
[09:13:22] [6967/13737] ✓ 48379c04 = 11.49g
[09:13:28] [6968/13737] ✗ 48388c01 - Bricklink 上不存在该零件
[09:13:34] [6969/13737] ✓ 4839 = 5.0g
[09:13:37] [6970/13737] ✓ 48391 = 2.4g
[09:13:37] 进度 6970/13737 (50.7%) | 成功 4815 失败 2155 | 成功率 69.1% | 平均 6.5s/个 | 剩余 12.2h
[09:13:41] [6971/13737] ✓ 48392 = 2.98g
[09:13:45] [6972/13737] ✓ 48393 = 3.09g
[09:13:49] [6973/13737] ✓ 48394 = 5.32g
[09:13:56] [6974/13737] ✗ 48395 - Bricklink 上不存在该零件
[09:14:01] [6975/13737] ✓ 48396 = 3.56g
[09:14:07] [6976/13737] ✓ 48397 = 3.48g
[09:14:13] [6977/13737] ✓ 48400 = 7.09g
[09:14:17] [6978/13737] ✓ 48407 = 4.0g
[09:14:22] [6979/13737] ✓ 48408 = 3.74g
[09:14:27] [6980/13737] ✓ 4841 = 33.2g
[09:14:27] 进度 6980/13737 (50.8%) | 成功 4824 失败 2156 | 成功率 69.1% | 平均 6.5s/个 | 剩余 12.2h
[09:14:32] [6981/13737] ✓ 48411 = 31.69g
[09:14:39] [6982/13737] ✗ 48416 - Bricklink 上不存在该零件
[09:14:45] [6983/13737] ✓ 48419 = 4.0g
[09:14:49] [6984/13737] ✓ 4842 = 7.0g
[09:14:54] [6985/13737] ✓ 48420 = 40.29g
[09:15:00] [6986/13737] ✓ 48423 = 19.7g
[09:15:06] [6987/13737] ✓ 48424 = 16.1g
[09:15:11] [6988/13737] ✓ 48425 = 27.21g
[09:15:16] [6989/13737] ✓ 48426 = 0.7g
[09:15:21] [6990/13737] ✓ 48427 = 0.83g
[09:15:21] 进度 6990/13737 (50.9%) | 成功 4833 失败 2157 | 成功率 69.1% | 平均 6.5s/个 | 剩余 12.2h
[09:15:26] [6991/13737] ✓ 48428 = 1.04g
[09:15:31] [6992/13737] ✓ 4842c01 = 15.0g
[09:15:36] [6993/13737] ✓ 4843 = 2.5g
[09:15:41] [6994/13737] ✓ 4844 = 7.17g
[09:15:47] [6995/13737] ✓ 48446 = 6.74g
[09:15:52] [6996/13737] ✓ 48448 = 5.91g
[09:15:57] [6997/13737] ✓ 48450 = 3.58g
[09:16:02] [6998/13737] ✓ 48452 = 7.0g
[09:16:09] [6999/13737] ✓ 48457 = 0.3g
[09:16:14] [7000/13737] ✓ 48485 = 0.55g
[09:16:14] 进度 7000/13737 (51.0%) | 成功 4843 失败 2157 | 成功率 69.2% | 平均 6.5s/个 | 剩余 12.2h
[09:16:19] [7001/13737] ✓ 48486 = 0.43g
[09:16:25] [7002/13737] ✓ 48487 = 0.47g
[09:16:31] [7003/13737] ✓ 48488 = 0.57g
[09:16:37] [7004/13737] ✓ 48489 = 0.5g
[09:16:42] [7005/13737] ✓ 48490 = 10.5g
[09:16:48] [7006/13737] ✓ 48492 = 1.6g
[09:16:52] [7007/13737] ✓ 48493 = 0.67g
[09:16:57] [7008/13737] ✓ 48494 = 0.62g
[09:17:01] [7009/13737] ✓ 48495 = 0.32g
[09:17:07] [7010/13737] ✓ 48496 = 1.1g
[09:17:07] 进度 7010/13737 (51.0%) | 成功 4853 失败 2157 | 成功率 69.2% | 平均 6.5s/个 | 剩余 12.2h
[09:17:13] [7011/13737] ✓ 4850 = 12.25g
[09:17:18] [7012/13737] ✓ 4853c01 = 64.0g
[09:17:23] [7013/13737] ✓ 4853c02 = 57.5g
[09:17:29] [7014/13737] ✓ 4854 = 3.61g
[09:17:35] [7015/13737] ✗ 48546c01 - Bricklink 上不存在该零件
[09:17:41] [7016/13737] ✓ 4855 = 2.41g
[09:17:45] [7017/13737] ✓ 48566 = 5.49g
[09:17:51] [7018/13737] ✓ 4856a = 4.5g
[09:17:56] [7019/13737] ✓ 4856b = 4.4g
[09:18:00] [7020/13737] ✓ 4857 = 2.93g
[09:18:00] 进度 7020/13737 (51.1%) | 成功 4862 失败 2158 | 成功率 69.3% | 平均 6.5s/个 | 剩余 12.1h
[09:18:05] [7021/13737] ✓ 4858 = 2.66g
[09:18:11] [7022/13737] ✓ 4859 = 1.01g
[09:18:16] [7023/13737] ✓ 4860c01 = 25.0g
[09:18:21] [7024/13737] ✓ 4860c02 = 25.0g
[09:18:27] [7025/13737] ✓ 4860c03 = 24.93g
[09:18:36] [7026/13737] ✓ 4860c04 = 24.93g
[09:18:40] [7027/13737] ✓ 4860c05 = 25.0g
[09:18:46] [7028/13737] ✓ 4861 = 2.0g
[09:18:52] [7029/13737] ✗ 4861a - Bricklink 上不存在该零件
[09:18:56] [7030/13737] ✓ 4862 = 0.34g
[09:18:56] 进度 7030/13737 (51.2%) | 成功 4871 失败 2159 | 成功率 69.3% | 平均 6.5s/个 | 剩余 12.1h
[09:19:03] [7031/13737] ✓ 4863 = 1.57g
[09:19:12] [7032/13737] ✓ 48642 = 23.22g
[09:19:16] [7033/13737] ✓ 48646c01 = 5.0g
[09:19:21] [7034/13737] ✓ 48647 = 11.47g
[09:19:28] [7035/13737] ✓ 4864a = 1.03g
[09:19:34] [7036/13737] ✓ 4864b = 1.0g
[09:19:39] [7037/13737] ✗ 4865a - Bricklink 上不存在该零件
[09:19:46] [7038/13737] ✓ 4865b = 0.46g
[09:19:50] [7039/13737] ✓ 4866 = 2.4g
[09:19:56] [7040/13737] ✓ 4867 = 4.75g
[09:19:56] 进度 7040/13737 (51.2%) | 成功 4880 失败 2160 | 成功率 69.3% | 平均 6.5s/个 | 剩余 12.1h
[09:20:00] [7041/13737] ✓ 48683 = 42.0g
[09:20:06] [7042/13737] ✓ 48684 = 2.3g
[09:20:20] [7043/13737] ✓ 4868a = 3.32g
[09:20:24] [7044/13737] ✓ 4868b = 3.54g
[09:20:29] [7045/13737] ✓ 4869 = 1.08g
[09:20:33] [7046/13737] ✓ 48691 = 1.88g
[09:20:38] [7047/13737] ✓ 48692 = 21.44g
[09:20:45] [7048/13737] ✓ 4870 = 0.83g
[09:20:52] [7049/13737] ✓ 4871 = 1.82g
[09:20:58] [7050/13737] ✓ 4872 = 5.81g
[09:20:58] 进度 7050/13737 (51.3%) | 成功 4890 失败 2160 | 成功率 69.4% | 平均 6.5s/个 | 剩余 12.1h
[09:21:04] [7051/13737] ✓ 48723 = 0.5g
[09:21:09] [7052/13737] ✓ 48724 = 0.25g
[09:21:14] [7053/13737] ✓ 48729a = 0.17g
[09:21:20] [7054/13737] ✓ 48729b = 0.17g
[09:21:26] [7055/13737] ✓ 4873 = 0.59g
[09:21:32] [7056/13737] ✓ 4874c01 = 13.0g
[09:21:37] [7057/13737] ✓ 4876 = 16.0g
[09:21:42] [7058/13737] ✓ 48788 = 2.08g
[09:21:47] [7059/13737] ✓ 48794 = 18.12g
[09:21:51] [7060/13737] ✓ 48795 = 43.56g
[09:21:51] 进度 7060/13737 (51.4%) | 成功 4900 失败 2160 | 成功率 69.4% | 平均 6.5s/个 | 剩余 12.1h
[09:21:55] [7061/13737] ✓ 48796 = 1.9g
[09:22:01] [7062/13737] ✓ 48812 = 2.54g
[09:22:07] [7063/13737] ✓ 4882 = 7.0g
[09:22:11] [7064/13737] ✓ 4883c01 = 31.0g
[09:22:15] [7065/13737] ✓ 4883c02 = 31.0g
[09:22:21] [7066/13737] ✓ 4885 = 10.0g
[09:22:28] [7067/13737] ✓ 4886 = 16.0g
[09:22:34] [7068/13737] ✗ 48864c01 - Bricklink 上不存在该零件
[09:22:40] [7069/13737] ✗ 48872c01 - Bricklink 上不存在该零件
[09:22:46] [7070/13737] ✗ 48874c01 - Bricklink 上不存在该零件
[09:22:46] 进度 7070/13737 (51.5%) | 成功 4907 失败 2163 | 成功率 69.4% | 平均 6.5s/个 | 剩余 12.0h
[09:22:51] [7071/13737] ✓ 4888 = 18.0g
[09:22:58] [7072/13737] ✗ 48881c01 - Bricklink 上不存在该零件
[09:23:04] [7073/13737] ✗ 48881c02 - Bricklink 上不存在该零件
[09:23:09] [7074/13737] ✓ 4890 = 8.25g
[09:23:15] [7075/13737] ✗ 48909c01 - Bricklink 上不存在该零件
[09:23:21] [7076/13737] ✓ 4891 = 5.0g
[09:23:26] [7077/13737] ✗ 48910c01 - Bricklink 上不存在该零件
[09:23:32] [7078/13737] ✗ 48911c01 - Bricklink 上不存在该零件
[09:23:37] [7079/13737] ✓ 48912c01 = 19.0g
[09:23:42] [7080/13737] ✓ 4892 = 8.0g
[09:23:42] 进度 7080/13737 (51.5%) | 成功 4912 失败 2168 | 成功率 69.4% | 平均 6.5s/个 | 剩余 12.0h
[09:23:46] [7081/13737] ✓ 4893 = 18.0g
[09:23:52] [7082/13737] ✓ 48933 = 2.0g
[09:23:57] [7083/13737] ✓ 4894 = 6.0g
[09:24:02] [7084/13737] ✓ 4895 = 17.0g
[09:24:07] [7085/13737] ✓ 4896c01 = 97.0g
[09:24:11] [7086/13737] ✓ 48989 = 1.22g
[09:24:16] [7087/13737] ✓ 4899 = 3.68g
[09:24:22] [7088/13737] ✓ 48990 = 1.4g
[09:24:27] [7089/13737] ✗ 48990m - Bricklink 上不存在该零件
[09:24:33] [7090/13737] ✗ 48992 - Bricklink 上不存在该零件
[09:24:33] 进度 7090/13737 (51.6%) | 成功 4920 失败 2170 | 成功率 69.4% | 平均 6.5s/个 | 剩余 12.0h
[09:24:38] [7091/13737] ✓ 48995 = 0.7g
[09:24:55] [7092/13737] ✓ 4901c01 = 106.0g
[09:25:00] [7093/13737] ✓ 4904 = 6.0g
[09:25:05] [7094/13737] ✓ 4905 = 4.0g
[09:25:11] [7095/13737] ✗ 4905a - Bricklink 上不存在该零件
[09:25:15] [7096/13737] ✓ 4907 = 18.0g
[09:25:21] [7097/13737] ✓ 4908 = 10.0g
[09:25:27] [7098/13737] ✓ 49097 = 1.0g
[09:25:33] [7099/13737] ✓ 49098 = 0.72g
[09:25:37] [7100/13737] ✓ 4911 = 8.0g
[09:25:37] 进度 7100/13737 (51.7%) | 成功 4929 失败 2171 | 成功率 69.4% | 平均 6.5s/个 | 剩余 12.0h
[09:25:43] [7101/13737] ✓ 4912 = 2.0g
[09:25:48] [7102/13737] ✓ 4913 = 6.0g
[09:25:53] [7103/13737] ✗ 49130 - Bricklink 上不存在该零件
[09:25:58] [7104/13737] ✓ 4914 = 20.0g
[09:26:03] [7105/13737] ✓ 4915 = 5.84g
[09:26:10] [7106/13737] ✗ 49151 - Bricklink 上不存在该零件
[09:26:15] [7107/13737] ✗ 49153 - Bricklink 上不存在该零件
[09:26:20] [7108/13737] ✓ 4918c01 = 36.0g
[09:26:24] [7109/13737] ✓ 49193 = 0.28g
[09:26:30] [7110/13737] ✓ 4920 = 1.63g
[09:26:30] 进度 7110/13737 (51.8%) | 成功 4936 失败 2174 | 成功率 69.4% | 平均 6.5s/个 | 剩余 12.0h
[09:26:35] [7111/13737] ✓ 4922 = 0.37g
[09:26:40] [7112/13737] ✗ 49242 - Bricklink 上不存在该零件
[09:26:46] [7113/13737] ✗ 49247 - Bricklink 上不存在该零件
[09:26:51] [7114/13737] ✓ 49252 = 1.13g
[09:26:56] [7115/13737] ✓ 49254 = 30.0g
[09:27:02] [7116/13737] ✓ 4926 = 0.51g
[09:27:06] [7117/13737] ✓ 49265c01 = 99.0g
[09:27:12] [7118/13737] ✗ 49272 - 未在页面中找到重量数据
[09:27:18] [7119/13737] ✗ 49274 - 未在页面中找到重量数据
[09:27:23] [7120/13737] ✗ 49275 - Bricklink 上不存在该零件
[09:27:23] 进度 7120/13737 (51.8%) | 成功 4941 失败 2179 | 成功率 69.4% | 平均 6.5s/个 | 剩余 11.9h
[09:27:29] [7121/13737] ✓ 49283 = 0.4g
[09:27:34] [7122/13737] ✓ 49294 = 14.8g
[09:27:41] [7123/13737] ✗ 49295 - Bricklink 上不存在该零件
[09:27:47] [7124/13737] ✓ 49307 = 0.25g
[09:27:52] [7125/13737] ✓ 49308 = 2.1g
[09:27:57] [7126/13737] ✓ 49309 = 1.4g
[09:28:03] [7127/13737] ✓ 49311 = 3.97g
[09:28:07] [7128/13737] ✓ 49362 = 2.8g
[09:28:12] [7129/13737] ✓ 49418 = 0.19g
[09:28:17] [7130/13737] ✓ 49423 = 1.76g
[09:28:17] 进度 7130/13737 (51.9%) | 成功 4950 失败 2180 | 成功率 69.4% | 平均 6.5s/个 | 剩余 11.9h
[09:28:23] [7131/13737] ✗ 49452a - Bricklink 上不存在该零件
[09:28:29] [7132/13737] ✗ 49452b - Bricklink 上不存在该零件
[09:28:36] [7133/13737] ✗ 49452c01 - Bricklink 上不存在该零件
[09:29:00] [7134/13737] ✗ 4946 - Bricklink 上不存在该零件
[09:29:05] [7135/13737] ✓ 49465 = 26.02g
[09:29:11] [7136/13737] ✓ 4947 = 4.14g
[09:29:16] [7137/13737] ✓ 49484 = 0.96g
[09:29:21] [7138/13737] ✓ 49486 = 0.09g
[09:29:27] [7139/13737] ✓ 49492 = 0.56g
[09:29:32] [7140/13737] ✓ 49494 = 0.12g
[09:29:32] 进度 7140/13737 (52.0%) | 成功 4956 失败 2184 | 成功率 69.4% | 平均 6.5s/个 | 剩余 11.9h
[09:29:36] [7141/13737] ✓ 49523 = 3.8g
[09:29:41] [7142/13737] ✓ 49526 = 0.06g
[09:29:45] [7143/13737] ✓ 49527 = 0.12g
[09:29:50] [7144/13737] ✗ 49548 - Bricklink 上不存在该零件
[09:29:58] [7145/13737] ✗ 49555 - Bricklink 上不存在该零件
[09:30:02] [7146/13737] ✓ 49566 = 0.12g
[09:30:07] [7147/13737] ✓ 49567 = 0.1g
[09:30:19] [7148/13737] ✓ 49568 = 0.12g
[09:30:23] [7149/13737] ✓ 49570 = 25.42g
[09:30:29] [7150/13737] ✓ 49577 = 1.5g
[09:30:29] 进度 7150/13737 (52.0%) | 成功 4964 失败 2186 | 成功率 69.4% | 平均 6.5s/个 | 剩余 11.9h
[09:30:33] [7151/13737] ✓ 49585 = 0.9g
[09:30:38] [7152/13737] ✓ 49595 = 3.2g
[09:30:43] [7153/13737] ✓ 49595a = 0.21g
[09:30:47] [7154/13737] ✓ 49595b = 0.18g
[09:30:53] [7155/13737] ✓ 49595c = 0.24g
[09:30:58] [7156/13737] ✓ 49595d = 0.17g
[09:31:03] [7157/13737] ✓ 49595e = 0.19g
[09:31:09] [7158/13737] ✓ 49595f = 0.29g
[09:31:13] [7159/13737] ✓ 49595g = 0.49g
[09:31:21] [7160/13737] ✗ 4960 - Bricklink 上不存在该零件
[09:31:21] 进度 7160/13737 (52.1%) | 成功 4973 失败 2187 | 成功率 69.5% | 平均 6.5s/个 | 剩余 11.9h
[09:31:28] [7161/13737] ✓ 49612 = 6.71g
[09:31:34] [7162/13737] ✓ 49618 = 4.82g
[09:31:39] [7163/13737] ✗ 4962 - Bricklink 上不存在该零件
[09:31:46] [7164/13737] ✗ 4963 - Bricklink 上不存在该零件
[09:31:51] [7165/13737] ✓ 49649 = 4.0g
[09:31:56] [7166/13737] ✗ 49656 - Bricklink 上不存在该零件
[09:32:02] [7167/13737] ✗ 49661 - Bricklink 上不存在该零件
[09:32:08] [7168/13737] ✓ 49668 = 0.25g
[09:32:13] [7169/13737] ✓ 49699 = 4.63g
[09:32:18] [7170/13737] ✓ 49700 = 1.35g
[09:32:18] 进度 7170/13737 (52.2%) | 成功 4979 失败 2191 | 成功率 69.4% | 平均 6.5s/个 | 剩余 11.8h
[09:32:23] [7171/13737] ✓ 49731 = 0.17g
[09:32:27] [7172/13737] ✓ 49736 = 5.3g
[09:32:32] [7173/13737] ✓ 49737 = 5.8g
[09:32:38] [7174/13737] ✓ 4974 = 13.1g
[09:32:43] [7175/13737] ✓ 49743c01 = 5.96g
[09:32:47] [7176/13737] ✗ 49757 - Bricklink 上不存在该零件
[09:32:54] [7177/13737] ✗ 49767 - Bricklink 上不存在该零件
[09:33:00] [7178/13737] ✗ 49785 - Bricklink 上不存在该零件
[09:33:06] [7179/13737] ✗ 498 - Bricklink 上不存在该零件
[09:33:10] [7180/13737] ✓ 49815 = 8.0g
[09:33:10] 进度 7180/13737 (52.3%) | 成功 4985 失败 2195 | 成功率 69.4% | 平均 6.5s/个 | 剩余 11.8h
[09:33:15] [7181/13737] ✓ 49816 = 8.0g
[09:33:19] [7182/13737] ✓ 49817 = 11.0g
[09:33:25] [7183/13737] ✓ 49818 = 11.0g
[09:33:30] [7184/13737] ✓ 49821 = 14.0g
[09:33:35] [7185/13737] ✓ 49822 = 22.0g
[09:33:41] [7186/13737] ✓ 49823 = 18.0g
[09:33:46] [7187/13737] ✓ 49828 = 19.5g
[09:33:52] [7188/13737] ✓ 49829 = 12.0g
[09:33:57] [7189/13737] ✓ 49830 = 8.0g
[09:34:02] [7190/13737] ✗ 49833 - Bricklink 上不存在该零件
[09:34:02] 进度 7190/13737 (52.3%) | 成功 4994 失败 2196 | 成功率 69.5% | 平均 6.5s/个 | 剩余 11.8h
[09:34:06] [7191/13737] ✓ 49836c01 = 112.0g
[09:34:11] [7192/13737] ✗ 49854c01 - Bricklink 上不存在该零件
[09:34:17] [7193/13737] ✓ 4986 = 3.97g
[09:34:21] [7194/13737] ✓ 4987 = 2.11g
[09:34:26] [7195/13737] ✓ 4988 = 1.29g
[09:34:33] [7196/13737] ✗ 498a - Bricklink 上不存在该零件
[09:34:40] [7197/13737] ✗ 49917 - Bricklink 上不存在该零件
[09:34:45] [7198/13737] ✓ 49949 = 21.2g
[09:34:50] [7199/13737] ✓ 4997 = 26.0g
[09:34:54] [7200/13737] ✓ 49972 = 2.26g
[09:34:54] 进度 7200/13737 (52.4%) | 成功 5001 失败 2199 | 成功率 69.5% | 平均 6.5s/个 | 剩余 11.8h
[09:34:59] [7201/13737] ✓ 4998 = 33.4g
[09:35:03] [7202/13737] ✓ 4999 = 29.1g
[09:35:08] [7203/13737] ✓ 5000 = 38.1g
[09:35:15] [7204/13737] ✗ 5000688 - Bricklink 上不存在该零件
[09:35:22] [7205/13737] ✗ 50006995 - Bricklink 上不存在该零件
[09:35:28] [7206/13737] ✗ 50006996 - Bricklink 上不存在该零件
[09:35:33] [7207/13737] ✗ 50006997 - Bricklink 上不存在该零件
[09:35:39] [7208/13737] ✗ 5001335 - Bricklink 上不存在该零件
[09:35:44] [7209/13737] ✓ 50015 = 1.5g
[09:35:49] [7210/13737] ✓ 50018 = 4.51g
[09:35:49] 进度 7210/13737 (52.5%) | 成功 5006 失败 2204 | 成功率 69.4% | 平均 6.5s/个 | 剩余 11.7h
[09:35:55] [7211/13737] ✓ 50018a = 0.31g
[09:36:00] [7212/13737] ✓ 50018b = 0.33g
[09:36:06] [7213/13737] ✓ 50018c = 0.2g
[09:36:11] [7214/13737] ✓ 50018d = 0.25g
[09:36:17] [7215/13737] ✓ 50018e = 0.34g
[09:36:22] [7216/13737] ✓ 50018f = 0.22g
[09:36:27] [7217/13737] ✓ 50018g = 0.41g
[09:36:34] [7218/13737] ✗ 5002941comic - Bricklink 上不存在该零件
[09:36:41] [7219/13737] ✗ 5002941poster - Bricklink 上不存在该零件
[09:36:48] [7220/13737] ✗ 5003413 - Bricklink 上不存在该零件
[09:36:48] 进度 7220/13737 (52.6%) | 成功 5013 失败 2207 | 成功率 69.4% | 平均 6.5s/个 | 剩余 11.7h
[09:36:53] [7221/13737] ✗ 5004394cdb01 - Bricklink 上不存在该零件
[09:36:59] [7222/13737] ✗ 5004394cdb02 - Bricklink 上不存在该零件
[09:37:06] [7223/13737] ✗ 5004932book - Bricklink 上不存在该零件
[09:37:11] [7224/13737] ✗ 5004932card - Bricklink 上不存在该零件
[09:37:18] [7225/13737] ✗ 5004932suitcase - Bricklink 上不存在该零件
[09:37:23] [7226/13737] ✗ 5005239cdb01 - Bricklink 上不存在该零件
[09:37:29] [7227/13737] ✗ 5011 - Bricklink 上不存在该零件
[09:37:34] [7228/13737] ✓ 50125 = 0.3g
[09:37:41] [7229/13737] ✗ 50163 - Bricklink 上不存在该零件
[09:37:45] [7230/13737] ✓ 5019 = 0.5g
[09:37:45] 进度 7230/13737 (52.6%) | 成功 5015 失败 2215 | 成功率 69.4% | 平均 6.5s/个 | 剩余 11.7h
[09:37:50] [7231/13737] ✗ 501a - Bricklink 上不存在该零件
[09:37:55] [7232/13737] ✗ 501b - Bricklink 上不存在该零件
[09:38:00] [7233/13737] ✗ 501c - Bricklink 上不存在该零件
[09:38:05] [7234/13737] ✗ 502 - Bricklink 上不存在该零件
[09:38:09] [7235/13737] ✓ 5021 = 2.53g
[09:38:14] [7236/13737] ✓ 50217 = 1.06g
[09:38:20] [7237/13737] ✓ 5022 = 0.25g
[09:38:25] [7238/13737] ✗ 50223 - Bricklink 上不存在该零件
[09:38:30] [7239/13737] ✓ 50224 = 4.75g
[09:38:35] [7240/13737] ✗ 50231 - Bricklink 上不存在该零件
[09:38:35] 进度 7240/13737 (52.7%) | 成功 5019 失败 2221 | 成功率 69.3% | 平均 6.5s/个 | 剩余 11.7h
[09:38:42] [7241/13737] ✗ 50231a - Bricklink 上不存在该零件
[09:38:47] [7242/13737] ✗ 50242 - Bricklink 上不存在该零件
[09:38:53] [7243/13737] ✗ 50250 - Bricklink 上不存在该零件
[09:38:58] [7244/13737] ✓ 50254 = 0.31g
[09:39:04] [7245/13737] ✗ 503 - Bricklink 上不存在该零件
[09:39:10] [7246/13737] ✓ 50303 = 4.17g
[09:39:15] [7247/13737] ✓ 50304 = 2.5g
[09:39:20] [7248/13737] ✓ 50305 = 2.5g
[09:39:25] [7249/13737] ✓ 5032 = 1.84g
[09:39:29] [7250/13737] ✓ 5033 = 2.45g
[09:39:29] 进度 7250/13737 (52.8%) | 成功 5025 失败 2225 | 成功率 69.3% | 平均 6.5s/个 | 剩余 11.7h
[09:39:36] [7251/13737] ✓ 50335 = 3.97g
[09:39:42] [7252/13737] ✗ 50337 - Bricklink 上不存在该零件
[09:39:48] [7253/13737] ✗ 50340 - Bricklink 上不存在该零件
[09:39:54] [7254/13737] ✓ 50373 = 2.68g
[09:40:00] [7255/13737] ✓ 50384 = 84.56g
[09:40:08] [7256/13737] ✗ 503c01 - Bricklink 上不存在该零件
[09:40:13] [7257/13737] ✓ 50407 = 0.67g
[09:40:18] [7258/13737] ✓ 50408 = 4.51g
[09:40:23] [7259/13737] ✗ 50429 - Bricklink 上不存在该零件
[09:40:28] [7260/13737] ✓ 50450 = 4.75g
[09:40:28] 进度 7260/13737 (52.8%) | 成功 5031 失败 2229 | 成功率 69.3% | 平均 6.5s/个 | 剩余 11.6h
[09:40:32] [7261/13737] ✓ 50451 = 2.37g
[09:40:38] [7262/13737] ✓ 50525 = 0.14g
[09:40:43] [7263/13737] ✓ 50559 = 0.05g
[09:41:06] [7264/13737] ✓ 5056 = 7.58g
[09:41:11] [7265/13737] ✓ 5057 = 6.89g
[09:41:16] [7266/13737] ✗ 50574c01 - Bricklink 上不存在该零件
[09:41:22] [7267/13737] ✓ 5058 = 1.3g
[09:41:26] [7268/13737] ✓ 50581 = 0.07g
[09:41:31] [7269/13737] ✓ 5059 = 0.12g
[09:41:36] [7270/13737] ✓ 50602 = 2.05g
[09:41:36] 进度 7270/13737 (52.9%) | 成功 5040 失败 2230 | 成功率 69.3% | 平均 6.5s/个 | 剩余 11.6h
[09:41:42] [7271/13737] ✓ 50616 = 5.3g
[09:41:46] [7272/13737] ✓ 50623 = 4.6g
[09:41:50] [7273/13737] ✓ 50624 = 4.0g
[09:41:56] [7274/13737] ✓ 50625 = 2.69g
[09:42:00] [7275/13737] ✓ 50626 = 4.0g
[09:42:05] [7276/13737] ✓ 50627 = 3.54g
[09:42:10] [7277/13737] ✓ 50629 = 3.05g
[09:42:18] [7278/13737] ✓ 5064 = 0.12g
[09:42:27] [7279/13737] ✓ 5065 = 5.05g
[09:42:32] [7280/13737] ✓ 5066 = 0.87g
[09:42:32] 进度 7280/13737 (53.0%) | 成功 5050 失败 2230 | 成功率 69.4% | 平均 6.5s/个 | 剩余 11.6h
[09:42:38] [7281/13737] ✓ 50665 = 0.42g
[09:42:44] [7282/13737] ✓ 50687 = 0.87g
[09:42:49] [7283/13737] ✓ 50689 = 0.06g
[09:42:55] [7284/13737] ✗ 50690 - Bricklink 上不存在该零件
[09:43:01] [7285/13737] ✓ 50704 = 4.31g
[09:43:05] [7286/13737] ✓ 50711 = 0.43g
[09:43:11] [7287/13737] ✗ 50726 - Bricklink 上不存在该零件
[09:43:17] [7288/13737] ✓ 50734 = 265.0g
[09:43:24] [7289/13737] ✓ 50745 = 1.6g
[09:43:29] [7290/13737] ✓ 50747 = 7.3g
[09:43:29] 进度 7290/13737 (53.1%) | 成功 5058 失败 2232 | 成功率 69.4% | 平均 6.5s/个 | 剩余 11.6h
[09:43:36] [7291/13737] ✗ 50769 - Bricklink 上不存在该零件
[09:43:41] [7292/13737] ✓ 50820 = 56.0g
[09:43:45] [7293/13737] ✓ 50821 = 68.0g
[09:43:51] [7294/13737] ✓ 50821c01 = 125.5g
[09:43:55] [7295/13737] ✓ 5083 = 0.62g
[09:44:00] [7296/13737] ✗ 50855 - Bricklink 上不存在该零件
[09:44:06] [7297/13737] ✓ 50858 = 2.13g
[09:44:12] [7298/13737] ✓ 50859a = 3.0g
[09:44:16] [7299/13737] ✓ 50859b = 2.9g
[09:44:20] [7300/13737] ✓ 5086 = 102.85g
[09:44:20] 进度 7300/13737 (53.1%) | 成功 5066 失败 2234 | 成功率 69.4% | 平均 6.5s/个 | 剩余 11.6h
[09:44:26] [7301/13737] ✓ 50860 = 2.69g
[09:44:32] [7302/13737] ✓ 50861 = 0.83g
[09:44:38] [7303/13737] ✓ 50862 = 0.5g
[09:44:43] [7304/13737] ✓ 5087 = 94.8g
[09:44:48] [7305/13737] ✓ 50898 = 2.6g
[09:44:54] [7306/13737] ✓ 50899 = 1.09g
[09:44:59] [7307/13737] ✓ 5090 = 1.73g
[09:45:18] [7308/13737] ✓ 50900 = 3.5g
[09:45:24] [7309/13737] ✓ 50901 = 1.43g
[09:45:30] [7310/13737] ✗ 50903 - Bricklink 上不存在该零件
[09:45:30] 进度 7310/13737 (53.2%) | 成功 5075 失败 2235 | 成功率 69.4% | 平均 6.5s/个 | 剩余 11.6h
[09:45:34] [7311/13737] ✓ 50904 = 3.5g
[09:45:39] [7312/13737] ✓ 50905 = 9.9g
[09:45:46] [7313/13737] ✓ 50906 = 3.2g
[09:45:52] [7314/13737] ✓ 50907 = 10.15g
[09:45:56] [7315/13737] ✓ 50908 = 3.13g
[09:46:01] [7316/13737] ✓ 50909 = 10.0g
[09:46:06] [7317/13737] ✓ 5091 = 0.22g
[09:46:12] [7318/13737] ✓ 50910 = 3.25g
[09:46:16] [7319/13737] ✓ 50911 = 10.15g
[09:46:21] [7320/13737] ✓ 50912 = 10.0g
[09:46:21] 进度 7320/13737 (53.3%) | 成功 5085 失败 2235 | 成功率 69.5% | 平均 6.5s/个 | 剩余 11.5h
[09:46:26] [7321/13737] ✓ 50913 = 10.1g
[09:46:31] [7322/13737] ✓ 50914 = 3.6g
[09:46:39] [7323/13737] ✓ 50915 = 2.8g
[09:46:44] [7324/13737] ✓ 50918 = 3.93g
[09:46:48] [7325/13737] ✓ 50919 = 4.2g
[09:46:54] [7326/13737] ✓ 5092 = 0.22g
[09:46:58] [7327/13737] ✓ 50920 = 5.12g
[09:47:04] [7328/13737] ✓ 50921 = 2.98g
[09:47:09] [7329/13737] ✓ 50922 = 3.92g
[09:47:15] [7330/13737] ✓ 50923 = 1.17g
[09:47:15] 进度 7330/13737 (53.4%) | 成功 5095 失败 2235 | 成功率 69.5% | 平均 6.5s/个 | 剩余 11.5h
[09:47:26] [7331/13737] ✓ 50925 = 6.73g
[09:47:31] [7332/13737] ✓ 50926 = 2.75g
[09:47:36] [7333/13737] ✓ 50927 = 4.8g
[09:47:41] [7334/13737] ✓ 50928 = 4.5g
[09:47:49] [7335/13737] ✓ 50929 = 4.27g
[09:47:57] [7336/13737] ✓ 5093 = 0.5g
[09:48:09] [7337/13737] ✓ 50931 = 4.67g
[09:48:15] [7338/13737] ✓ 50932 = 4.2g
[09:48:20] [7339/13737] ✓ 50933 = 4.27g
[09:48:24] [7340/13737] ✓ 50939 = 0.5g
[09:48:24] 进度 7340/13737 (53.4%) | 成功 5105 失败 2235 | 成功率 69.6% | 平均 6.5s/个 | 剩余 11.5h
[09:48:29] [7341/13737] ✓ 50940 = 1.8g
[09:48:34] [7342/13737] ✓ 50943 = 1.17g
[09:48:39] [7343/13737] ✓ 50944 = 0.32g
[09:48:43] [7344/13737] ✓ 50946 = 1.33g
[09:48:49] [7345/13737] ✓ 50947 = 0.7g
[09:48:53] [7346/13737] ✓ 50948 = 1.33g
[09:48:58] [7347/13737] ✓ 50949 = 0.9g
[09:49:04] [7348/13737] ✓ 5095 = 0.5g
[09:49:10] [7349/13737] ✓ 50950 = 0.75g
[09:49:15] [7350/13737] ✗ 50951 - Bricklink 上不存在该零件
[09:49:15] 进度 7350/13737 (53.5%) | 成功 5114 失败 2236 | 成功率 69.6% | 平均 6.5s/个 | 剩余 11.5h
[09:49:22] [7351/13737] ✓ 50955 = 4.3g
[09:49:28] [7352/13737] ✓ 50956 = 4.3g
[09:49:33] [7353/13737] ✓ 50965 = 2.0g
[09:49:38] [7354/13737] ✓ 50967 = 1.75g
[09:49:44] [7355/13737] ✓ 5098 = 1.2g
[09:49:49] [7356/13737] ✓ 50986 = 12.0g
[09:49:55] [7357/13737] ✓ 50990a = 9.3g
[09:50:02] [7358/13737] ✓ 50990b = 9.3g
[09:50:07] [7359/13737] ✗ 50993 - Bricklink 上不存在该零件
[09:50:12] [7360/13737] ✓ 50994 = 0.6g
[09:50:12] 进度 7360/13737 (53.6%) | 成功 5123 失败 2237 | 成功率 69.6% | 平均 6.5s/个 | 剩余 11.5h
[09:50:17] [7361/13737] ✗ 51 - Bricklink 上不存在该零件
[09:50:23] [7362/13737] ✓ 5100 = 30.26g
[09:50:29] [7363/13737] ✗ 51000 - Bricklink 上不存在该零件
[09:50:35] [7364/13737] ✗ 51011 - Bricklink 上不存在该零件
[09:50:40] [7365/13737] ✗ 5102 - 未在页面中找到重量数据
[09:50:46] [7366/13737] ✓ 51026 = 0.9g
[09:50:52] [7367/13737] ✗ 51027 - Bricklink 上不存在该零件
[09:50:57] [7368/13737] ✗ 5102c01.875 - Bricklink 上不存在该零件
[09:51:01] [7369/13737] ✓ 5102c02 = 0.23g
[09:51:09] [7370/13737] ✗ 5102c02.5 - Bricklink 上不存在该零件
[09:51:09] 进度 7370/13737 (53.7%) | 成功 5126 失败 2244 | 成功率 69.6% | 平均 6.5s/个 | 剩余 11.4h
[09:51:14] [7371/13737] ✓ 5102c03 = 0.35g
[09:51:21] [7372/13737] ✗ 5102c03.125 - Bricklink 上不存在该零件
[09:51:27] [7373/13737] ✗ 5102c03.75 - Bricklink 上不存在该零件
[09:51:33] [7374/13737] ✓ 5102c04 = 0.46g
[09:51:40] [7375/13737] ✗ 5102c04.375 - Bricklink 上不存在该零件
[09:51:46] [7376/13737] ✓ 5102c05 = 0.58g
[09:51:50] [7377/13737] ✓ 5102c06 = 0.69g
[09:51:56] [7378/13737] ✗ 5102c06.25 - Bricklink 上不存在该零件
[09:52:02] [7379/13737] ✗ 5102c06.875 - Bricklink 上不存在该零件
[09:52:07] [7380/13737] ✓ 5102c07 = 0.81g
[09:52:07] 进度 7380/13737 (53.7%) | 成功 5131 失败 2249 | 成功率 69.5% | 平均 6.5s/个 | 剩余 11.4h
[09:52:12] [7381/13737] ✗ 5102c07.5 - Bricklink 上不存在该零件
[09:52:18] [7382/13737] ✓ 5102c08 = 0.92g
[09:52:23] [7383/13737] ✗ 5102c08.75 - Bricklink 上不存在该零件
[09:52:30] [7384/13737] ✓ 5102c09 = 1.04g
[09:52:36] [7385/13737] ✗ 5102c09.375 - Bricklink 上不存在该零件
[09:52:42] [7386/13737] ✓ 5102c10 = 1.16g
[09:52:47] [7387/13737] ✓ 5102c100 = 11.6g
[09:52:53] [7388/13737] ✓ 5102c11 = 1.27g
[09:52:58] [7389/13737] ✗ 5102c11.25 - Bricklink 上不存在该零件
[09:53:04] [7390/13737] ✓ 5102c12 = 1.39g
[09:53:04] 进度 7390/13737 (53.8%) | 成功 5137 失败 2253 | 成功率 69.5% | 平均 6.5s/个 | 剩余 11.4h
[09:53:15] [7391/13737] ✓ 5102c122 = 14.1g
[09:53:21] [7392/13737] ✗ 5102c12.5 - Bricklink 上不存在该零件
[09:53:27] [7393/13737] ✓ 5102c128 = 14.8g
[09:53:32] [7394/13737] ✓ 5102c13 = 1.5g
[09:53:39] [7395/13737] ✗ 5102c13.75 - Bricklink 上不存在该零件
[09:53:44] [7396/13737] ✓ 5102c138 = 15.9g
[09:53:50] [7397/13737] ✓ 5102c14 = 1.62g
[09:53:56] [7398/13737] ✓ 5102c15 = 1.73g
[09:54:01] [7399/13737] ✓ 5102c16 = 1.85g
[09:54:06] [7400/13737] ✗ 5102c16.25 - Bricklink 上不存在该零件
[09:54:06] 进度 7400/13737 (53.9%) | 成功 5144 失败 2256 | 成功率 69.5% | 平均 6.5s/个 | 剩余 11.4h
[09:54:12] [7401/13737] ✓ 5102c17 = 1.96g
[09:54:18] [7402/13737] ✗ 5102c17.5 - Bricklink 上不存在该零件
[09:54:22] [7403/13737] ✓ 5102c18 = 2.08g
[09:54:28] [7404/13737] ✗ 5102c18.125 - Bricklink 上不存在该零件
[09:54:34] [7405/13737] ✗ 5102c18.75 - Bricklink 上不存在该零件
[09:54:39] [7406/13737] ✓ 5102c19 = 2.19g
[09:54:45] [7407/13737] ✓ 5102c195 = 21.0g
[09:54:50] [7408/13737] ✓ 5102c20 = 2.31g
[09:54:55] [7409/13737] ✓ 5102c200 = 22.5g
[09:55:01] [7410/13737] ✓ 5102c207 = 23.9g
[09:55:01] 进度 7410/13737 (53.9%) | 成功 5151 失败 2259 | 成功率 69.5% | 平均 6.5s/个 | 剩余 11.4h
[09:55:05] [7411/13737] ✓ 5102c21 = 2.43g
[09:55:12] [7412/13737] ✗ 5102c22.5 - Bricklink 上不存在该零件
[09:55:17] [7413/13737] ✓ 5102c23 = 2.66g
[09:55:23] [7414/13737] ✗ 5102c23.75 - Bricklink 上不存在该零件
[09:55:27] [7415/13737] ✓ 5102c24 = 2.77g
[09:55:40] [7416/13737] ✗ 5102c24.375 - Bricklink 上不存在该零件
[09:55:45] [7417/13737] ✓ 5102c25 = 2.89g
[09:55:50] [7418/13737] ✓ 5102c250 = 25.86g
[09:55:54] [7419/13737] ✗ 5102c26.25 - Bricklink 上不存在该零件
[09:56:00] [7420/13737] ✓ 5102c27 = 3.12g
[09:56:00] 进度 7420/13737 (54.0%) | 成功 5157 失败 2263 | 成功率 69.5% | 平均 6.5s/个 | 剩余 11.3h
[09:56:06] [7421/13737] ✗ 5102c27.5 - Bricklink 上不存在该零件
[09:56:10] [7422/13737] ✓ 5102c28 = 3.24g
[09:56:16] [7423/13737] ✗ 5102c28.125 - Bricklink 上不存在该零件
[09:56:21] [7424/13737] ✓ 5102c29 = 3.35g
[09:56:26] [7425/13737] ✓ 5102c30 = 3.47g
[09:56:31] [7426/13737] ✓ 5102c31 = 3.58g
[09:56:35] [7427/13737] ✓ 5102c32 = 3.7g
[09:56:41] [7428/13737] ✗ 5102c32.5 - Bricklink 上不存在该零件
[09:56:45] [7429/13737] ✓ 5102c33 = 3.81g
[09:56:52] [7430/13737] ✗ 5102c33.75 - Bricklink 上不存在该零件
[09:56:52] 进度 7430/13737 (54.1%) | 成功 5163 失败 2267 | 成功率 69.5% | 平均 6.5s/个 | 剩余 11.3h
[09:56:57] [7431/13737] ✓ 5102c36 = 4.16g
[09:57:03] [7432/13737] ✓ 5102c37 = 4.28g
[09:57:08] [7433/13737] ✓ 5102c38 = 4.39g
[09:57:15] [7434/13737] ✗ 5102c38.75 - Bricklink 上不存在该零件
[09:57:20] [7435/13737] ✓ 5102c39 = 3.8g
[09:57:25] [7436/13737] ✓ 5102c40 = 4.62g
[09:57:30] [7437/13737] ✓ 5102c406 = 46.9g
[09:57:35] [7438/13737] ✓ 5102c42 = 4.85g
[09:57:41] [7439/13737] ✗ 5102c42.5 - Bricklink 上不存在该零件
[09:57:48] [7440/13737] ✗ 5102c43 - Bricklink 上不存在该零件
[09:57:48] 进度 7440/13737 (54.2%) | 成功 5170 失败 2270 | 成功率 69.5% | 平均 6.5s/个 | 剩余 11.3h
[09:57:54] [7441/13737] ✗ 5102c43.75 - Bricklink 上不存在该零件
[09:57:58] [7442/13737] ✓ 5102c450 = 52.0g
[09:58:04] [7443/13737] ✓ 5102c48 = 5.55g
[09:58:09] [7444/13737] ✓ 5102c50 = 5.78g
[09:58:14] [7445/13737] ✓ 5102c52 = 5.26g
[09:58:19] [7446/13737] ✓ 5102c54 = 6.24g
[09:58:25] [7447/13737] ✓ 5102c60 = 6.93g
[09:58:30] [7448/13737] ✓ 5102c66 = 7.63g
[09:58:35] [7449/13737] ✓ 5102c68 = 7.86g
[09:58:40] [7450/13737] ✗ 5102c75 - Bricklink 上不存在该零件
[09:58:41] 进度 7450/13737 (54.2%) | 成功 5178 失败 2272 | 成功率 69.5% | 平均 6.5s/个 | 剩余 11.3h
[09:58:46] [7451/13737] ✓ 5102c76 = 8.78g
[09:58:50] [7452/13737] ✓ 5102c80 = 9.24g
[09:58:57] [7453/13737] ✓ 5102c89 = 10.3g
[09:59:02] [7454/13737] ✓ 5103 = 1.68g
[09:59:07] [7455/13737] ✓ 51034 = 8.41g
[09:59:12] [7456/13737] ✓ 51035 = 0.5g
[09:59:19] [7457/13737] ✓ 51036 = 0.75g
[09:59:25] [7458/13737] ✗ 51041 - Bricklink 上不存在该零件
[09:59:30] [7459/13737] ✓ 51042 = 106.44g
[09:59:35] [7460/13737] ✓ 51043 = 31.11g
[09:59:35] 进度 7460/13737 (54.3%) | 成功 5187 失败 2273 | 成功率 69.5% | 平均 6.5s/个 | 剩余 11.3h
[09:59:39] [7461/13737] ✓ 51052 = 0.26g
[09:59:46] [7462/13737] ✓ 5106 = 0.22g
[09:59:50] [7463/13737] ✓ 51066 = 0.7g
[09:59:54] [7464/13737] ✓ 5107 = 0.33g
[09:59:59] [7465/13737] ✓ 5108 = 1.0g
[10:00:07] [7466/13737] ✗ 51138 - Bricklink 上不存在该零件
[10:00:14] [7467/13737] ✗ 51149 - Bricklink 上不存在该零件
[10:00:19] [7468/13737] ✓ 51152 = 0.87g
[10:00:23] [7469/13737] ✓ 51154 = 0.87g
[10:00:30] [7470/13737] ✓ 51155 = 0.6g
[10:00:30] 进度 7470/13737 (54.4%) | 成功 5195 失败 2275 | 成功率 69.5% | 平均 6.5s/个 | 剩余 11.2h
[10:00:37] [7471/13737] ✗ 51156 - Bricklink 上不存在该零件
[10:00:43] [7472/13737] ✓ 51158 = 3.02g
[10:00:50] [7473/13737] ✗ 51159 - Bricklink 上不存在该零件
[10:00:54] [7474/13737] ✓ 51163cx1 = 41.5g
[10:01:01] [7475/13737] ✗ 51164 - Bricklink 上不存在该零件
[10:01:06] [7476/13737] ✓ 5117 = 9.13g
[10:01:11] [7477/13737] ✓ 5118 = 10.37g
[10:01:15] [7478/13737] ✓ 5119 = 6.01g
[10:01:21] [7479/13737] ✓ 5120 = 7.94g
[10:01:27] [7480/13737] ✓ 5121 = 10.57g
[10:01:27] 进度 7480/13737 (54.5%) | 成功 5202 失败 2278 | 成功率 69.5% | 平均 6.5s/个 | 剩余 11.2h
[10:01:33] [7481/13737] ✓ 51219 = 2.25g
[10:01:39] [7482/13737] ✓ 5122 = 8.18g
[10:01:44] [7483/13737] ✓ 5123 = 7.73g
[10:01:50] [7484/13737] ✓ 51239 = 1.6g
[10:01:54] [7485/13737] ✓ 5124 = 7.6g
[10:02:00] [7486/13737] ✓ 51260 = 38.0g
[10:02:06] [7487/13737] ✓ 51261 = 34.0g
[10:02:12] [7488/13737] ✓ 51262 = 56.0g
[10:02:17] [7489/13737] ✓ 51265 = 12.2g
[10:02:22] [7490/13737] ✓ 51266 = 0.76g
[10:02:22] 进度 7490/13737 (54.5%) | 成功 5212 失败 2278 | 成功率 69.6% | 平均 6.5s/个 | 剩余 11.2h
[10:02:27] [7491/13737] ✓ 51268 = 3.0g
[10:02:32] [7492/13737] ✓ 51269 = 2.0g
[10:02:37] [7493/13737] ✓ 51270 = 1.08g
[10:02:43] [7494/13737] ✗ 51274 - Bricklink 上不存在该零件
[10:02:49] [7495/13737] ✗ 51275 - Bricklink 上不存在该零件
[10:02:53] [7496/13737] ✓ 51276 = 16.92g
[10:02:59] [7497/13737] ✗ 51277 - Bricklink 上不存在该零件
[10:03:05] [7498/13737] ✓ 51278 = 1.3g
[10:03:11] [7499/13737] ✓ 51283 = 1.14g
[10:03:17] [7500/13737] ✓ 51285 = 4.38g
[10:03:17] 进度 7500/13737 (54.6%) | 成功 5219 失败 2281 | 成功率 69.6% | 平均 6.4s/个 | 剩余 11.2h
[10:03:22] [7501/13737] ✓ 51288 = 7.2g
[10:03:27] [7502/13737] ✓ 51342 = 9.11g
[10:03:32] [7503/13737] ✓ 51377 = 1.71g
[10:03:37] [7504/13737] ✓ 51378 = 13.5g
[10:03:43] [7505/13737] ✓ 51379 = 50.2g
[10:03:49] [7506/13737] ✓ 51380 = 40.66g
[10:03:54] [7507/13737] ✓ 51383 = 22.0g
[10:03:59] [7508/13737] ✗ 51385 - Bricklink 上不存在该零件
[10:04:06] [7509/13737] ✗ 51407 - Bricklink 上不存在该零件
[10:04:11] [7510/13737] ✗ 51409 - Bricklink 上不存在该零件
[10:04:12] 进度 7510/13737 (54.7%) | 成功 5226 失败 2284 | 成功率 69.6% | 平均 6.4s/个 | 剩余 11.2h
[10:04:17] [7511/13737] ✓ 51440 = 0.5g
[10:04:23] [7512/13737] ✗ 51445 - Bricklink 上不存在该零件
[10:04:27] [7513/13737] ✓ 51450 = 0.2g
[10:04:33] [7514/13737] ✓ 51451 = 0.11g
[10:04:38] [7515/13737] ✓ 51460 = 0.05g
[10:04:44] [7516/13737] ✗ 51461a - Bricklink 上不存在该零件
[10:04:50] [7517/13737] ✗ 51461b - Bricklink 上不存在该零件
[10:04:55] [7518/13737] ✓ 51462 = 6.84g
[10:05:02] [7519/13737] ✗ 51482 - Bricklink 上不存在该零件
[10:05:06] [7520/13737] ✓ 5149 = 1.36g
[10:05:06] 进度 7520/13737 (54.7%) | 成功 5232 失败 2288 | 成功率 69.6% | 平均 6.4s/个 | 剩余 11.1h
[10:05:11] [7521/13737] ✓ 51501 = 0.12g
[10:05:15] [7522/13737] ✓ 51502 = 0.25g
[10:05:21] [7523/13737] ✗ 51503 - Bricklink 上不存在该零件
[10:05:26] [7524/13737] ✗ 51504 - Bricklink 上不存在该零件
[10:05:32] [7525/13737] ✗ 51509a - Bricklink 上不存在该零件
[10:05:42] [7526/13737] ✗ 51509b - Bricklink 上不存在该零件
[10:05:58] [7527/13737] ✓ 5151 = 2.1g
[10:06:03] [7528/13737] ✓ 5152 = 1.5g
[10:06:24] [7529/13737] ✓ 5153 = 0.42g
[10:06:30] [7530/13737] ✓ 51542 = 210.0g
[10:06:30] 进度 7530/13737 (54.8%) | 成功 5238 失败 2292 | 成功率 69.6% | 平均 6.4s/个 | 剩余 11.1h
[10:06:35] [7531/13737] ✓ 51546 = 15.07g
[10:06:40] [7532/13737] ✓ 51547 = 25.0g
[10:06:46] [7533/13737] ✓ 51557 = 34.27g
[10:06:52] [7534/13737] ✓ 51558 = 30.73g
[10:06:57] [7535/13737] ✓ 51559 = 70.0g
[10:07:03] [7536/13737] ✗ 51560 - Bricklink 上不存在该零件
[10:07:08] [7537/13737] ✗ 51574 - Bricklink 上不存在该零件
[10:07:15] [7538/13737] ✗ 51575 - Bricklink 上不存在该零件
[10:07:21] [7539/13737] ✗ 51585 - Bricklink 上不存在该零件
[10:07:26] [7540/13737] ✗ 51591 - Bricklink 上不存在该零件
[10:07:26] 进度 7540/13737 (54.9%) | 成功 5243 失败 2297 | 成功率 69.5% | 平均 6.4s/个 | 剩余 11.1h
[10:07:32] [7541/13737] ✗ 51595 - Bricklink 上不存在该零件
[10:07:39] [7542/13737] ✗ 51635 - Bricklink 上不存在该零件
[10:07:46] [7543/13737] ✗ 51636 - Bricklink 上不存在该零件
[10:07:51] [7544/13737] ✗ 51637 - Bricklink 上不存在该零件
[10:07:56] [7545/13737] ✗ 51638 - Bricklink 上不存在该零件
[10:08:03] [7546/13737] ✗ 51639 - Bricklink 上不存在该零件
[10:08:08] [7547/13737] ✗ 51640 - Bricklink 上不存在该零件
[10:08:13] [7548/13737] ✓ 51641 = 1.1g
[10:08:17] [7549/13737] ✓ 51642 = 1.0g
[10:08:21] [7550/13737] ✓ 51643 = 1.1g
[10:08:21] 进度 7550/13737 (55.0%) | 成功 5246 失败 2304 | 成功率 69.5% | 平均 6.4s/个 | 剩余 11.1h
[10:08:26] [7551/13737] ✓ 51644 = 0.9g
[10:08:32] [7552/13737] ✓ 51645 = 0.9g
[10:08:36] [7553/13737] ✓ 51661 = 9.0g
[10:08:43] [7554/13737] ✗ 51662c01 - Bricklink 上不存在该零件
[10:08:47] [7555/13737] ✓ 51663 = 0.95g
[10:08:53] [7556/13737] ✓ 51674 = 0.48g
[10:08:57] [7557/13737] ✓ 51675 = 0.39g
[10:09:02] [7558/13737] ✓ 51676 = 0.5g
[10:09:07] [7559/13737] ✓ 51686 = 0.78g
[10:09:12] [7560/13737] ✓ 51689 = 15.0g
[10:09:12] 进度 7560/13737 (55.0%) | 成功 5255 失败 2305 | 成功率 69.5% | 平均 6.4s/个 | 剩余 11.1h
[10:09:17] [7561/13737] ✓ 51695 = 37.0g
[10:09:22] [7562/13737] ✓ 51697 = 43.0g
[10:09:28] [7563/13737] ✓ 51698 = 19.3g
[10:09:33] [7564/13737] ✓ 51702 = 29.81g
[10:09:38] [7565/13737] ✓ 51703 = 3.65g
[10:09:42] [7566/13737] ✓ 51704 = 32.0g
[10:09:48] [7567/13737] ✓ 51705 = 44.5g
[10:09:53] [7568/13737] ✓ 51706 = 7.5g
[10:09:58] [7569/13737] ✓ 51708 = 3.0g
[10:10:04] [7570/13737] ✓ 51714 = 2.0g
[10:10:04] 进度 7570/13737 (55.1%) | 成功 5265 失败 2305 | 成功率 69.6% | 平均 6.4s/个 | 剩余 11.0h
[10:10:10] [7571/13737] ✗ 51715 - 未在页面中找到重量数据
[10:10:14] [7572/13737] ✓ 51725 = 2.51g
[10:10:20] [7573/13737] ✓ 51731 = 4.0g
[10:10:24] [7574/13737] ✓ 51732 = 26.5g
[10:10:32] [7575/13737] ✓ 51739 = 0.84g
[10:10:37] [7576/13737] ✓ 5174 = 2.35g
[10:10:49] [7577/13737] ✓ 5175 = 1.56g
[10:10:55] [7578/13737] ✓ 51786 = 2.0g
[10:11:02] [7579/13737] ✗ 51796 - Bricklink 上不存在该零件
[10:11:08] [7580/13737] ✗ 51797 - Bricklink 上不存在该零件
[10:11:08] 进度 7580/13737 (55.2%) | 成功 5272 失败 2308 | 成功率 69.6% | 平均 6.4s/个 | 剩余 11.0h
[10:11:15] [7581/13737] ✗ 51798 - Bricklink 上不存在该零件
[10:11:22] [7582/13737] ✗ 51799 - Bricklink 上不存在该零件
[10:11:28] [7583/13737] ✓ 518 = 2.96g
[10:11:34] [7584/13737] ✗ 51800 - Bricklink 上不存在该零件
[10:11:39] [7585/13737] ✗ 51801 - Bricklink 上不存在该零件
[10:11:44] [7586/13737] ✓ 51802 = 1.3g
[10:11:50] [7587/13737] ✓ 51803 = 1.14g
[10:11:55] [7588/13737] ✓ 51804 = 1.04g
[10:12:01] [7589/13737] ✓ 51805 = 1.5g
[10:12:08] [7590/13737] ✓ 51806 = 1.1g
[10:12:08] 进度 7590/13737 (55.3%) | 成功 5278 失败 2312 | 成功率 69.5% | 平均 6.4s/个 | 剩余 11.0h
[10:12:15] [7591/13737] ✓ 51807 = 1.15g
[10:12:20] [7592/13737] ✓ 51808 = 3.95g
[10:12:26] [7593/13737] ✓ 51810 = 3.94g
[10:12:31] [7594/13737] ✓ 51811 = 3.94g
[10:12:38] [7595/13737] ✓ 51812 = 3.66g
[10:12:43] [7596/13737] ✓ 51813 = 3.68g
[10:12:48] [7597/13737] ✓ 51814 = 4.52g
[10:12:52] [7598/13737] ✓ 51858 = 2.3g
[10:12:57] [7599/13737] ✓ 5187 = 0.67g
[10:13:03] [7600/13737] ✗ 51874 - Bricklink 上不存在该零件
[10:13:03] 进度 7600/13737 (55.3%) | 成功 5287 失败 2313 | 成功率 69.6% | 平均 6.4s/个 | 剩余 11.0h
[10:13:10] [7601/13737] ✗ 51874a - Bricklink 上不存在该零件
[10:13:17] [7602/13737] ✓ 5188 = 0.36g
[10:13:24] [7603/13737] ✗ 51907 - Bricklink 上不存在该零件
[10:13:30] [7604/13737] ✓ 51937 = 6.48g
[10:13:35] [7605/13737] ✗ 51957 - Bricklink 上不存在该零件
[10:13:42] [7606/13737] ✗ 51991 - Bricklink 上不存在该零件
[10:13:47] [7607/13737] ✗ 51991a - Bricklink 上不存在该零件
[10:13:55] [7608/13737] ✗ 51991b - Bricklink 上不存在该零件
[10:14:02] [7609/13737] ✗ 51991c - Bricklink 上不存在该零件
[10:14:08] [7610/13737] ✗ 51991d - Bricklink 上不存在该零件
[10:14:08] 进度 7610/13737 (55.4%) | 成功 5289 失败 2321 | 成功率 69.5% | 平均 6.4s/个 | 剩余 11.0h
[10:14:14] [7611/13737] ✗ 51991e - Bricklink 上不存在该零件
[10:14:20] [7612/13737] ✗ 51991f - Bricklink 上不存在该零件
[10:14:26] [7613/13737] ✓ 51996 = 2.0g
[10:14:31] [7614/13737] ✓ 5200 = 0.99g
[10:14:38] [7615/13737] ✓ 52024 = 54.0g
[10:14:43] [7616/13737] ✓ 52025 = 44.0g
[10:14:49] [7617/13737] ✓ 52027 = 46.0g
[10:14:56] [7618/13737] ✓ 52031 = 3.3g
[10:15:03] [7619/13737] ✓ 52035 = 6.35g
[10:15:09] [7620/13737] ✓ 52036 = 5.75g
[10:15:09] 进度 7620/13737 (55.5%) | 成功 5297 失败 2323 | 成功率 69.5% | 平均 6.4s/个 | 剩余 10.9h
[10:15:15] [7621/13737] ✓ 52037 = 12.6g
[10:15:21] [7622/13737] ✓ 52038 = 1.75g
[10:15:25] [7623/13737] ✓ 52040 = 29.6g
[10:15:32] [7624/13737] ✓ 52041 = 15.5g
[10:15:37] [7625/13737] ✓ 52045 = 109.0g
[10:15:43] [7626/13737] ✗ 52053 - Bricklink 上不存在该零件
[10:15:50] [7627/13737] ✗ 52059 - Bricklink 上不存在该零件
[10:15:54] [7628/13737] ✓ 5206 = 51.2g
[10:16:01] [7629/13737] ✗ 52062 - Bricklink 上不存在该零件
[10:16:06] [7630/13737] ✓ 52064 = 19.0g
[10:16:06] 进度 7630/13737 (55.5%) | 成功 5304 失败 2326 | 成功率 69.5% | 平均 6.4s/个 | 剩余 10.9h
[10:16:11] [7631/13737] ✓ 52065 = 12.0g
[10:16:17] [7632/13737] ✗ 52067 - Bricklink 上不存在该零件
[10:16:21] [7633/13737] ✓ 52069 = 9.0g
[10:16:26] [7634/13737] ✓ 52071 = 36.0g
[10:16:32] [7635/13737] ✗ 52072 - Bricklink 上不存在该零件
[10:16:38] [7636/13737] ✓ 52107 = 0.86g
[10:16:45] [7637/13737] ✓ 5215 = 0.41g
[10:16:51] [7638/13737] ✗ 52186 - Bricklink 上不存在该零件
[10:16:56] [7639/13737] ✓ 52189c01 = 13.0g
[10:17:01] [7640/13737] ✓ 52189c02 = 13.5g
[10:17:01] 进度 7640/13737 (55.6%) | 成功 5311 失败 2329 | 成功率 69.5% | 平均 6.4s/个 | 剩余 10.9h
[10:17:06] [7641/13737] ✓ 52189c03 = 13.0g
[10:17:12] [7642/13737] ✗ 52198 - Bricklink 上不存在该零件
[10:17:17] [7643/13737] ✓ 52258c01 = 45.0g
[10:17:23] [7644/13737] ✗ 52259 - Bricklink 上不存在该零件
[10:17:28] [7645/13737] ✓ 52261 = 3.65g
[10:17:33] [7646/13737] ✓ 52265 = 1.38g
[10:17:38] [7647/13737] ✓ 5227 = 1.09g
[10:17:44] [7648/13737] ✓ 5234 = 0.64g
[10:17:48] [7649/13737] ✓ 52345 = 1.36g
[10:17:55] [7650/13737] ✗ 52350 - Bricklink 上不存在该零件
[10:17:55] 进度 7650/13737 (55.7%) | 成功 5318 失败 2332 | 成功率 69.5% | 平均 6.4s/个 | 剩余 10.9h
[10:18:01] [7651/13737] ✗ 52359 - Bricklink 上不存在该零件
[10:18:06] [7652/13737] ✗ 52362 - Bricklink 上不存在该零件
[10:18:14] [7653/13737] ✗ 52365 - Bricklink 上不存在该零件
[10:18:21] [7654/13737] ✗ 52366 - Bricklink 上不存在该零件
[10:18:27] [7655/13737] ✗ 52388 - Bricklink 上不存在该零件
[10:18:33] [7656/13737] ✓ 5240 = 12.09g
[10:18:39] [7657/13737] ✗ 52409 - Bricklink 上不存在该零件
[10:18:46] [7658/13737] ✓ 5241 = 3.47g
[10:18:52] [7659/13737] ✗ 52411 - Bricklink 上不存在该零件
[10:18:59] [7660/13737] ✗ 52415c01 - Bricklink 上不存在该零件
[10:18:59] 进度 7660/13737 (55.8%) | 成功 5320 失败 2340 | 成功率 69.5% | 平均 6.4s/个 | 剩余 10.9h
[10:19:05] [7661/13737] ✗ 52415c02 - Bricklink 上不存在该零件
[10:19:10] [7662/13737] ✗ 52415c03 - Bricklink 上不存在该零件
[10:19:15] [7663/13737] ✗ 52415c04 - Bricklink 上不存在该零件
[10:19:22] [7664/13737] ✗ 52415c05 - Bricklink 上不存在该零件
[10:19:29] [7665/13737] ✗ 52415c06 - Bricklink 上不存在该零件
[10:19:34] [7666/13737] ✗ 52415c07 - Bricklink 上不存在该零件
[10:19:39] [7667/13737] ✓ 5242c01 = 521.2g
[10:19:45] [7668/13737] ✓ 52494 = 0.3g
[10:19:51] [7669/13737] ✓ 52501 = 1.25g
[10:19:57] [7670/13737] ✓ 5251 = 20.17g
[10:19:57] 进度 7670/13737 (55.8%) | 成功 5324 失败 2346 | 成功率 69.4% | 平均 6.4s/个 | 剩余 10.8h
[10:20:02] [7671/13737] ✓ 5252 = 1.49g
[10:20:07] [7672/13737] ✓ 5253 = 3.05g
[10:20:12] [7673/13737] ✗ 52530 - 未在页面中找到重量数据
[10:20:18] [7674/13737] ✗ 52542c01 - Bricklink 上不存在该零件
[10:20:24] [7675/13737] ✗ 52543 - Bricklink 上不存在该零件
[10:20:29] [7676/13737] ✓ 5255 = 0.7g
[10:20:34] [7677/13737] ✓ 5256 = 1.18g
[10:20:40] [7678/13737] ✗ 52567 - Bricklink 上不存在该零件
[10:20:45] [7679/13737] ✗ 52569 - Bricklink 上不存在该零件
[10:20:52] [7680/13737] ✓ 5257 = 3.0g
[10:20:52] 进度 7680/13737 (55.9%) | 成功 5329 失败 2351 | 成功率 69.4% | 平均 6.4s/个 | 剩余 10.8h
[10:20:56] [7681/13737] ✓ 5258 = 4.85g
[10:21:03] [7682/13737] ✓ 5259 = 1.46g
[10:21:09] [7683/13737] ✓ 5260 = 1.33g
[10:21:13] [7684/13737] ✓ 52629 = 4.99g
[10:21:19] [7685/13737] ✓ 5264 = 0.14g
[10:21:24] [7686/13737] ✓ 52654 = 0.5g
[10:21:30] [7687/13737] ✓ 52655 = 2.9g
[10:21:38] [7688/13737] ✗ 52668 - Bricklink 上不存在该零件
[10:21:45] [7689/13737] ✓ 5271 = 2.58g
[10:21:50] [7690/13737] ✓ 52716 = 5.0g
[10:21:50] 进度 7690/13737 (56.0%) | 成功 5338 失败 2352 | 成功率 69.4% | 平均 6.4s/个 | 剩余 10.8h
[10:21:56] [7691/13737] ✓ 52730 = 0.8g
[10:22:00] [7692/13737] ✓ 52731 = 0.61g
[10:22:06] [7693/13737] ✓ 5274 = 6.7g
[10:22:13] [7694/13737] ✓ 5275 = 0.67g
[10:22:19] [7695/13737] ✓ 5276 = 2.93g
[10:22:24] [7696/13737] ✓ 52812 = 0.5g
[10:22:32] [7697/13737] ✓ 5282 = 189.4g
[10:22:39] [7698/13737] ✗ 52828 - Bricklink 上不存在该零件
[10:22:46] [7699/13737] ✗ 52843 - Bricklink 上不存在该零件
[10:22:52] [7700/13737] ✓ 52886 = 0.1g
[10:22:52] 进度 7700/13737 (56.1%) | 成功 5346 失败 2354 | 成功率 69.4% | 平均 6.4s/个 | 剩余 10.8h
[10:22:58] [7701/13737] ✗ 52897 - Bricklink 上不存在该零件
[10:23:06] [7702/13737] ✗ 529 - Bricklink 上不存在该零件
[10:23:12] [7703/13737] ✓ 52914 = 38.25g
[10:23:18] [7704/13737] ✓ 52918 = 16.22g
[10:23:23] [7705/13737] ✓ 52919 = 13.98g
[10:23:29] [7706/13737] ✓ 52920 = 76.0g
[10:23:35] [7707/13737] ✓ 52922 = 15.31g
[10:23:39] [7708/13737] ✓ 52923 = 10.17g
[10:23:45] [7709/13737] ✓ 52924 = 7.15g
[10:23:51] [7710/13737] ✓ 52932 = 46.0g
[10:23:51] 进度 7710/13737 (56.1%) | 成功 5354 失败 2356 | 成功率 69.4% | 平均 6.4s/个 | 剩余 10.8h
[10:23:56] [7711/13737] ✓ 5294 = 2.23g
[10:24:03] [7712/13737] ✗ 52979 - Bricklink 上不存在该零件
[10:24:08] [7713/13737] ✓ 52985 = 22.05g
[10:24:14] [7714/13737] ✗ 53019 - Bricklink 上不存在该零件
[10:24:22] [7715/13737] ✓ 53020 = 0.1g
[10:24:29] [7716/13737] ✗ 53029 - Bricklink 上不存在该零件
[10:24:38] [7717/13737] ✗ 53067 - Bricklink 上不存在该零件
[10:24:44] [7718/13737] ✗ 53068 - Bricklink 上不存在该零件
[10:24:50] [7719/13737] ✓ 53069 = 2.5g
[10:24:57] [7720/13737] ✗ 5306a - Bricklink 上不存在该零件
[10:24:57] 进度 7720/13737 (56.2%) | 成功 5358 失败 2362 | 成功率 69.4% | 平均 6.4s/个 | 剩余 10.8h
[10:25:03] [7721/13737] ✓ 5306ac015 = 2.7g
[10:25:08] [7722/13737] ✓ 5306b = 17.0g
[10:25:13] [7723/13737] ✓ 5306bc011 = 4.43g
[10:25:18] [7724/13737] ✓ 5306bc015 = 4.44g
[10:25:23] [7725/13737] ✓ 5306bc017 = 5.0g
[10:25:27] [7726/13737] ✓ 5306bc020 = 4.78g
[10:25:32] [7727/13737] ✓ 5306bc021 = 5.0g
[10:25:38] [7728/13737] ✓ 5306bc026 = 5.22g
[10:25:43] [7729/13737] ✓ 5306bc033 = 6.24g
[10:25:48] [7730/13737] ✓ 5306bc036 = 6.0g
[10:25:48] 进度 7730/13737 (56.3%) | 成功 5368 失败 2362 | 成功率 69.4% | 平均 6.4s/个 | 剩余 10.7h
[10:25:52] [7731/13737] ✓ 5306bc046 = 6.68g
[10:25:58] [7732/13737] ✓ 5306bc069 = 9.5g
[10:26:05] [7733/13737] ✗ 5306bc162 - Bricklink 上不存在该零件
[10:26:10] [7734/13737] ✓ 5306bc378 = 30.0g
[10:26:17] [7735/13737] ✓ 5306c01 = 20.5g
[10:26:23] [7736/13737] ✓ 53070 = 7.75g
[10:26:28] [7737/13737] ✓ 5309 = 0.42g
[10:26:33] [7738/13737] ✓ 5310 = 3.12g
[10:26:37] [7739/13737] ✓ 5311 = 0.84g
[10:26:44] [7740/13737] ✓ 53118 = 0.3g
[10:26:44] 进度 7740/13737 (56.3%) | 成功 5377 失败 2363 | 成功率 69.5% | 平均 6.4s/个 | 剩余 10.7h
[10:26:49] [7741/13737] ✓ 53119 = 0.12g
[10:26:54] [7742/13737] ✓ 53126 = 0.9g
[10:27:01] [7743/13737] ✗ 5313 - Bricklink 上不存在该零件
[10:27:07] [7744/13737] ✓ 5313a = 18.0g
[10:27:14] [7745/13737] ✗ 53142 - Bricklink 上不存在该零件
[10:27:21] [7746/13737] ✗ 53143 - Bricklink 上不存在该零件
[10:27:25] [7747/13737] ✓ 53178 = 2.0g
[10:27:31] [7748/13737] ✓ 5320 = 0.65g
[10:27:37] [7749/13737] ✓ 5321 = 0.21g
[10:27:41] [7750/13737] ✓ 5322 = 0.14g
[10:27:41] 进度 7750/13737 (56.4%) | 成功 5384 失败 2366 | 成功率 69.5% | 平均 6.4s/个 | 剩余 10.7h
[10:27:48] [7751/13737] ✗ 53227 - Bricklink 上不存在该零件
[10:27:54] [7752/13737] ✗ 53227a - Bricklink 上不存在该零件
[10:28:00] [7753/13737] ✗ 53227b - Bricklink 上不存在该零件
[10:28:07] [7754/13737] ✗ 53308 - Bricklink 上不存在该零件
[10:28:12] [7755/13737] ✓ 5331 = 1.26g
[10:28:18] [7756/13737] ✗ 53369 - Bricklink 上不存在该零件
[10:28:23] [7757/13737] ✓ 5336c01 = 189.0g
[10:28:29] [7758/13737] ✗ 53370 - Bricklink 上不存在该零件
[10:28:35] [7759/13737] ✓ 53379 = 9.0g
[10:28:40] [7760/13737] ✓ 53384 = 2.8g
[10:28:40] 进度 7760/13737 (56.5%) | 成功 5388 失败 2372 | 成功率 69.4% | 平均 6.4s/个 | 剩余 10.7h
[10:28:45] [7761/13737] ✓ 53389 = 1.5g
[10:28:51] [7762/13737] ✓ 53393 = 62.6g
[10:28:56] [7763/13737] ✓ 53394 = 52.0g
[10:29:02] [7764/13737] ✗ 53397 - Bricklink 上不存在该零件
[10:29:08] [7765/13737] ✓ 53400 = 14.5g
[10:29:15] [7766/13737] ✓ 53401 = 14.58g
[10:29:21] [7767/13737] ✗ 53403 - Bricklink 上不存在该零件
[10:29:27] [7768/13737] ✗ 53406 - Bricklink 上不存在该零件
[10:29:34] [7769/13737] ✗ 53411 - Bricklink 上不存在该零件
[10:29:38] [7770/13737] ✓ 53415 = 2.6g
[10:29:38] 进度 7770/13737 (56.6%) | 成功 5394 失败 2376 | 成功率 69.4% | 平均 6.4s/个 | 剩余 10.7h
[10:29:44] [7771/13737] ✓ 5342 = 1.38g
[10:29:50] [7772/13737] ✗ 53447 - Bricklink 上不存在该零件
[10:29:56] [7773/13737] ✗ 53450 - Bricklink 上不存在该零件
[10:30:04] [7774/13737] ✓ 53451 = 0.1g
[10:30:10] [7775/13737] ✓ 53452 = 64.5g
[10:30:22] [7776/13737] ✓ 53454 = 0.27g
[10:30:27] [7777/13737] ✓ 53455 = 8.0g
[10:30:32] [7778/13737] ✓ 53456 = 5.0g
[10:30:39] [7779/13737] ✓ 53457 = 2.67g
[10:30:45] [7780/13737] ✓ 53460 = 0.09g
[10:30:45] 进度 7780/13737 (56.6%) | 成功 5402 失败 2378 | 成功率 69.4% | 平均 6.4s/个 | 剩余 10.6h
[10:30:51] [7781/13737] ✓ 53468 = 0.52g
[10:30:57] [7782/13737] ✓ 53474 = 76.55g
[10:31:02] [7783/13737] ✓ 53491 = 31.0g
[10:31:10] [7784/13737] ✗ 53500 - Bricklink 上不存在该零件
[10:31:16] [7785/13737] ✓ 53510 = 4.0g
[10:31:22] [7786/13737] ✓ 53531 = 5.56g
[10:31:28] [7787/13737] ✓ 53532 = 356.0g
[10:31:32] [7788/13737] ✓ 53533 = 1.03g
[10:31:38] [7789/13737] ✗ 53540 - Bricklink 上不存在该零件
[10:31:44] [7790/13737] ✓ 53542 = 4.11g
[10:31:44] 进度 7790/13737 (56.7%) | 成功 5410 失败 2380 | 成功率 69.4% | 平均 6.4s/个 | 剩余 10.6h
[10:31:50] [7791/13737] ✓ 53543 = 1.75g
[10:31:56] [7792/13737] ✓ 53544 = 3.3g
[10:32:09] [7793/13737] ✓ 53545 = 7.36g
[10:32:14] [7794/13737] ✓ 53546 = 5.6g
[10:32:18] [7795/13737] ✓ 53547 = 5.3g
[10:32:25] [7796/13737] ✓ 53548 = 6.22g
[10:32:30] [7797/13737] ✓ 53549 = 4.5g
[10:32:37] [7798/13737] ✓ 53550 = 4.7g
[10:32:46] [7799/13737] ✓ 53551 = 0.27g
[10:32:52] [7800/13737] ✓ 53560 = 4.9g
[10:32:52] 进度 7800/13737 (56.8%) | 成功 5420 失败 2380 | 成功率 69.5% | 平均 6.4s/个 | 剩余 10.6h
[10:32:56] [7801/13737] ✓ 53561 = 6.0g
[10:33:03] [7802/13737] ✓ 53562 = 4.13g
[10:33:08] [7803/13737] ✓ 53563 = 4.6g
[10:33:15] [7804/13737] ✓ 53564 = 9.5g
[10:33:22] [7805/13737] ✓ 53566 = 2.35g
[10:33:27] [7806/13737] ✓ 53568 = 6.1g
[10:33:32] [7807/13737] ✓ 53569 = 5.95g
[10:33:38] [7808/13737] ✓ 53570 = 19.5g
[10:33:42] [7809/13737] ✓ 53571 = 4.75g
[10:33:48] [7810/13737] ✓ 53572 = 5.52g
[10:33:48] 进度 7810/13737 (56.9%) | 成功 5430 失败 2380 | 成功率 69.5% | 平均 6.4s/个 | 剩余 10.6h
[10:33:52] [7811/13737] ✓ 53573 = 18.0g
[10:33:58] [7812/13737] ✓ 53574 = 5.1g
[10:34:04] [7813/13737] ✓ 53575 = 5.0g
[10:34:10] [7814/13737] ✓ 53576 = 18.0g
[10:34:15] [7815/13737] ✓ 53577 = 8.5g
[10:34:20] [7816/13737] ✓ 53578 = 5.0g
[10:34:25] [7817/13737] ✓ 53579 = 16.5g
[10:34:30] [7818/13737] ✓ 53580 = 16.0g
[10:34:36] [7819/13737] ✓ 53582 = 3.5g
[10:34:42] [7820/13737] ✓ 53583 = 5.3g
[10:34:42] 进度 7820/13737 (56.9%) | 成功 5440 失败 2380 | 成功率 69.6% | 平均 6.4s/个 | 剩余 10.6h
[10:34:46] [7821/13737] ✓ 53584 = 4.7g
[10:34:52] [7822/13737] ✓ 53585 = 0.38g
[10:34:58] [7823/13737] ✓ 53586 = 1.18g
[10:35:04] [7824/13737] ✓ 53587 = 6.5g
[10:35:10] [7825/13737] ✗ 53588 - Bricklink 上不存在该零件
[10:35:19] [7826/13737] ✗ 53613 - Bricklink 上不存在该零件
[10:35:24] [7827/13737] ✓ 53657 = 0.34g
[10:35:29] [7828/13737] ✓ 53658 = 0.57g
[10:35:35] [7829/13737] ✓ 53660 = 0.48g
[10:35:41] [7830/13737] ✗ 53662 - Bricklink 上不存在该零件
[10:35:42] 进度 7830/13737 (57.0%) | 成功 5447 失败 2383 | 成功率 69.6% | 平均 6.4s/个 | 剩余 10.5h
[10:35:46] [7831/13737] ✓ 53666 = 4.0g
[10:35:52] [7832/13737] ✓ 53675 = 1.0g
[10:35:56] [7833/13737] ✓ 53686 = 0.02g
[10:36:03] [7834/13737] ✗ 53687 - Bricklink 上不存在该零件
[10:36:09] [7835/13737] ✓ 5370 = 57.5g
[10:36:15] [7836/13737] ✗ 53705 - Bricklink 上不存在该零件
[10:36:20] [7837/13737] ✓ 53787 = 80.5g
[10:36:26] [7838/13737] ✓ 53788 = 159.3g
[10:36:31] [7839/13737] ✓ 53792 = 23.5g
[10:36:37] [7840/13737] ✓ 53793 = 15.1g
[10:36:37] 进度 7840/13737 (57.1%) | 成功 5455 失败 2385 | 成功率 69.6% | 平均 6.4s/个 | 剩余 10.5h
[10:36:42] [7841/13737] ✓ 53798 = 0.87g
[10:36:47] [7842/13737] ✓ 53800 = 1.0g
[10:36:51] [7843/13737] ✓ 5382 = 3.64g
[10:36:56] [7844/13737] ✓ 53821 = 0.31g
[10:37:01] [7845/13737] ✓ 53834 = 13.28g
[10:37:05] [7846/13737] ✓ 5386 = 0.6g
[10:37:12] [7847/13737] ✗ 53898c02 - Bricklink 上不存在该零件
[10:37:18] [7848/13737] ✗ 53898c03 - Bricklink 上不存在该零件
[10:37:25] [7849/13737] ✗ 539 - Bricklink 上不存在该零件
[10:37:32] [7850/13737] ✗ 53912 - Bricklink 上不存在该零件
[10:37:32] 进度 7850/13737 (57.1%) | 成功 5461 失败 2389 | 成功率 69.6% | 平均 6.4s/个 | 剩余 10.5h
[10:37:37] [7851/13737] ✗ 53914 - Bricklink 上不存在该零件
[10:37:43] [7852/13737] ✓ 53915c01 = 36.0g
[10:37:49] [7853/13737] ✓ 53916 = 36.0g
[10:37:55] [7854/13737] ✓ 53923 = 0.3g
[10:38:00] [7855/13737] ✓ 53930 = 7.05g
[10:38:05] [7856/13737] ✓ 53936 = 0.38g
[10:38:11] [7857/13737] ✓ 53937 = 0.49g
[10:38:17] [7858/13737] ✗ 53941 - Bricklink 上不存在该零件
[10:38:23] [7859/13737] ✓ 53981 = 0.7g
[10:38:27] [7860/13737] ✓ 53982 = 1.05g
[10:38:27] 进度 7860/13737 (57.2%) | 成功 5469 失败 2391 | 成功率 69.6% | 平均 6.4s/个 | 剩余 10.5h
[10:38:34] [7861/13737] ✗ 53983 - Bricklink 上不存在该零件
[10:38:39] [7862/13737] ✓ 53984 = 1.0g
[10:38:44] [7863/13737] ✓ 53988 = 1.83g
[10:38:50] [7864/13737] ✓ 53989 = 0.38g
[10:38:57] [7865/13737] ✓ 53990 = 4.6g
[10:39:03] [7866/13737] ✗ 53992 - Bricklink 上不存在该零件
[10:39:07] [7867/13737] ✓ 54006c01 = 33.0g
[10:39:14] [7868/13737] ✗ 54007c01 - Bricklink 上不存在该零件
[10:39:18] [7869/13737] ✓ 54007c02 = 49.19g
[10:39:23] [7870/13737] ✓ 54007c03 = 47.0g
[10:39:23] 进度 7870/13737 (57.3%) | 成功 5476 失败 2394 | 成功率 69.6% | 平均 6.4s/个 | 剩余 10.5h
[10:39:28] [7871/13737] ✓ 54034 = 8.0g
[10:39:33] [7872/13737] ✓ 54035 = 5.06g
[10:39:37] [7873/13737] ✓ 54037 = 4.0g
[10:39:45] [7874/13737] ✓ 5404 = 0.37g
[10:39:52] [7875/13737] ✗ 54042 - Bricklink 上不存在该零件
[10:39:58] [7876/13737] ✓ 54043 = 7.0g
[10:40:04] [7877/13737] ✓ 54043b = 7.0g
[10:40:09] [7878/13737] ✓ 5405 = 0.91g
[10:40:16] [7879/13737] ✓ 54058 = 8.0g
[10:40:22] [7880/13737] ✓ 54060 = 6.0g
[10:40:22] 进度 7880/13737 (57.4%) | 成功 5485 失败 2395 | 成功率 69.6% | 平均 6.4s/个 | 剩余 10.4h
[10:40:26] [7881/13737] ✓ 54066 = 138.0g
[10:40:31] [7882/13737] ✓ 54067 = 10.0g
[10:40:37] [7883/13737] ✓ 54068 = 8.0g
[10:40:43] [7884/13737] ✓ 54070 = 245.0g
[10:40:48] [7885/13737] ✓ 54074 = 6.0g
[10:40:54] [7886/13737] ✓ 54080 = 24.0g
[10:40:59] [7887/13737] ✓ 54086 = 1.18g
[10:41:06] [7888/13737] ✓ 54087 = 4.33g
[10:41:13] [7889/13737] ✓ 54090 = 19.47g
[10:41:19] [7890/13737] ✓ 54091 = 14.91g
[10:41:19] 进度 7890/13737 (57.4%) | 成功 5495 失败 2395 | 成功率 69.6% | 平均 6.4s/个 | 剩余 10.4h
[10:41:26] [7891/13737] ✓ 54092c01 = 31.4g
[10:41:31] [7892/13737] ✓ 54092c02 = 31.0g
[10:41:36] [7893/13737] ✓ 54093 = 82.0g
[10:41:42] [7894/13737] ✓ 54094 = 18.66g
[10:41:47] [7895/13737] ✓ 54095 = 13.1g
[10:41:54] [7896/13737] ✓ 54096 = 11.9g
[10:41:59] [7897/13737] ✓ 54097 = 3.0g
[10:42:05] [7898/13737] ✓ 54100 = 104.0g
[10:42:11] [7899/13737] ✓ 54101 = 114.0g
[10:42:16] [7900/13737] ✓ 54120 = 43.6g
[10:42:16] 进度 7900/13737 (57.5%) | 成功 5505 失败 2395 | 成功率 69.7% | 平均 6.4s/个 | 剩余 10.4h
[10:42:23] [7901/13737] ✗ 54125 - Bricklink 上不存在该零件
[10:42:29] [7902/13737] ✓ 54128 = 5.75g
[10:42:35] [7903/13737] ✓ 54129 = 5.75g
[10:42:42] [7904/13737] ✗ 54132 - Bricklink 上不存在该零件
[10:42:48] [7905/13737] ✓ 5414 = 0.7g
[10:42:53] [7906/13737] ✓ 5415 = 0.7g
[10:42:58] [7907/13737] ✓ 5416 = 1.72g
[10:43:04] [7908/13737] ✗ 54163 - Bricklink 上不存在该零件
[10:43:10] [7909/13737] ✗ 54166 - Bricklink 上不存在该零件
[10:43:18] [7910/13737] ✓ 54169 = 2.87g
[10:43:18] 进度 7910/13737 (57.6%) | 成功 5511 失败 2399 | 成功率 69.7% | 平均 6.4s/个 | 剩余 10.4h
[10:43:24] [7911/13737] ✓ 5416a = 0.14g
[10:43:29] [7912/13737] ✓ 5416b = 0.12g
[10:43:34] [7913/13737] ✓ 5416c = 0.11g
[10:43:38] [7914/13737] ✓ 5416d = 0.13g
[10:43:44] [7915/13737] ✓ 5416e = 0.13g
[10:43:49] [7916/13737] ✓ 5416f = 0.14g
[10:43:56] [7917/13737] ✓ 54170 = 3.0g
[10:44:02] [7918/13737] ✓ 54171 = 3.1g
[10:44:07] [7919/13737] ✓ 54173 = 3.0g
[10:44:12] [7920/13737] ✓ 54174 = 3.1g
[10:44:12] 进度 7920/13737 (57.7%) | 成功 5521 失败 2399 | 成功率 69.7% | 平均 6.4s/个 | 剩余 10.4h
[10:44:18] [7921/13737] ✓ 54175 = 4.0g
[10:44:24] [7922/13737] ✓ 54176 = 6.33g
[10:44:29] [7923/13737] ✓ 54177 = 1.83g
[10:44:34] [7924/13737] ✓ 54178 = 4.6g
[10:44:41] [7925/13737] ✗ 54187 - Bricklink 上不存在该零件
[10:44:48] [7926/13737] ✗ 54189 - Bricklink 上不存在该零件
[10:44:56] [7927/13737] ✗ 54190 - Bricklink 上不存在该零件
[10:45:15] [7928/13737] ✓ 54200 = 0.21g
[10:45:22] [7929/13737] ✗ 54213 - Bricklink 上不存在该零件
[10:45:28] [7930/13737] ✓ 54214 = 7.0g
[10:45:28] 进度 7930/13737 (57.7%) | 成功 5527 失败 2403 | 成功率 69.7% | 平均 6.4s/个 | 剩余 10.4h
[10:45:34] [7931/13737] ✓ 54215 = 7.0g
[10:45:38] [7932/13737] ✓ 54232 = 2.16g
[10:45:44] [7933/13737] ✓ 54233 = 11.96g
[10:45:50] [7934/13737] ✗ 54239 - Bricklink 上不存在该零件
[10:45:56] [7935/13737] ✗ 54246 - Bricklink 上不存在该零件
[10:46:01] [7936/13737] ✓ 54249 = 0.24g
[10:46:07] [7937/13737] ✓ 5426 = 4.08g
[10:46:17] [7938/13737] ✓ 54262 = 6.2g
[10:46:23] [7939/13737] ✓ 54263 = 7.5g
[10:46:28] [7940/13737] ✓ 5427 = 4.05g
[10:46:28] 进度 7940/13737 (57.8%) | 成功 5535 失败 2405 | 成功率 69.7% | 平均 6.4s/个 | 剩余 10.3h
[10:46:34] [7941/13737] ✓ 54270 = 18.5g
[10:46:42] [7942/13737] ✓ 54271 = 5.7g
[10:46:47] [7943/13737] ✓ 54272 = 7.35g
[10:46:54] [7944/13737] ✓ 54273 = 5.0g
[10:46:59] [7945/13737] ✓ 54275 = 0.85g
[10:47:04] [7946/13737] ✓ 54276 = 1.4g
[10:47:10] [7947/13737] ✓ 5428 = 24.3g
[10:47:16] [7948/13737] ✓ 5429 = 2.67g
[10:47:21] [7949/13737] ✓ 54291 = 4.3g
[10:47:26] [7950/13737] ✓ 54308 = 16.0g
[10:47:26] 进度 7950/13737 (57.9%) | 成功 5545 失败 2405 | 成功率 69.7% | 平均 6.4s/个 | 剩余 10.3h
[10:47:32] [7951/13737] ✓ 54313 = 0.05g
[10:47:37] [7952/13737] ✓ 54315 = 0.14g
[10:47:43] [7953/13737] ✓ 54317 = 0.27g
[10:47:51] [7954/13737] ✗ 54342c01 - Bricklink 上不存在该零件
[10:47:58] [7955/13737] ✗ 54342c02 - Bricklink 上不存在该零件
[10:48:03] [7956/13737] ✗ 54342c03 - Bricklink 上不存在该零件
[10:48:10] [7957/13737] ✗ 54342c04 - Bricklink 上不存在该零件
[10:48:15] [7958/13737] ✓ 5435 = 6.25g
[10:48:21] [7959/13737] ✗ 54358 - Bricklink 上不存在该零件
[10:48:26] [7960/13737] ✓ 5436 = 8.94g
[10:48:26] 进度 7960/13737 (57.9%) | 成功 5550 失败 2410 | 成功率 69.7% | 平均 6.4s/个 | 剩余 10.3h
[10:48:33] [7961/13737] ✓ 54383 = 1.5g
[10:48:39] [7962/13737] ✓ 54384 = 1.5g
[10:48:45] [7963/13737] ✓ 5443 = 1.05g
[10:48:50] [7964/13737] ✓ 54537 = 2.0g
[10:48:56] [7965/13737] ✗ 54539 - Bricklink 上不存在该零件
[10:49:04] [7966/13737] ✗ 54541 - Bricklink 上不存在该零件
[10:49:10] [7967/13737] ✗ 54542 - Bricklink 上不存在该零件
[10:49:16] [7968/13737] ✓ 54543 = 0.73g
[10:49:20] [7969/13737] ✓ 54568 = 0.1g
[10:49:27] [7970/13737] ✗ 54572 - Bricklink 上不存在该零件
[10:49:27] 进度 7970/13737 (58.0%) | 成功 5556 失败 2414 | 成功率 69.7% | 平均 6.4s/个 | 剩余 10.3h
[10:49:32] [7971/13737] ✓ 54600c01 = 87.32g
[10:49:41] [7972/13737] ✗ 54605 - Bricklink 上不存在该零件
[10:49:47] [7973/13737] ✗ 54617 - Bricklink 上不存在该零件
[10:49:54] [7974/13737] ✗ 54657 - Bricklink 上不存在该零件
[10:50:01] [7975/13737] ✓ 5466 = 2.18g
[10:50:06] [7976/13737] ✗ 54661 - Bricklink 上不存在该零件
[10:50:13] [7977/13737] ✗ 54662 - Bricklink 上不存在该零件
[10:50:21] [7978/13737] ✗ 54669 - Bricklink 上不存在该零件
[10:50:28] [7979/13737] ✗ 54671 - Bricklink 上不存在该零件
[10:50:34] [7980/13737] ✗ 54672 - Bricklink 上不存在该零件
[10:50:34] 进度 7980/13737 (58.1%) | 成功 5558 失败 2422 | 成功率 69.6% | 平均 6.4s/个 | 剩余 10.3h
[10:50:40] [7981/13737] ✗ 54675 - Bricklink 上不存在该零件
[10:50:46] [7982/13737] ✗ 54690 - Bricklink 上不存在该零件
[10:50:51] [7983/13737] ✗ 54695 - Bricklink 上不存在该零件
[10:50:57] [7984/13737] ✗ 54696 - Bricklink 上不存在该零件
[10:51:03] [7985/13737] ✓ 5470 = 1.36g
[10:51:08] [7986/13737] ✓ 54701c01 = 55.4g
[10:51:15] [7987/13737] ✓ 54701c02 = 55.4g
[10:51:20] [7988/13737] ✓ 54701c03 = 55.4g
[10:51:25] [7989/13737] ✓ 54701c04 = 55.4g
[10:51:37] [7990/13737] ✓ 54701c05 = 55.4g
[10:51:38] 进度 7990/13737 (58.2%) | 成功 5564 失败 2426 | 成功率 69.6% | 平均 6.4s/个 | 剩余 10.2h
[10:51:44] [7991/13737] ✓ 54701c06 = 55.4g
[10:51:49] [7992/13737] ✗ 54703 - Bricklink 上不存在该零件
[10:51:54] [7993/13737] ✓ 54708 = 12.0g
[10:51:59] [7994/13737] ✓ 5473 = 0.45g
[10:52:07] [7995/13737] ✗ 54734 - Bricklink 上不存在该零件
[10:52:13] [7996/13737] ✗ 54754 - Bricklink 上不存在该零件
[10:52:19] [7997/13737] ✗ 54754c01 - Bricklink 上不存在该零件
[10:52:26] [7998/13737] ✗ 54779c01 - Bricklink 上不存在该零件
[10:52:34] [7999/13737] ✗ 54779c02 - Bricklink 上不存在该零件
[10:52:41] [8000/13737] ✗ 54802 - Bricklink 上不存在该零件
[10:52:41] 进度 8000/13737 (58.2%) | 成功 5567 失败 2433 | 成功率 69.6% | 平均 6.4s/个 | 剩余 10.2h
[10:52:47] [8001/13737] ✓ 54821 = 2.0g
[10:52:52] [8002/13737] ✓ 5483 = 6.0g
[10:52:59] [8003/13737] ✓ 5483a = 0.58g
[10:53:03] [8004/13737] ✓ 5483b = 0.8g
[10:53:10] [8005/13737] ✓ 5483c = 0.7g
[10:53:15] [8006/13737] ✓ 5483d = 0.78g
[10:53:22] [8007/13737] ✓ 54849 = 24.0g
[10:53:26] [8008/13737] ✓ 54850 = 460.0g
[10:53:32] [8009/13737] ✓ 54855 = 3.0g
[10:53:37] [8010/13737] ✓ 54856 = 650.0g
[10:53:37] 进度 8010/13737 (58.3%) | 成功 5577 失败 2433 | 成功率 69.6% | 平均 6.4s/个 | 剩余 10.2h
[10:53:42] [8011/13737] ✓ 54859 = 24.4g
[10:53:48] [8012/13737] ✗ 54860 - Bricklink 上不存在该零件
[10:53:53] [8013/13737] ✓ 54862 = 25.0g
[10:53:58] [8014/13737] ✗ 54869 - Bricklink 上不存在该零件
[10:54:05] [8015/13737] ✗ 54873 - Bricklink 上不存在该零件
[10:54:12] [8016/13737] ✓ 5489 = 3.08g
[10:54:18] [8017/13737] ✓ 5491 = 1.36g
[10:54:23] [8018/13737] ✓ 54937 = 7.63g
[10:54:31] [8019/13737] ✓ 5496 = 4.51g
[10:54:36] [8020/13737] ✓ 5497 = 6.0g
[10:54:36] 进度 8020/13737 (58.4%) | 成功 5584 失败 2436 | 成功率 69.6% | 平均 6.4s/个 | 剩余 10.2h
[10:54:41] [8021/13737] ✓ 5498 = 7.73g
[10:54:48] [8022/13737] ✓ 5500 = 1.71g
[10:54:54] [8023/13737] ✓ 55007 = 6.64g
[10:55:00] [8024/13737] ✓ 55009 = 2.06g
[10:55:05] [8025/13737] ✓ 5501 = 0.4g
[10:55:11] [8026/13737] ✗ 55010 - Bricklink 上不存在该零件
[10:55:18] [8027/13737] ✓ 55013 = 1.19g
[10:55:24] [8028/13737] ✓ 5502 = 1.26g
[10:55:29] [8029/13737] ✗ 55024 - Bricklink 上不存在该零件
[10:55:35] [8030/13737] ✓ 55087 = 2.2g
[10:55:35] 进度 8030/13737 (58.5%) | 成功 5592 失败 2438 | 成功率 69.6% | 平均 6.4s/个 | 剩余 10.2h
[10:55:40] [8031/13737] ✓ 5517 = 1.35g
[10:55:45] [8032/13737] ✓ 5518 = 0.59g
[10:55:50] [8033/13737] ✓ 55180 = 3.2g
[10:55:56] [8034/13737] ✓ 55186 = 50.0g
[10:56:05] [8035/13737] ✓ 5520 = 0.42g
[10:56:11] [8036/13737] ✓ 55206c01 = 10.15g
[10:56:16] [8037/13737] ✓ 55206c02 = 9.8g
[10:56:20] [8038/13737] ✓ 55206c03 = 10.15g
[10:56:25] [8039/13737] ✓ 55206c04 = 10.0g
[10:56:31] [8040/13737] ✓ 55206c05 = 9.6g
[10:56:31] 进度 8040/13737 (58.5%) | 成功 5602 失败 2438 | 成功率 69.7% | 平均 6.4s/个 | 剩余 10.1h
[10:56:37] [8041/13737] ✓ 55206c06 = 10.0g
[10:56:44] [8042/13737] ✓ 55236 = 0.35g
[10:56:49] [8043/13737] ✓ 55237 = 9.73g
[10:56:55] [8044/13737] ✓ 55237a = 0.64g
[10:57:00] [8045/13737] ✓ 55237b = 0.72g
[10:57:05] [8046/13737] ✓ 55237c = 0.79g
[10:57:11] [8047/13737] ✓ 55237d = 0.61g
[10:57:17] [8048/13737] ✓ 55237e = 0.61g
[10:57:23] [8049/13737] ✓ 55237f = 0.46g
[10:57:28] [8050/13737] ✓ 55237g = 0.62g
[10:57:28] 进度 8050/13737 (58.6%) | 成功 5612 失败 2438 | 成功率 69.7% | 平均 6.4s/个 | 剩余 10.1h
[10:57:34] [8051/13737] ✓ 55237h = 1.17g
[10:57:41] [8052/13737] ✓ 55237i = 0.64g
[10:57:47] [8053/13737] ✓ 55237j = 1.03g
[10:57:53] [8054/13737] ✓ 55237k = 0.5g
[10:57:57] [8055/13737] ✓ 55237l = 0.66g
[10:58:02] [8056/13737] ✓ 55238 = 36.0g
[10:58:08] [8057/13737] ✓ 5525 = 0.11g
[10:58:15] [8058/13737] ✗ 55295 - Bricklink 上不存在该零件
[10:58:20] [8059/13737] ✗ 55296 - Bricklink 上不存在该零件
[10:58:27] [8060/13737] ✗ 55297 - Bricklink 上不存在该零件
[10:58:27] 进度 8060/13737 (58.7%) | 成功 5619 失败 2441 | 成功率 69.7% | 平均 6.4s/个 | 剩余 10.1h
[10:58:34] [8061/13737] ✗ 55298 - Bricklink 上不存在该零件
[10:58:40] [8062/13737] ✗ 55299 - Bricklink 上不存在该零件
[10:58:48] [8063/13737] ✗ 55300 - Bricklink 上不存在该零件
[10:58:54] [8064/13737] ✓ 55303 = 3.23g
[10:59:00] [8065/13737] ✓ 55304 = 3.3g
[10:59:06] [8066/13737] ✓ 55305 = 3.76g
[10:59:13] [8067/13737] ✓ 55306 = 3.2g
[10:59:19] [8068/13737] ✓ 55307 = 3.77g
[10:59:24] [8069/13737] ✓ 5532 = 3.14g
[10:59:29] [8070/13737] ✓ 5533 = 0.9g
[10:59:29] 进度 8070/13737 (58.7%) | 成功 5626 失败 2444 | 成功率 69.7% | 平均 6.4s/个 | 剩余 10.1h
[10:59:36] [8071/13737] ✓ 55342 = 0.8g
[10:59:42] [8072/13737] ✗ 55343 - Bricklink 上不存在该零件
[10:59:48] [8073/13737] ✓ 5539 = 0.41g
[10:59:53] [8074/13737] ✓ 5540 = 1.42g
[10:59:59] [8075/13737] ✗ 55422 - Bricklink 上不存在该零件
[11:00:05] [8076/13737] ✗ 55436 - Bricklink 上不存在该零件
[11:00:12] [8077/13737] ✓ 55455 = 67.7g
[11:00:19] [8078/13737] ✓ 55455c01 = 100.0g
[11:00:26] [8079/13737] ✓ 55457 = 6.0g
[11:00:31] [8080/13737] ✓ 55532 = 0.59g
[11:00:31] 进度 8080/13737 (58.8%) | 成功 5633 失败 2447 | 成功率 69.7% | 平均 6.4s/个 | 剩余 10.1h
[11:00:37] [8081/13737] ✓ 5554 = 1.57g
[11:00:44] [8082/13737] ✗ 55543 - Bricklink 上不存在该零件
[11:00:51] [8083/13737] ✓ 5555 = 0.5g
[11:00:57] [8084/13737] ✓ 5557 = 105.28g
[11:01:04] [8085/13737] ✗ 556 - Bricklink 上不存在该零件
[11:01:09] [8086/13737] ✓ 5561 = 4.6g
[11:01:14] [8087/13737] ✓ 55615 = 1.9g
[11:01:20] [8088/13737] ✓ 55629 = 2.0g
[11:01:27] [8089/13737] ✗ 55637a - Bricklink 上不存在该零件
[11:01:34] [8090/13737] ✗ 55637b - Bricklink 上不存在该零件
[11:01:34] 进度 8090/13737 (58.9%) | 成功 5639 失败 2451 | 成功率 69.7% | 平均 6.4s/个 | 剩余 10.1h
[11:01:40] [8091/13737] ✗ 55637c - Bricklink 上不存在该零件
[11:01:48] [8092/13737] ✗ 55637c01 - Bricklink 上不存在该零件
[11:01:54] [8093/13737] ✓ 5565 = 1.0g
[11:02:00] [8094/13737] ✓ 55701 = 99.0g
[11:02:07] [8095/13737] ✓ 55704 = 0.93g
[11:02:12] [8096/13737] ✓ 55705 = 0.69g
[11:02:17] [8097/13737] ✓ 55706 = 2.5g
[11:02:22] [8098/13737] ✓ 55707a = 0.19g
[11:02:27] [8099/13737] ✓ 55707e = 0.3g
[11:02:33] [8100/13737] ✓ 55767 = 21.88g
[11:02:33] 进度 8100/13737 (59.0%) | 成功 5647 失败 2453 | 成功率 69.7% | 平均 6.4s/个 | 剩余 10.0h
[11:02:39] [8101/13737] ✓ 55768 = 25.0g
[11:02:45] [8102/13737] ✓ 55804 = 5.5g
[11:02:49] [8103/13737] ✓ 55805 = 10.0g
[11:02:54] [8104/13737] ✓ 55806 = 13.0g
[11:03:00] [8105/13737] ✓ 55817 = 9.78g
[11:03:05] [8106/13737] ✓ 55819 = 9.1g
[11:03:12] [8107/13737] ✗ 55823 - Bricklink 上不存在该零件
[11:03:19] [8108/13737] ✗ 55824 - Bricklink 上不存在该零件
[11:03:26] [8109/13737] ✗ 55825 - Bricklink 上不存在该零件
[11:03:33] [8110/13737] ✗ 55826 - Bricklink 上不存在该零件
[11:03:33] 进度 8110/13737 (59.0%) | 成功 5653 失败 2457 | 成功率 69.7% | 平均 6.4s/个 | 剩余 10.0h
[11:03:40] [8111/13737] ✗ 55827 - Bricklink 上不存在该零件
[11:03:46] [8112/13737] ✗ 55828 - Bricklink 上不存在该零件
[11:03:51] [8113/13737] ✓ 55889 = 1.45g
[11:03:56] [8114/13737] ✓ 55963 = 12.8g
[11:04:01] [8115/13737] ✓ 55969 = 12.9g
[11:04:08] [8116/13737] ✓ 55976 = 12.7g
[11:04:14] [8117/13737] ✓ 55978 = 6.2g
[11:04:21] [8118/13737] ✓ 55981 = 1.82g
[11:04:28] [8119/13737] ✓ 55981c01 = 5.37g
[11:04:34] [8120/13737] ✓ 55982 = 1.77g
[11:04:34] 进度 8120/13737 (59.1%) | 成功 5661 失败 2459 | 成功率 69.7% | 平均 6.4s/个 | 剩余 10.0h
[11:04:40] [8121/13737] ✓ 55984 = 36.0g
[11:04:48] [8122/13737] ✗ 559c01 - Bricklink 上不存在该零件
[11:04:54] [8123/13737] ✗ 559c02 - Bricklink 上不存在该零件
[11:05:00] [8124/13737] ✗ 5600cdb01 - Bricklink 上不存在该零件
[11:05:07] [8125/13737] ✗ 5600cdb02 - Bricklink 上不存在该零件
[11:05:13] [8126/13737] ✗ 5607 - Bricklink 上不存在该零件
[11:05:20] [8127/13737] ✗ 5608 - Bricklink 上不存在该零件
[11:05:26] [8128/13737] ✗ 56093 - Bricklink 上不存在该零件
[11:05:32] [8129/13737] ✓ 5610 = 2.44g
[11:05:37] [8130/13737] ✓ 5610a = 0.33g
[11:05:37] 进度 8130/13737 (59.2%) | 成功 5664 失败 2466 | 成功率 69.7% | 平均 6.4s/个 | 剩余 10.0h
[11:05:42] [8131/13737] ✓ 5610b = 0.22g
[11:05:47] [8132/13737] ✓ 5610c = 0.47g
[11:05:53] [8133/13737] ✓ 5610d = 0.23g
[11:05:59] [8134/13737] ✓ 5610e = 0.24g
[11:06:10] [8135/13737] ✓ 56145 = 4.25g
[11:15:49] [8136/13737] ✓ 56153 = 6.4g
[11:15:54] [8137/13737] ✓ 56154 = 7.2g
[11:16:02] [8138/13737] ✗ 56160 - Bricklink 上不存在该零件
[11:16:07] [8139/13737] ✓ 56206 = 1.6g
[11:16:13] [8140/13737] ✓ 56217 = 2.6g
[11:16:13] 进度 8140/13737 (59.3%) | 成功 5673 失败 2467 | 成功率 69.7% | 平均 6.5s/个 | 剩余 10.1h
[11:16:17] [8141/13737] ✓ 5622 = 0.21g
[11:32:10] [8142/13737] ✓ 56243 = 59.0g
[11:32:17] [8143/13737] ✓ 56245 = 2.1g
[11:32:24] [8144/13737] ✓ 5630 = 2.17g
[11:32:28] [8145/13737] ✓ 5639 = 2.01g
[11:32:33] [8146/13737] ✓ 56410 = 0.8g
[11:48:07] [8147/13737] ✗ 56424 - Bricklink 上不存在该零件
[11:48:12] [8148/13737] ✓ 5643 = 7.51g
[11:48:19] [8149/13737] ✓ 5644 = 0.17g
[11:48:26] [8150/13737] ✓ 5647 = 0.9g
[11:48:26] 进度 8150/13737 (59.3%) | 成功 5682 失败 2468 | 成功率 69.7% | 平均 6.7s/个 | 剩余 10.4h
[11:48:35] [8151/13737] ✗ 56478 - Bricklink 上不存在该零件
[11:48:41] [8152/13737] ✓ 5648 = 0.7g
[11:48:47] [8153/13737] ✓ 56484 = 2.66g
[11:48:54] [8154/13737] ✗ 56485 - Bricklink 上不存在该零件
[11:49:00] [8155/13737] ✗ 56486 - Bricklink 上不存在该零件
[11:49:07] [8156/13737] ✗ 56487 - Bricklink 上不存在该零件
[11:49:12] [8157/13737] ✓ 56488 = 3.0g
[11:49:18] [8158/13737] ✓ 56489 = 2.45g
[11:49:24] [8159/13737] ✓ 5649 = 2.32g
[11:49:29] [8160/13737] ✓ 56490 = 2.9g
[11:49:29] 进度 8160/13737 (59.4%) | 成功 5688 失败 2472 | 成功率 69.7% | 平均 6.7s/个 | 剩余 10.4h
[11:49:35] [8161/13737] ✓ 56491 = 2.45g
[11:49:42] [8162/13737] ✗ 564c01 - Bricklink 上不存在该零件
[11:49:50] [8163/13737] ✓ 5650 = 4.0g
[11:49:55] [8164/13737] ✓ 5651 = 1.72g
[11:50:01] [8165/13737] ✓ 5652 = 4.2g
[11:50:09] [8166/13737] ✓ 5654 = 0.75g
[11:50:16] [8167/13737] ✓ 56619 = 0.22g
[11:50:23] [8168/13737] ✓ 56630 = 0.14g
[11:50:30] [8169/13737] ✗ 56752 - Bricklink 上不存在该零件
[11:50:35] [8170/13737] ✗ 56823 - Bricklink 上不存在该零件
[11:50:35] 进度 8170/13737 (59.5%) | 成功 5695 失败 2475 | 成功率 69.7% | 平均 6.7s/个 | 剩余 10.4h
[12:06:07] [8171/13737] ✗ 56823c100 - Bricklink 上不存在该零件
[12:06:16] [8172/13737] ✗ 56823c122 - Bricklink 上不存在该零件
[12:06:22] [8173/13737] ✗ 56823c15 - Bricklink 上不存在该零件
[12:06:28] [8174/13737] ✗ 56823c150 - Bricklink 上不存在该零件
[12:06:37] [8175/13737] ✗ 56823c20 - Bricklink 上不存在该零件
[12:06:44] [8176/13737] ✗ 56823c200 - Bricklink 上不存在该零件
[12:06:51] [8177/13737] ✗ 56823c2400 - Bricklink 上不存在该零件
[12:16:36] [8178/13737] ✗ 56823c25 - Bricklink 上不存在该零件
[12:16:43] [8179/13737] ✗ 56823c28 - Bricklink 上不存在该零件
[12:16:49] [8180/13737] ✗ 56823c30 - Bricklink 上不存在该零件
[12:16:49] 进度 8180/13737 (59.5%) | 成功 5695 失败 2485 | 成功率 69.6% | 平均 6.9s/个 | 剩余 10.6h
[12:17:00] [8181/13737] ✗ 56823c420 - Bricklink 上不存在该零件
[12:17:07] [8182/13737] ✗ 56823c50 - Bricklink 上不存在该零件
[12:17:14] [8183/13737] ✗ 56823c500 - Bricklink 上不存在该零件
[12:33:05] [8184/13737] ✗ 56823c75 - Bricklink 上不存在该零件
[12:33:11] [8185/13737] ✓ 5684 = 1.41g
[12:33:18] [8186/13737] ✓ 5685 = 0.12g
[12:33:24] [8187/13737] ✓ 5686 = 0.39g
[12:49:18] [8188/13737] ✓ 5688 = 0.36g
[12:49:24] [8189/13737] ✓ 5689 = 0.46g
[12:49:30] [8190/13737] ✓ 56890 = 3.3g
[12:49:30] 进度 8190/13737 (59.6%) | 成功 5701 失败 2489 | 成功率 69.6% | 平均 7.1s/个 | 剩余 11.0h
[12:49:37] [8191/13737] ✓ 56891 = 9.0g
[12:49:42] [8192/13737] ✓ 56897 = 3.62g
[12:49:46] [8193/13737] ✓ 56898 = 7.58g
[13:05:43] [8194/13737] ✗ 568c02 - Bricklink 上不存在该零件
[13:05:50] [8195/13737] ✗ 569 - Bricklink 上不存在该零件
[13:05:57] [8196/13737] ✓ 5690 = 0.93g
[13:17:40] [8197/13737] ✓ 56902 = 1.02g
[13:17:51] [8198/13737] ✓ 56903 = 1.0g
[13:18:05] [8199/13737] ✓ 56904 = 4.1g
[13:18:15] [8200/13737] ✗ 56907 - Bricklink 上不存在该零件
[13:18:15] 进度 8200/13737 (59.7%) | 成功 5708 失败 2492 | 成功率 69.6% | 平均 7.3s/个 | 剩余 11.3h
[13:34:07] [8201/13737] ✓ 56908 = 9.0g
[13:34:20] [8202/13737] ✓ 5692 = 0.31g
[13:34:28] [8203/13737] ✗ 570 - Bricklink 上不存在该零件
[13:34:35] [8204/13737] ✗ 57028c01 - Bricklink 上不存在该零件
[13:50:16] [8205/13737] ✗ 57028c02 - Bricklink 上不存在该零件
[13:50:22] [8206/13737] ✗ 57028c03 - Bricklink 上不存在该零件
[13:50:28] [8207/13737] ✗ 57028c04 - Bricklink 上不存在该零件
[13:50:39] [8208/13737] ✗ 57046 - Bricklink 上不存在该零件
[13:50:47] [8209/13737] ✗ 57046a - Bricklink 上不存在该零件
[14:06:23] [8210/13737] ✗ 57046b - Bricklink 上不存在该零件
[14:06:23] 进度 8210/13737 (59.8%) | 成功 5710 失败 2500 | 成功率 69.5% | 平均 7.7s/个 | 剩余 11.8h
[14:06:30] [8211/13737] ✗ 57046c - Bricklink 上不存在该零件
[14:06:38] [8212/13737] ✗ 57046d - Bricklink 上不存在该零件
[14:06:46] [8213/13737] ✗ 57046e - Bricklink 上不存在该零件
[14:06:55] [8214/13737] ✗ 57046f - Bricklink 上不存在该零件
[14:07:01] [8215/13737] ✗ 57051 - Bricklink 上不存在该零件
[14:18:39] [8216/13737] ✗ 57099 - 未在页面中找到重量数据
[14:18:45] [8217/13737] ✗ 5711 - Bricklink 上不存在该零件
[14:18:56] [8218/13737] ✓ 5712 = 1.18g
[14:19:00] [8219/13737] ✓ 5713 = 0.61g
[14:19:10] [8220/13737] ✓ 5716 = 9.36g
[14:19:10] 进度 8220/13737 (59.8%) | 成功 5713 失败 2507 | 成功率 69.5% | 平均 7.8s/个 | 剩余 11.9h
[14:35:10] [8221/13737] ✓ 5717 = 1.89g
[14:35:24] [8222/13737] ✗ 572 - Bricklink 上不存在该零件
[14:35:30] [8223/13737] ✓ 5721 = 0.33g
[14:51:20] [8224/13737] ✓ 5725 = 1.0g
[14:51:27] [8225/13737] ✓ 5726 = 0.9g
[14:51:36] [8226/13737] ✓ 5729 = 6.4g
[14:51:45] [8227/13737] ✓ 57359 = 1.0g
[15:07:22] [8228/13737] ✓ 57360 = 0.31g
[15:07:30] [8229/13737] ✗ 5740 - Bricklink 上不存在该零件
[15:07:39] [8230/13737] ✓ 5741 = 3.36g
[15:07:39] 进度 8230/13737 (59.9%) | 成功 5721 失败 2509 | 成功率 69.5% | 平均 8.1s/个 | 剩余 12.4h
[15:07:47] [8231/13737] ✓ 5742 = 3.36g
[15:08:02] [8232/13737] ✓ 57467 = 0.5g
[15:19:40] [8233/13737] ✗ 57482 - Bricklink 上不存在该零件
[15:19:48] [8234/13737] ✗ 57503 - Bricklink 上不存在该零件
[15:19:55] [8235/13737] ✗ 57504 - Bricklink 上不存在该零件
[15:20:03] [8236/13737] ✗ 57505 - Bricklink 上不存在该零件
[15:20:12] [8237/13737] ✗ 57506 - Bricklink 上不存在该零件
[15:20:22] [8238/13737] ✓ 57515 = 1.52g
[15:35:56] [8239/13737] ✓ 57518 = 1.4g
[15:36:05] [8240/13737] ✓ 57519 = 5.1g
[15:36:05] 进度 8240/13737 (60.0%) | 成功 5726 失败 2514 | 成功率 69.5% | 平均 8.3s/个 | 剩余 12.7h
[15:36:13] [8241/13737] ✓ 57520 = 1.63g
[15:36:27] [8242/13737] ✓ 57523c01 = 26.0g
[15:36:32] [8243/13737] ✓ 57525 = 0.22g
[15:52:22] [8244/13737] ✓ 57526 = 1.38g
[15:52:29] [8245/13737] ✓ 57527 = 4.0g
[15:52:37] [8246/13737] ✓ 57528 = 2.72g
[16:08:29] [8247/13737] ✓ 57529 = 6.7g
[16:08:36] [8248/13737] ✓ 57530 = 5.0g
[16:08:43] [8249/13737] ✓ 57533 = 3.2g
[16:08:50] [8250/13737] ✓ 57534 = 3.48g
[16:08:51] 进度 8250/13737 (60.1%) | 成功 5736 失败 2514 | 成功率 69.5% | 平均 8.5s/个 | 剩余 13.0h
[16:08:58] [8251/13737] ✓ 57535 = 3.64g
[16:20:58] [8252/13737] ✓ 57536 = 1.12g
[16:21:08] [8253/13737] ✓ 57539 = 1.57g
[16:21:14] [8254/13737] ✓ 57540 = 4.9g
[16:37:12] [8255/13737] ✓ 57541 = 1.38g
[16:37:23] [8256/13737] ✓ 57543 = 2.0g
[16:37:31] [8257/13737] ✓ 57544 = 2.52g
[16:53:24] [8258/13737] ✓ 57545 = 5.0g
[16:53:32] [8259/13737] ✓ 57546 = 4.46g
[16:53:38] [8260/13737] ✓ 57547 = 5.1g
[16:53:38] 进度 8260/13737 (60.1%) | 成功 5746 失败 2514 | 成功率 69.6% | 平均 8.8s/个 | 剩余 13.4h
[16:53:44] [8261/13737] ✓ 57551 = 5.1g
[16:53:50] [8262/13737] ✓ 57554 = 2.05g
[17:09:30] [8263/13737] ✓ 57555 = 0.99g
[17:09:43] [8264/13737] ✓ 57556 = 5.8g
[17:09:50] [8265/13737] ✓ 57557 = 2.1g
[17:09:56] [8266/13737] ✓ 57560 = 1.7g
[17:10:02] [8267/13737] ✓ 57561 = 4.65g
[17:22:02] [8268/13737] ✓ 57562 = 3.75g
[17:22:11] [8269/13737] ✓ 57563 = 1.75g
[17:22:18] [8270/13737] ✓ 57564 = 3.0g
[17:22:18] 进度 8270/13737 (60.2%) | 成功 5756 失败 2514 | 成功率 69.6% | 平均 9.0s/个 | 剩余 13.7h
[17:22:24] [8271/13737] ✓ 57565 = 1.43g
[17:37:57] [8272/13737] ✓ 57566 = 2.2g
[17:38:03] [8273/13737] ✓ 57567 = 3.6g
[17:38:09] [8274/13737] ✓ 57568 = 4.16g
[17:38:14] [8275/13737] ✓ 57569 = 4.75g
[17:38:22] [8276/13737] ✓ 57570 = 4.45g
[17:38:29] [8277/13737] ✓ 57571 = 5.13g
[17:54:26] [8278/13737] ✓ 57572 = 6.0g
[17:54:31] [8279/13737] ✓ 57575 = 2.9g
[17:54:39] [8280/13737] ✓ 57585 = 0.65g
[17:54:40] 进度 8280/13737 (60.3%) | 成功 5766 失败 2514 | 成功率 69.6% | 平均 9.3s/个 | 剩余 14.0h
[17:54:46] [8281/13737] ✓ 57587 = 9.0g
[18:10:42] [8282/13737] ✓ 57588 = 0.36g
[18:10:51] [8283/13737] ✗ 5763 - Bricklink 上不存在该零件
[18:10:58] [8284/13737] ✓ 57697 = 0.51g
[18:11:03] [8285/13737] ✓ 57701 = 3.88g
[18:11:09] [8286/13737] ✓ 57702 = 1.94g
[18:22:45] [8287/13737] ✓ 5777 = 0.5g
[18:22:52] [8288/13737] ✓ 57779 = 7.5g
[18:23:00] [8289/13737] ✓ 57781 = 45.3g
[18:23:06] [8290/13737] ✓ 57783 = 2.0g
[18:23:07] 进度 8290/13737 (60.3%) | 成功 5775 失败 2515 | 成功率 69.7% | 平均 9.5s/个 | 剩余 14.3h
[18:23:14] [8291/13737] ✓ 57789 = 226.0g
[18:23:20] [8292/13737] ✓ 57789c01 = 429.2g
[18:23:26] [8293/13737] ✓ 57792 = 15.4g
[18:39:02] [8294/13737] ✗ 57796 - Bricklink 上不存在该零件
[18:39:07] [8295/13737] ✓ 5780 = 3.68g
[18:39:14] [8296/13737] ✓ 5784 = 1.01g
[18:39:22] [8297/13737] ✓ 5785 = 0.73g
[18:39:30] [8298/13737] ✓ 5786 = 0.22g
[18:39:39] [8299/13737] ✗ 5787 - Bricklink 上不存在该零件
[18:55:29] [8300/13737] ✓ 57878 = 0.82g
[18:55:29] 进度 8300/13737 (60.4%) | 成功 5783 失败 2517 | 成功率 69.7% | 平均 9.7s/个 | 剩余 14.6h
[18:55:36] [8301/13737] ✓ 57881 = 0.8g
[18:55:41] [8302/13737] ✓ 57887 = 4.5g
[18:55:49] [8303/13737] ✓ 57888 = 17.9g
[18:55:55] [8304/13737] ✓ 57893 = 6.33g
[19:11:39] [8305/13737] ✓ 57894 = 3.17g
[19:11:46] [8306/13737] ✓ 57895 = 2.33g
[19:11:59] [8307/13737] ✓ 57899 = 0.48g
[19:12:05] [8308/13737] ✓ 57900 = 0.7g
[19:24:03] [8309/13737] ✓ 57906 = 3.0g
[19:24:09] [8310/13737] ✓ 57908 = 2.4g
[19:24:09] 进度 8310/13737 (60.5%) | 成功 5793 失败 2517 | 成功率 69.7% | 平均 9.9s/个 | 剩余 14.9h
[19:24:15] [8311/13737] ✓ 57909a = 1.84g
[19:24:24] [8312/13737] ✓ 57909b = 1.75g
[19:40:16] [8313/13737] ✓ 57910 = 1.9g
[19:40:21] [8314/13737] ✓ 57912c01 = 3.55g
[19:40:28] [8315/13737] ✓ 57915 = 106.0g
[19:40:33] [8316/13737] ✓ 5794 = 0.28g
[19:40:39] [8317/13737] ✓ 57994 = 0.15g
[19:56:29] [8318/13737] ✓ 57995 = 0.15g
[19:56:36] [8319/13737] ✗ 57999 - Bricklink 上不存在该零件
[19:56:41] [8320/13737] ✓ 58004 = 1.02g
[19:56:42] 进度 8320/13737 (60.6%) | 成功 5802 失败 2518 | 成功率 69.7% | 平均 10.1s/个 | 剩余 15.2h
[19:56:48] [8321/13737] ✓ 58005 = 1.42g
[19:56:54] [8322/13737] ✓ 58006 = 0.1g
[20:12:46] [8323/13737] ✓ 58007 = 0.05g
[20:12:55] [8324/13737] ✗ 58011a - Bricklink 上不存在该零件
[20:13:01] [8325/13737] ✗ 58011b - Bricklink 上不存在该零件
[20:13:08] [8326/13737] ✗ 58011c - Bricklink 上不存在该零件
[20:24:51] [8327/13737] ✗ 58011c01 - Bricklink 上不存在该零件
[20:24:57] [8328/13737] ✗ 58011d - Bricklink 上不存在该零件
[20:25:07] [8329/13737] ✗ 58012a - Bricklink 上不存在该零件
[20:25:16] [8330/13737] ✗ 58012b - Bricklink 上不存在该零件
[20:25:16] 进度 8330/13737 (60.6%) | 成功 5805 失败 2525 | 成功率 69.7% | 平均 10.3s/个 | 剩余 15.5h
[20:25:27] [8331/13737] ✗ 58012c - Bricklink 上不存在该零件
[20:25:33] [8332/13737] ✗ 58012c01 - Bricklink 上不存在该零件
[20:41:11] [8333/13737] ✗ 58012d - Bricklink 上不存在该零件
[20:41:18] [8334/13737] ✓ 58017 = 0.7g
[20:41:25] [8335/13737] ✗ 58065 - Bricklink 上不存在该零件
[20:41:31] [8336/13737] ✓ 58069 = 10.0g
[20:41:37] [8337/13737] ✓ 5807 = 0.98g
[20:41:43] [8338/13737] ✓ 58071 = 10.9g
[20:41:48] [8339/13737] ✓ 58078 = 32.0g
[20:57:21] [8340/13737] ✓ 58079 = 39.0g
[20:57:21] 进度 8340/13737 (60.7%) | 成功 5811 失败 2529 | 成功率 69.7% | 平均 10.5s/个 | 剩余 15.7h
[20:57:30] [8341/13737] ✗ 58080 - Bricklink 上不存在该零件
[20:57:39] [8342/13737] ✓ 58086 = 4.0g
[20:57:46] [8343/13737] ✓ 58088 = 2.6g
[20:57:54] [8344/13737] ✓ 58089 = 1.08g
[20:58:00] [8345/13737] ✓ 58090 = 7.61g
[21:13:35] [8346/13737] ✓ 5810 = 1.28g
[21:13:45] [8347/13737] ✓ 58118 = 10.0g
[21:13:53] [8348/13737] ✗ 58119 - Bricklink 上不存在该零件
[21:14:14] [8349/13737] ✗ 58120 - Bricklink 上不存在该零件
[21:14:21] [8350/13737] ✗ 58121 - Bricklink 上不存在该零件
[21:14:21] 进度 8350/13737 (60.8%) | 成功 5817 失败 2533 | 成功率 69.7% | 平均 10.6s/个 | 剩余 15.9h
[21:25:56] [8351/13737] ✗ 58122 - Bricklink 上不存在该零件
[21:26:04] [8352/13737] ✗ 58123a - Bricklink 上不存在该零件
[21:26:14] [8353/13737] ✗ 58123b - Bricklink 上不存在该零件
[21:26:21] [8354/13737] ✗ 58124 - Bricklink 上不存在该零件
[21:26:29] [8355/13737] ✗ 58124c01 - Bricklink 上不存在该零件
[21:42:25] [8356/13737] ✗ 58124c02 - Bricklink 上不存在该零件
[21:42:33] [8357/13737] ✓ 5813 = 1.3g
[21:42:42] [8358/13737] ✓ 58135 = 5.41g
[21:42:49] [8359/13737] ✓ 58176 = 0.22g
[21:58:24] [8360/13737] ✓ 58177 = 1.1g
[21:58:24] 进度 8360/13737 (60.9%) | 成功 5821 失败 2539 | 成功率 69.6% | 平均 10.9s/个 | 剩余 16.3h
[21:58:31] [8361/13737] ✓ 58181 = 2.66g
[21:58:39] [8362/13737] ✗ 58209 - Bricklink 上不存在该零件
[21:58:47] [8363/13737] ✗ 58210 - Bricklink 上不存在该零件
[21:58:55] [8364/13737] ✓ 58211 = 1.2g
[21:59:00] [8365/13737] ✓ 58212 = 1.76g
[22:14:49] [8366/13737] ✓ 5822 = 0.62g
[22:14:57] [8367/13737] ✓ 58230 = 4.0g
[22:15:09] [8368/13737] ✓ 58247 = 0.34g
[22:27:10] [8369/13737] ✓ 5828 = 1.8g
[22:27:22] [8370/13737] ✗ 5830 - Bricklink 上不存在该零件
[22:27:22] 进度 8370/13737 (60.9%) | 成功 5828 失败 2542 | 成功率 69.6% | 平均 11.1s/个 | 剩余 16.6h
[22:27:30] [8371/13737] ✓ 58321 = 1.73g
[22:43:33] [8372/13737] ✓ 58367 = 0.1g
[22:43:46] [8373/13737] ✓ 58380 = 1.74g
[22:59:40] [8374/13737] ✓ 58381 = 1.74g
[22:59:53] [8375/13737] ✓ 58397 = 0.4g
[23:00:00] [8376/13737] ✗ 584 - Bricklink 上不存在该零件
[23:07:38] [8377/13737] ✓ 5841 = 0.53g
[23:28:20] [8378/13737] ✓ 5842 = 1.87g
[00:42:09] [8379/13737] ✗ 5843 - <urlopen error [Errno 8] nodename nor servname provided, or not known>
[00:42:18] [8380/13737] ✓ 5845 = 1.63g
[00:42:19] 进度 8380/13737 (61.0%) | 成功 5836 失败 2544 | 成功率 69.6% | 平均 12.1s/个 | 剩余 18.0h
[00:42:33] [8381/13737] ✓ 5846 = 0.93g
[00:42:44] [8382/13737] ✓ 5847 = 0.55g
[00:42:57] [8383/13737] ✓ 5848 = 0.24g
[00:43:04] [8384/13737] ✓ 5849 = 1.2g
[00:43:12] [8385/13737] ✗ 58497 - Bricklink 上不存在该零件
[00:43:18] [8386/13737] ✓ 58498c01 = 5.3g
[00:43:25] [8387/13737] ✓ 58498c02 = 5.3g
[00:43:33] [8388/13737] ✓ 58498c03 = 5.3g
[00:43:41] [8389/13737] ✗ 585 - Bricklink 上不存在该零件
[00:43:51] [8390/13737] ✓ 5850 = 0.95g
[00:43:52] 进度 8390/13737 (61.1%) | 成功 5844 失败 2546 | 成功率 69.7% | 平均 12.1s/个 | 剩余 17.9h
[00:44:06] [8391/13737] ✓ 5852 = 0.42g
[00:44:13] [8392/13737] ✓ 5853 = 1.95g
[00:44:18] [8393/13737] ✓ 5854 = 0.96g
[00:44:24] [8394/13737] ✓ 58574 = 0.11g
[00:44:34] [8395/13737] ✓ 58665 = 1.5g
[00:44:41] [8396/13737] ✗ 586c01 - Bricklink 上不存在该零件
[00:44:48] [8397/13737] ✗ 586c02 - Bricklink 上不存在该零件
[00:45:01] [8398/13737] ✓ 58827 = 5.29g
[00:45:07] [8399/13737] ✓ 5884 = 0.57g
[00:45:15] [8400/13737] ✗ 58842 - Bricklink 上不存在该零件
[00:45:15] 进度 8400/13737 (61.1%) | 成功 5851 失败 2549 | 成功率 69.7% | 平均 12.1s/个 | 剩余 17.9h
[00:45:22] [8401/13737] ✓ 58843 = 2.06g
[00:45:28] [8402/13737] ✓ 58845 = 0.7g
[00:45:37] [8403/13737] ✓ 58846 = 11.0g
[00:45:43] [8404/13737] ✓ 58947 = 12.04g
[00:45:58] [8405/13737] ✓ 5895 = 16.8g
[00:46:03] [8406/13737] ✓ 5896 = 15.1g
[00:46:10] [8407/13737] ✓ 5897 = 52.16g
[00:46:14] [8408/13737] ✓ 5898 = 107.0g
[00:46:20] [8409/13737] ✓ 59 = 0.28g
[00:46:27] [8410/13737] ✓ 5903 = 0.13g
[00:46:27] 进度 8410/13737 (61.2%) | 成功 5861 失败 2549 | 成功率 69.7% | 平均 12.1s/个 | 剩余 17.8h
[00:46:34] [8411/13737] ✓ 5904 = 0.21g
[00:46:42] [8412/13737] ✓ 5906 = 1.1g
[00:46:55] [8413/13737] ✓ 5907 = 0.6g
[00:47:00] [8414/13737] ✓ 5908 = 0.56g
[00:47:10] [8415/13737] ✗ 59107 - Bricklink 上不存在该零件
[00:47:18] [8416/13737] ✗ 59127 - Bricklink 上不存在该零件
[00:47:24] [8417/13737] ✗ 59130 - Bricklink 上不存在该零件
[00:47:30] [8418/13737] ✗ 59133 - Bricklink 上不存在该零件
[00:47:39] [8419/13737] ✗ 59134 - Bricklink 上不存在该零件
[00:47:44] [8420/13737] ✓ 59135 = 52.0g
[00:47:44] 进度 8420/13737 (61.3%) | 成功 5866 失败 2554 | 成功率 69.7% | 平均 12.0s/个 | 剩余 17.8h
[00:47:52] [8421/13737] ✓ 59178 = 17.5g
[00:47:58] [8422/13737] ✗ 59181 - Bricklink 上不存在该零件
[00:48:04] [8423/13737] ✓ 59187 = 36.0g
[00:48:13] [8424/13737] ✓ 59190 = 30.0g
[00:48:19] [8425/13737] ✗ 59224 - Bricklink 上不存在该零件
[00:48:24] [8426/13737] ✓ 59225c01 = 5.5g
[00:48:33] [8427/13737] ✓ 59225c02 = 5.5g
[00:48:40] [8428/13737] ✓ 59228 = 6.5g
[00:48:46] [8429/13737] ✓ 59229 = 0.3g
[00:48:58] [8430/13737] ✓ 59230 = 0.13g
[00:48:58] 进度 8430/13737 (61.4%) | 成功 5874 失败 2556 | 成功率 69.7% | 平均 12.0s/个 | 剩余 17.8h
[00:49:05] [8431/13737] ✓ 59231 = 0.4g
[00:49:11] [8432/13737] ✓ 59232 = 0.3g
[00:49:26] [8433/13737] ✓ 59233 = 0.43g
[00:49:31] [8434/13737] ✓ 5924 = 0.73g
[00:49:35] [8435/13737] ✓ 5925 = 5.11g
[00:49:40] [8436/13737] ✓ 5926 = 7.0g
[00:49:48] [8437/13737] ✓ 5927 = 9.33g
[00:49:59] [8438/13737] ✗ 59275 - Bricklink 上不存在该零件
[00:50:06] [8439/13737] ✓ 59276 = 0.8g
[00:50:15] [8440/13737] ✓ 5928 = 6.07g
[00:50:15] 进度 8440/13737 (61.4%) | 成功 5883 失败 2557 | 成功率 69.7% | 平均 12.0s/个 | 剩余 17.7h
[00:50:23] [8441/13737] ✓ 5929 = 11.15g
[00:50:30] [8442/13737] ✓ 5930 = 115.5g
[00:50:35] [8443/13737] ✓ 5931 = 12.43g
[00:50:51] [8444/13737] ✓ 59349 = 6.1g
[00:50:57] [8445/13737] ✗ 59351 - Bricklink 上不存在该零件
[00:51:07] [8446/13737] ✓ 59362 = 0.65g
[00:51:19] [8447/13737] ✓ 59363 = 0.9g
[00:51:54] [8448/13737] ✓ 5938 = 11.91g
[00:52:08] [8449/13737] ✓ 59389c01 = 33.8g
[00:52:15] [8450/13737] ✓ 5939 = 11.6g
[00:52:15] 进度 8450/13737 (61.5%) | 成功 5892 失败 2558 | 成功率 69.7% | 平均 12.0s/个 | 剩余 17.7h
[00:52:23] [8451/13737] ✗ 59426 - Bricklink 上不存在该零件
[00:52:29] [8452/13737] ✗ 59437c01 - Bricklink 上不存在该零件
[00:52:34] [8453/13737] ✗ 59441c01 - Bricklink 上不存在该零件
[00:52:41] [8454/13737] ✗ 59443 - Bricklink 上不存在该零件
[00:52:50] [8455/13737] ✓ 59492 = 15.7g
[00:52:54] [8456/13737] ✓ 59521 = 55.0g
[00:53:01] [8457/13737] ✗ 59522c01 - Bricklink 上不存在该零件
[00:53:24] [8458/13737] ✓ 59559 = 19.59g
[00:53:31] [8459/13737] ✓ 59577 = 2.5g
[00:53:37] [8460/13737] ✓ 5966 = 16.9g
[00:53:38] 进度 8460/13737 (61.6%) | 成功 5897 失败 2563 | 成功率 69.7% | 平均 12.0s/个 | 剩余 17.6h
[00:53:42] [8461/13737] ✓ 5969 = 6.09g
[00:53:54] [8462/13737] ✗ 5973 - Bricklink 上不存在该零件
[00:54:01] [8463/13737] ✗ 5975 - Bricklink 上不存在该零件
[00:54:09] [8464/13737] ✗ 5978 - Bricklink 上不存在该零件
[00:54:15] [8465/13737] ✓ 59807 = 3.16g
[00:54:24] [8466/13737] ✗ 59810c01 - Bricklink 上不存在该零件
[00:54:31] [8467/13737] ✓ 59814 = 17.0g
[00:54:38] [8468/13737] ✗ 59833c01 - Bricklink 上不存在该零件
[00:54:47] [8469/13737] ✗ 59834c01 - Bricklink 上不存在该零件
[00:54:53] [8470/13737] ✗ 59835c01 - Bricklink 上不存在该零件
[00:54:53] 进度 8470/13737 (61.7%) | 成功 5900 失败 2570 | 成功率 69.7% | 平均 12.0s/个 | 剩余 17.6h
[00:55:10] [8471/13737] ✓ 5984 = 0.45g
[00:55:19] [8472/13737] ✓ 5985 = 0.95g
[00:55:24] [8473/13737] ✗ 59862c01 - Bricklink 上不存在该零件
[00:55:29] [8474/13737] ✓ 5987 = 1.0g
[00:55:35] [8475/13737] ✓ 5988 = 0.85g
[00:55:41] [8476/13737] ✓ 59895 = 0.42g
[00:55:48] [8477/13737] ✗ 59900 - Bricklink 上不存在该零件
[00:55:57] [8478/13737] ✓ 59901 = 3.0g
[00:56:24] [8479/13737] ✗ 59904c01 - Bricklink 上不存在该零件
[00:56:36] [8480/13737] ✓ 5995 = 0.56g
[00:56:36] 进度 8480/13737 (61.7%) | 成功 5907 失败 2573 | 成功率 69.7% | 平均 12.0s/个 | 剩余 17.6h
[00:56:43] [8481/13737] ✓ 5996 = 1.02g
[00:56:50] [8482/13737] ✓ 5997 = 0.68g
[00:56:57] [8483/13737] ✓ 600 = 2.75g
[00:57:05] [8484/13737] ✗ 6000 - Bricklink 上不存在该零件
[00:57:30] [8485/13737] ✓ 6002 = 15.6g
[00:57:36] [8486/13737] ✓ 6003 = 4.25g
[00:57:42] [8487/13737] ✓ 60032 = 0.66g
[00:57:50] [8488/13737] ✗ 6003555 - Bricklink 上不存在该零件
[00:58:15] [8489/13737] ✗ 6004 - Bricklink 上不存在该零件
[00:58:25] [8490/13737] ✗ 6004121 - Bricklink 上不存在该零件
[00:58:25] 进度 8490/13737 (61.8%) | 成功 5913 失败 2577 | 成功率 69.6% | 平均 12.0s/个 | 剩余 17.5h
[00:58:34] [8491/13737] ✗ 6004466 - Bricklink 上不存在该零件
[00:58:42] [8492/13737] ✗ 6004468 - Bricklink 上不存在该零件
[00:58:54] [8493/13737] ✗ 6004472 - Bricklink 上不存在该零件
[00:59:09] [8494/13737] ✓ 6005 = 1.0g
[00:59:15] [8495/13737] ✓ 6007 = 11.29g
[00:59:20] [8496/13737] ✓ 601 = 0.75g
[00:59:26] [8497/13737] ✗ 6011237 - Bricklink 上不存在该零件
[00:59:32] [8498/13737] ✓ 60115 = 0.85g
[00:59:42] [8499/13737] ✗ 6011773 - Bricklink 上不存在该零件
[00:59:49] [8500/13737] ✓ 60128 = 72.8g
[00:59:49] 进度 8500/13737 (61.9%) | 成功 5918 失败 2582 | 成功率 69.6% | 平均 12.0s/个 | 剩余 17.5h
[00:59:56] [8501/13737] ✗ 6013273 - Bricklink 上不存在该零件
[01:00:02] [8502/13737] ✗ 6013279 - Bricklink 上不存在该零件
[01:00:11] [8503/13737] ✗ 6013287 - Bricklink 上不存在该零件
[01:00:21] [8504/13737] ✗ 6013291 - Bricklink 上不存在该零件
[01:00:29] [8505/13737] ✗ 6013294 - Bricklink 上不存在该零件
[01:00:36] [8506/13737] ✓ 6014a = 0.6g
[01:00:44] [8507/13737] ✓ 6014b = 0.57g
[01:00:50] [8508/13737] ✓ 6015 = 2.0g
[01:01:01] [8509/13737] ✓ 6016 = 1.3g
[01:01:08] [8510/13737] ✗ 60169 - Bricklink 上不存在该零件
[01:01:08] 进度 8510/13737 (61.9%) | 成功 5922 失败 2588 | 成功率 69.6% | 平均 12.0s/个 | 剩余 17.4h
[01:01:14] [8511/13737] ✓ 6017 = 0.48g
[01:01:22] [8512/13737] ✓ 60176 = 1.0g
[01:01:32] [8513/13737] ✓ 6018 = 0.41g
[01:01:39] [8514/13737] ✗ 60189 - Bricklink 上不存在该零件
[01:01:50] [8515/13737] ✓ 6019 = 0.25g
[01:01:59] [8516/13737] ✗ 60190 - Bricklink 上不存在该零件
[01:02:05] [8517/13737] ✗ 60191 - Bricklink 上不存在该零件
[01:02:16] [8518/13737] ✗ 60192 - Bricklink 上不存在该零件
[01:02:25] [8519/13737] ✓ 6020 = 2.17g
[01:02:32] [8520/13737] ✗ 60207 - Bricklink 上不存在该零件
[01:02:32] 进度 8520/13737 (62.0%) | 成功 5927 失败 2593 | 成功率 69.6% | 平均 12.0s/个 | 剩余 17.4h
[01:02:44] [8521/13737] ✓ 60208 = 3.2g
[01:02:51] [8522/13737] ✓ 6021 = 13.8g
[01:03:00] [8523/13737] ✓ 60212 = 1.4g
[01:03:11] [8524/13737] ✓ 60219 = 4.2g
[01:03:18] [8525/13737] ✗ 60220 - Bricklink 上不存在该零件
[01:03:25] [8526/13737] ✗ 60221 - Bricklink 上不存在该零件
[01:03:31] [8527/13737] ✗ 60222 - Bricklink 上不存在该零件
[01:03:37] [8528/13737] ✗ 60223 - Bricklink 上不存在该零件
[01:03:44] [8529/13737] ✗ 60224 - Bricklink 上不存在该零件
[01:03:51] [8530/13737] ✗ 60225 - Bricklink 上不存在该零件
[01:03:51] 进度 8530/13737 (62.1%) | 成功 5931 失败 2599 | 成功率 69.5% | 平均 12.0s/个 | 剩余 17.4h
[01:03:57] [8531/13737] ✗ 60226 - Bricklink 上不存在该零件
[01:04:11] [8532/13737] ✗ 60227 - Bricklink 上不存在该零件
[01:04:18] [8533/13737] ✗ 60228 - Bricklink 上不存在该零件
[01:04:26] [8534/13737] ✗ 60229 - Bricklink 上不存在该零件
[01:04:31] [8535/13737] ✓ 6023 = 2.85g
[01:04:39] [8536/13737] ✗ 60230 - Bricklink 上不存在该零件
[01:04:45] [8537/13737] ✗ 60231 - Bricklink 上不存在该零件
[01:04:54] [8538/13737] ✗ 60232 - Bricklink 上不存在该零件
[01:05:06] [8539/13737] ✗ 60233 - Bricklink 上不存在该零件
[01:05:13] [8540/13737] ✗ 60234 - Bricklink 上不存在该零件
[01:05:13] 进度 8540/13737 (62.2%) | 成功 5932 失败 2608 | 成功率 69.5% | 平均 12.0s/个 | 剩余 17.3h
[01:05:20] [8541/13737] ✗ 60235 - Bricklink 上不存在该零件
[01:05:29] [8542/13737] ✗ 60237 - Bricklink 上不存在该零件
[01:05:37] [8543/13737] ✗ 60238 - Bricklink 上不存在该零件
[01:05:51] [8544/13737] ✗ 60239 - Bricklink 上不存在该零件
[01:06:00] [8545/13737] ✗ 60240 - Bricklink 上不存在该零件
[01:06:08] [8546/13737] ✗ 60243 - Bricklink 上不存在该零件
[01:06:13] [8547/13737] ✗ 60244 - Bricklink 上不存在该零件
[01:06:21] [8548/13737] ✓ 6025 = 0.62g
[01:06:27] [8549/13737] ✓ 6026 = 5.0g
[01:06:34] [8550/13737] ✗ 60268c01 - Bricklink 上不存在该零件
[01:06:34] 进度 8550/13737 (62.2%) | 成功 5934 失败 2616 | 成功率 69.4% | 平均 12.0s/个 | 剩余 17.3h
[01:06:40] [8551/13737] ✓ 6027 = 1.0g
[01:06:47] [8552/13737] ✓ 6028 = 1.5g
[01:06:54] [8553/13737] ✗ 60289 - Bricklink 上不存在该零件
[01:07:01] [8554/13737] ✓ 6029 = 1.68g
[01:07:07] [8555/13737] ✓ 60290 = 2.14g
[01:07:15] [8556/13737] ✗ 60291 - Bricklink 上不存在该零件
[01:07:23] [8557/13737] ✗ 60292 - Bricklink 上不存在该零件
[01:07:32] [8558/13737] ✗ 60293 - Bricklink 上不存在该零件
[01:07:45] [8559/13737] ✗ 60294 - Bricklink 上不存在该零件
[01:07:58] [8560/13737] ✗ 60295 - Bricklink 上不存在该零件
[01:07:58] 进度 8560/13737 (62.3%) | 成功 5938 失败 2622 | 成功率 69.4% | 平均 12.0s/个 | 剩余 17.2h
[01:08:08] [8561/13737] ✗ 60296 - Bricklink 上不存在该零件
[01:08:22] [8562/13737] ✗ 60297 - Bricklink 上不存在该零件
[01:08:34] [8563/13737] ✓ 6030 = 1.49g
[01:08:48] [8564/13737] ✗ 60305 - Bricklink 上不存在该零件
[01:08:59] [8565/13737] ✗ 60311 - Bricklink 上不存在该零件
[01:09:09] [8566/13737] ✗ 60312 - Bricklink 上不存在该零件
[01:09:18] [8567/13737] ✓ 6032 = 1.98g
[01:09:32] [8568/13737] ✗ 60329 - Bricklink 上不存在该零件
[01:09:44] [8569/13737] ✗ 60330 - Bricklink 上不存在该零件
[01:09:56] [8570/13737] ✗ 60331 - Bricklink 上不存在该零件
[01:09:56] 进度 8570/13737 (62.4%) | 成功 5940 失败 2630 | 成功率 69.3% | 平均 12.0s/个 | 剩余 17.2h
[01:10:03] [8571/13737] ✗ 60332 - Bricklink 上不存在该零件
[01:10:11] [8572/13737] ✓ 60340 = 2.05g
[01:10:21] [8573/13737] ✗ 6035 - Bricklink 上不存在该零件
[01:10:29] [8574/13737] ✗ 6036833 - Bricklink 上不存在该零件
[01:10:46] [8575/13737] ✓ 6037 = 3.45g
[01:10:55] [8576/13737] ✗ 6037264 - Bricklink 上不存在该零件
[01:11:04] [8577/13737] ✗ 6037281 - Bricklink 上不存在该零件
[01:11:15] [8578/13737] ✗ 6037284 - Bricklink 上不存在该零件
[01:11:25] [8579/13737] ✗ 6037288 - Bricklink 上不存在该零件
[01:11:34] [8580/13737] ✗ 6037292 - Bricklink 上不存在该零件
[01:11:34] 进度 8580/13737 (62.5%) | 成功 5942 失败 2638 | 成功率 69.3% | 平均 12.0s/个 | 剩余 17.2h
[01:11:44] [8581/13737] ✓ 60373 = 5.07g
[01:11:52] [8582/13737] ✓ 6039 = 1.23g
[01:11:59] [8583/13737] ✗ 6039476 - Bricklink 上不存在该零件
[01:12:07] [8584/13737] ✗ 6039945 - Bricklink 上不存在该零件
[01:12:15] [8585/13737] ✗ 604 - Bricklink 上不存在该零件
[01:12:21] [8586/13737] ✓ 6040 = 3.92g
[01:12:29] [8587/13737] ✓ 6041 = 0.95g
[01:12:41] [8588/13737] ✓ 6042 = 4.24g
[01:12:45] [8589/13737] ✓ 6043 = 3.34g
[01:12:53] [8590/13737] ✗ 6043191poster - Bricklink 上不存在该零件
[01:12:53] 进度 8590/13737 (62.5%) | 成功 5948 失败 2642 | 成功率 69.2% | 平均 12.0s/个 | 剩余 17.1h
[01:13:00] [8591/13737] ✗ 6043632 - Bricklink 上不存在该零件
[01:13:07] [8592/13737] ✗ 6043634 - Bricklink 上不存在该零件
[01:13:17] [8593/13737] ✗ 6043635 - Bricklink 上不存在该零件
[01:13:29] [8594/13737] ✓ 6044 = 1.71g
[01:13:40] [8595/13737] ✗ 604547 - Bricklink 上不存在该零件
[01:13:50] [8596/13737] ✗ 604548 - Bricklink 上不存在该零件
[01:13:57] [8597/13737] ✗ 604549 - Bricklink 上不存在该零件
[01:14:06] [8598/13737] ✗ 604550 - Bricklink 上不存在该零件
[01:14:16] [8599/13737] ✗ 604551 - Bricklink 上不存在该零件
[01:14:24] [8600/13737] ✗ 604552 - Bricklink 上不存在该零件
[01:14:24] 进度 8600/13737 (62.6%) | 成功 5949 失败 2651 | 成功率 69.2% | 平均 12.0s/个 | 剩余 17.1h
[01:14:31] [8601/13737] ✗ 604553 - Bricklink 上不存在该零件
[01:14:38] [8602/13737] ✓ 6046 = 8.53g
[01:14:48] [8603/13737] ✗ 604614 - Bricklink 上不存在该零件
[01:15:05] [8604/13737] ✗ 604615 - Bricklink 上不存在该零件
[01:15:12] [8605/13737] ✓ 60463 = 0.09g
[01:15:19] [8606/13737] ✗ 6046913 - Bricklink 上不存在该零件
[01:15:27] [8607/13737] ✗ 6046930 - Bricklink 上不存在该零件
[01:15:37] [8608/13737] ✓ 60470a = 0.55g
[01:15:50] [8609/13737] ✓ 60470b = 0.55g
[01:15:57] [8610/13737] ✓ 60471 = 0.48g
[01:15:57] 进度 8610/13737 (62.7%) | 成功 5954 失败 2656 | 成功率 69.2% | 平均 12.0s/个 | 剩余 17.1h
[01:16:05] [8611/13737] ✗ 6047160 - Bricklink 上不存在该零件
[01:16:12] [8612/13737] ✗ 6047357 - Bricklink 上不存在该零件
[01:16:20] [8613/13737] ✓ 60474 = 1.6g
[01:16:29] [8614/13737] ✗ 6047512 - Bricklink 上不存在该零件
[01:16:51] [8615/13737] ✓ 60475a = 0.59g
[01:16:59] [8616/13737] ✓ 60475b = 0.58g
[01:17:09] [8617/13737] ✓ 60476 = 0.56g
[01:17:22] [8618/13737] ✓ 60477 = 1.1g
[01:17:34] [8619/13737] ✓ 60478 = 0.55g
[01:17:41] [8620/13737] ✓ 60479 = 1.95g
[01:17:41] 进度 8620/13737 (62.8%) | 成功 5961 失败 2659 | 成功率 69.2% | 平均 12.0s/个 | 剩余 17.0h
[01:17:52] [8621/13737] ✓ 60481 = 1.16g
[01:18:03] [8622/13737] ✓ 60483 = 0.54g
[01:18:12] [8623/13737] ✓ 60484 = 1.19g
[01:18:24] [8624/13737] ✓ 60485 = 1.3g
[01:18:31] [8625/13737] ✗ 6048a - Bricklink 上不存在该零件
[01:18:35] [8626/13737] ✓ 6048c = 0.36g
[01:18:41] [8627/13737] ✓ 604a = 2.4g
[01:18:49] [8628/13737] ✓ 604ac01 = 3.0g
[01:18:56] [8629/13737] ✓ 604b = 2.2g
[01:19:00] [8630/13737] ✓ 604c = 1.6g
[01:19:00] 进度 8630/13737 (62.8%) | 成功 5970 失败 2660 | 成功率 69.2% | 平均 12.0s/个 | 剩余 17.0h
[01:19:06] [8631/13737] ✓ 604c01 = 3.3g
[01:19:11] [8632/13737] ✓ 604mi = 2.4g
[01:19:19] [8633/13737] ✓ 6050 = 41.48g
[01:19:25] [8634/13737] ✓ 6051 = 41.48g
[01:19:33] [8635/13737] ✗ 6051c02 - Bricklink 上不存在该零件
[01:19:38] [8636/13737] ✗ 6051c03 - Bricklink 上不存在该零件
[01:19:46] [8637/13737] ✗ 6051c04 - Bricklink 上不存在该零件
[01:19:54] [8638/13737] ✗ 6051c05 - Bricklink 上不存在该零件
[01:20:01] [8639/13737] ✓ 6052 = 36.23g
[01:20:07] [8640/13737] ✓ 6053 = 36.23g
[01:20:07] 进度 8640/13737 (62.9%) | 成功 5976 失败 2664 | 成功率 69.2% | 平均 12.0s/个 | 剩余 16.9h
[01:20:14] [8641/13737] ✗ 6053c02 - Bricklink 上不存在该零件
[01:20:20] [8642/13737] ✗ 6053c03 - Bricklink 上不存在该零件
[01:20:26] [8643/13737] ✗ 6053c04 - Bricklink 上不存在该零件
[01:20:32] [8644/13737] ✗ 6053c05 - Bricklink 上不存在该零件
[01:20:38] [8645/13737] ✓ 6054 = 33.81g
[01:20:43] [8646/13737] ✓ 6055 = 7.67g
[01:20:50] [8647/13737] ✓ 6056 = 3.5g
[01:20:57] [8648/13737] ✓ 6057 = 4.0g
[01:21:01] [8649/13737] ✓ 6058 = 11.8g
[01:21:17] [8650/13737] ✓ 60581 = 2.41g
[01:21:17] 进度 8650/13737 (63.0%) | 成功 5982 失败 2668 | 成功率 69.2% | 平均 12.0s/个 | 剩余 16.9h
[01:21:24] [8651/13737] ✓ 60583a = 1.36g
[01:21:30] [8652/13737] ✓ 60583b = 1.35g
[01:21:40] [8653/13737] ✓ 6059 = 4.46g
[01:21:47] [8654/13737] ✓ 60592 = 1.0g
[01:22:03] [8655/13737] ✓ 60593 = 1.3g
[01:22:28] [8656/13737] ✓ 60594 = 1.85g
[01:22:45] [8657/13737] ✓ 60596 = 3.2g
[01:22:55] [8658/13737] ✓ 60598 = 3.82g
[01:23:02] [8659/13737] ✓ 60599 = 5.8g
[01:23:10] [8660/13737] ✓ 606 = 98.0g
[01:23:10] 进度 8660/13737 (63.0%) | 成功 5992 失败 2668 | 成功率 69.2% | 平均 12.0s/个 | 剩余 16.9h
[01:23:20] [8661/13737] ✓ 6060 = 2.1g
[01:23:24] [8662/13737] ✓ 60601 = 0.28g
[01:23:31] [8663/13737] ✓ 60602 = 0.55g
[01:23:38] [8664/13737] ✓ 60603 = 1.2g
[01:23:42] [8665/13737] ✓ 60607 = 0.4g
[01:23:52] [8666/13737] ✓ 60608 = 0.4g
[01:23:59] [8667/13737] ✓ 6061 = 4.2g
[01:24:08] [8668/13737] ✓ 60614 = 0.44g
[01:24:14] [8669/13737] ✓ 60616 = 2.8g
[01:24:23] [8670/13737] ✗ 60616a - Bricklink 上不存在该零件
[01:24:23] 进度 8670/13737 (63.1%) | 成功 6001 失败 2669 | 成功率 69.2% | 平均 12.0s/个 | 剩余 16.8h
[01:24:32] [8671/13737] ✗ 60616b - Bricklink 上不存在该零件
[01:24:44] [8672/13737] ✗ 6061b - Bricklink 上不存在该零件
[01:24:52] [8673/13737] ✓ 60621 = 2.0g
[01:25:03] [8674/13737] ✓ 60623 = 1.92g
[01:25:10] [8675/13737] ✓ 6063 = 6.5g
[01:25:15] [8676/13737] ✓ 60639c01 = 4.7g
[01:25:20] [8677/13737] ✓ 60639c02 = 4.7g
[01:25:28] [8678/13737] ✓ 6064 = 2.93g
[01:25:34] [8679/13737] ✓ 60640 = 0.83g
[01:25:42] [8680/13737] ✓ 60641 = 0.83g
[01:25:42] 进度 8680/13737 (63.2%) | 成功 6009 失败 2671 | 成功率 69.2% | 平均 11.9s/个 | 剩余 16.8h
[01:25:48] [8681/13737] ✓ 6064213 = 31.9g
[01:25:54] [8682/13737] ✓ 6064215 = 31.9g
[01:26:03] [8683/13737] ✓ 6064216 = 31.9g
[01:26:11] [8684/13737] ✓ 6064217 = 31.9g
[01:26:16] [8685/13737] ✓ 6064218 = 31.9g
[01:26:21] [8686/13737] ✓ 60642c01 = 4.7g
[01:26:27] [8687/13737] ✓ 60642c02 = 4.7g
[01:26:37] [8688/13737] ✓ 6065 = 1.86g
[01:26:43] [8689/13737] ✓ 60656 = 7.0g
[01:26:51] [8690/13737] ✓ 60657 = 1.32g
[01:26:51] 进度 8690/13737 (63.3%) | 成功 6019 失败 2671 | 成功率 69.3% | 平均 11.9s/个 | 剩余 16.7h
[01:26:57] [8691/13737] ✓ 60658 = 1.32g
[01:27:10] [8692/13737] ✓ 6066 = 9.2g
[01:27:16] [8693/13737] ✓ 6067 = 3.01g
[01:27:21] [8694/13737] ✗ 60670 - 未在页面中找到重量数据
[01:27:27] [8695/13737] ✓ 60674 = 2.81g
[01:27:35] [8696/13737] ✓ 6069 = 2.28g
[01:27:40] [8697/13737] ✓ 607 = 99.0g
[01:27:50] [8698/13737] ✓ 6070 = 1.52g
[01:27:55] [8699/13737] ✓ 60700 = 2.02g
[01:28:01] [8700/13737] ✗ 6070937 - Bricklink 上不存在该零件
[01:28:01] 进度 8700/13737 (63.3%) | 成功 6027 失败 2673 | 成功率 69.3% | 平均 11.9s/个 | 剩余 16.7h
[01:28:07] [8701/13737] ✓ 6072 = 7.9g
[01:28:13] [8702/13737] ✓ 60747 = 0.9g
[01:28:20] [8703/13737] ✓ 60748 = 0.56g
[01:28:27] [8704/13737] ✓ 60749 = 0.89g
[01:28:34] [8705/13737] ✓ 6075 = 4.0g
[01:28:40] [8706/13737] ✓ 60750 = 0.79g
[01:28:47] [8707/13737] ✓ 60751 = 0.82g
[01:28:53] [8708/13737] ✓ 60752 = 0.44g
[01:29:03] [8709/13737] ✗ 6076 - Bricklink 上不存在该零件
[01:29:10] [8710/13737] ✓ 60766 = 3.17g
[01:29:10] 进度 8710/13737 (63.4%) | 成功 6036 失败 2674 | 成功率 69.3% | 平均 11.9s/个 | 剩余 16.7h
[01:29:17] [8711/13737] ✓ 6076689 = 2.16g
[01:29:24] [8712/13737] ✓ 60770 = 5.75g
[01:29:30] [8713/13737] ✓ 60773 = 8.0g
[01:29:38] [8714/13737] ✓ 60775 = 12.6g
[01:29:43] [8715/13737] ✓ 60776 = 4.16g
[01:29:52] [8716/13737] ✓ 60777 = 12.0g
[01:29:57] [8717/13737] ✓ 6078 = 1.6g
[01:30:03] [8718/13737] ✗ 6078153 - Bricklink 上不存在该零件
[01:30:09] [8719/13737] ✗ 6078576 - Bricklink 上不存在该零件
[01:30:15] [8720/13737] ✓ 6079 = 2.46g
[01:30:15] 进度 8720/13737 (63.5%) | 成功 6044 失败 2676 | 成功率 69.3% | 平均 11.9s/个 | 剩余 16.6h
[01:30:22] [8721/13737] ✗ 6079399 - Bricklink 上不存在该零件
[01:30:31] [8722/13737] ✗ 6079479 - Bricklink 上不存在该零件
[01:30:38] [8723/13737] ✗ 60797c01 - Bricklink 上不存在该零件
[01:30:51] [8724/13737] ✗ 60797c02 - Bricklink 上不存在该零件
[01:31:00] [8725/13737] ✗ 60797c03 - Bricklink 上不存在该零件
[01:31:10] [8726/13737] ✗ 60797c04 - Bricklink 上不存在该零件
[01:31:16] [8727/13737] ✓ 608 = 96.0g
[01:31:36] [8728/13737] ✓ 60800 = 1.0g
[01:31:42] [8729/13737] ✓ 60800a = 1.0g
[01:31:48] [8730/13737] ✗ 60800b - Bricklink 上不存在该零件
[01:31:48] 进度 8730/13737 (63.6%) | 成功 6047 失败 2683 | 成功率 69.3% | 平均 11.9s/个 | 剩余 16.6h
[01:31:56] [8731/13737] ✓ 60806 = 2.3g
[01:32:03] [8732/13737] ✓ 60808 = 3.71g
[01:32:14] [8733/13737] ✓ 6081 = 2.78g
[01:32:19] [8734/13737] ✓ 6082 = 19.7g
[01:32:27] [8735/13737] ✓ 6083 = 12.74g
[01:32:31] [8736/13737] ✓ 6084 = 6.85g
[01:32:38] [8737/13737] ✓ 60849 = 0.1g
[01:32:44] [8738/13737] ✓ 6085 = 9.18g
[01:32:50] [8739/13737] ✓ 6086 = 6.0g
[01:32:57] [8740/13737] ✓ 6087 = 3.24g
[01:32:57] 进度 8740/13737 (63.6%) | 成功 6057 失败 2683 | 成功率 69.3% | 平均 11.9s/个 | 剩余 16.5h
[01:33:03] [8741/13737] ✗ 6088 - Bricklink 上不存在该零件
[01:33:07] [8742/13737] ✓ 6089 = 1.9g
[01:33:15] [8743/13737] ✓ 60894 = 10.0g
[01:33:30] [8744/13737] ✓ 60895 = 7.38g
[01:33:36] [8745/13737] ✓ 60896 = 4.86g
[01:33:46] [8746/13737] ✗ 60897 - Bricklink 上不存在该零件
[01:33:51] [8747/13737] ✓ 60899 = 5.3g
[01:33:59] [8748/13737] ✓ 609 = 100.0g
[01:34:06] [8749/13737] ✗ 6090 - Bricklink 上不存在该零件
[01:34:11] [8750/13737] ✓ 60900 = 5.3g
[01:34:11] 进度 8750/13737 (63.7%) | 成功 6064 失败 2686 | 成功率 69.3% | 平均 11.9s/个 | 剩余 16.5h
[01:34:24] [8751/13737] ✗ 6090093 - Bricklink 上不存在该零件
[01:34:29] [8752/13737] ✓ 60901 = 4.0g
[01:34:36] [8753/13737] ✓ 60902 = 4.5g
[01:34:43] [8754/13737] ✓ 60903 = 4.02g
[01:34:48] [8755/13737] ✓ 60904 = 3.88g
[01:34:55] [8756/13737] ✓ 60905 = 3.58g
[01:35:03] [8757/13737] ✗ 60908 - Bricklink 上不存在该零件
[01:35:09] [8758/13737] ✓ 60909 = 3.49g
[01:35:16] [8759/13737] ✓ 6091 = 0.65g
[01:35:23] [8760/13737] ✓ 60911 = 3.12g
[01:35:23] 进度 8760/13737 (63.8%) | 成功 6072 失败 2688 | 成功率 69.3% | 平均 11.9s/个 | 剩余 16.5h
[01:35:34] [8761/13737] ✓ 60912 = 5.0g
[01:35:39] [8762/13737] ✓ 60913 = 3.17g
[01:35:46] [8763/13737] ✗ 6091464 - Bricklink 上不存在该零件
[01:35:51] [8764/13737] ✓ 60917 = 4.1g
[01:35:58] [8765/13737] ✓ 60918 = 6.58g
[01:36:04] [8766/13737] ✓ 60921 = 10.0g
[01:36:13] [8767/13737] ✓ 60923 = 2.17g
[01:36:18] [8768/13737] ✓ 60924 = 1.23g
[01:36:24] [8769/13737] ✗ 6092449 - Bricklink 上不存在该零件
[01:36:32] [8770/13737] ✓ 60925 = 2.1g
[01:36:32] 进度 8770/13737 (63.8%) | 成功 6080 失败 2690 | 成功率 69.3% | 平均 11.9s/个 | 剩余 16.4h
[01:36:37] [8771/13737] ✓ 60926 = 3.8g
[01:36:41] [8772/13737] ✓ 60928 = 5.0g
[01:36:46] [8773/13737] ✓ 60929 = 0.4g
[01:36:53] [8774/13737] ✗ 6093 - Bricklink 上不存在该零件
[01:36:59] [8775/13737] ✓ 60930 = 7.4g
[01:37:07] [8776/13737] ✓ 60933 = 3.1g
[01:37:13] [8777/13737] ✓ 60934 = 2.4g
[01:37:18] [8778/13737] ✓ 60935 = 3.7g
[01:37:26] [8779/13737] ✓ 60936 = 5.0g
[01:37:31] [8780/13737] ✓ 60980c01 = 29.4g
[01:37:31] 进度 8780/13737 (63.9%) | 成功 6089 失败 2691 | 成功率 69.4% | 平均 11.9s/个 | 剩余 16.4h
[01:37:39] [8781/13737] ✗ 6102437 - Bricklink 上不存在该零件
[01:37:47] [8782/13737] ✗ 6102438 - Bricklink 上不存在该零件
[01:37:52] [8783/13737] ✗ 6102439 - Bricklink 上不存在该零件
[01:37:59] [8784/13737] ✗ 6102440 - Bricklink 上不存在该零件
[01:38:04] [8785/13737] ✗ 6102441 - Bricklink 上不存在该零件
[01:38:11] [8786/13737] ✗ 6102442 - Bricklink 上不存在该零件
[01:38:17] [8787/13737] ✗ 6102443 - Bricklink 上不存在该零件
[01:38:25] [8788/13737] ✗ 6102444 - Bricklink 上不存在该零件
[01:38:31] [8789/13737] ✓ 6104 = 4.45g
[01:38:37] [8790/13737] ✓ 6105 = 4.5g
[01:38:37] 进度 8790/13737 (64.0%) | 成功 6091 失败 2699 | 成功率 69.3% | 平均 11.9s/个 | 剩余 16.3h
[01:38:42] [8791/13737] ✓ 61053 = 2.06g
[01:39:01] [8792/13737] ✓ 61054 = 2.5g
[01:39:09] [8793/13737] ✓ 6106 = 3.57g
[01:39:25] [8794/13737] ✓ 61068 = 1.25g
[01:39:32] [8795/13737] ✓ 61069 = 4.05g
[01:39:38] [8796/13737] ✓ 6107 = 3.0g
[01:39:52] [8797/13737] ✓ 61070 = 2.9g
[01:39:58] [8798/13737] ✓ 61071 = 2.9g
[01:40:05] [8799/13737] ✓ 61072 = 1.17g
[01:40:15] [8800/13737] ✓ 61073 = 3.6g
[01:40:15] 进度 8800/13737 (64.1%) | 成功 6101 失败 2699 | 成功率 69.3% | 平均 11.9s/个 | 剩余 16.3h
[01:40:20] [8801/13737] ✓ 6108 = 5.26g
[01:40:31] [8802/13737] ✓ 61088c01 = 26.46g
[01:40:37] [8803/13737] ✓ 61100c01 = 11.3g
[01:40:44] [8804/13737] ✓ 6111 = 3.8g
[01:40:59] [8805/13737] ✓ 6112 = 4.8g
[01:41:05] [8806/13737] ✗ 6112152 - Bricklink 上不存在该零件
[01:41:12] [8807/13737] ✗ 6112153 - Bricklink 上不存在该零件
[01:41:18] [8808/13737] ✗ 6115091 - Bricklink 上不存在该零件
[01:41:27] [8809/13737] ✗ 6115093 - Bricklink 上不存在该零件
[01:41:33] [8810/13737] ✗ 6115096 - Bricklink 上不存在该零件
[01:41:33] 进度 8810/13737 (64.1%) | 成功 6106 失败 2704 | 成功率 69.3% | 平均 11.9s/个 | 剩余 16.3h
[01:41:39] [8811/13737] ✗ 6115097 - Bricklink 上不存在该零件
[01:41:47] [8812/13737] ✗ 6115099 - Bricklink 上不存在该零件
[01:41:53] [8813/13737] ✗ 6115100 - Bricklink 上不存在该零件
[01:42:00] [8814/13737] ✗ 6115102 - Bricklink 上不存在该零件
[01:42:06] [8815/13737] ✗ 6115103 - Bricklink 上不存在该零件
[01:42:12] [8816/13737] ✗ 6116050 - Bricklink 上不存在该零件
[01:42:19] [8817/13737] ✓ 6117 = 0.5g
[01:42:24] [8818/13737] ✓ 6118 = 4.06g
[01:42:30] [8819/13737] ✓ 61182 = 1.02g
[01:42:38] [8820/13737] ✓ 61183 = 0.7g
[01:42:38] 进度 8820/13737 (64.2%) | 成功 6110 失败 2710 | 成功率 69.3% | 平均 11.9s/个 | 剩余 16.2h
[01:42:47] [8821/13737] ✓ 61184 = 0.3g
[01:42:54] [8822/13737] ✗ 61185 - Bricklink 上不存在该零件
[01:43:02] [8823/13737] ✗ 6119 - Bricklink 上不存在该零件
[01:43:08] [8824/13737] ✓ 61190 = 4.0g
[01:43:15] [8825/13737] ✗ 6119054 - Bricklink 上不存在该零件
[01:43:20] [8826/13737] ✓ 61190a = 0.36g
[01:43:24] [8827/13737] ✓ 61190b = 0.37g
[01:43:30] [8828/13737] ✓ 61190c = 0.15g
[01:43:34] [8829/13737] ✓ 61190f = 0.18g
[01:43:41] [8830/13737] ✓ 61191 = 8.6g
[01:43:41] 进度 8830/13737 (64.3%) | 成功 6117 失败 2713 | 成功率 69.3% | 平均 11.9s/个 | 剩余 16.2h
[01:43:48] [8831/13737] ✓ 61193 = 0.79g
[01:43:56] [8832/13737] ✓ 61194 = 0.12g
[01:44:01] [8833/13737] ✓ 61196 = 0.42g
[01:44:12] [8834/13737] ✓ 61197 = 17.0g
[01:44:16] [8835/13737] ✓ 61198 = 0.19g
[01:44:21] [8836/13737] ✓ 61199 = 0.14g
[01:44:27] [8837/13737] ✓ 6120 = 0.47g
[01:44:33] [8838/13737] ✓ 61205 = 5.0g
[01:44:39] [8839/13737] ✓ 6121 = 9.26g
[01:44:44] [8840/13737] ✓ 61211 = 2.0g
[01:44:44] 进度 8840/13737 (64.4%) | 成功 6127 失败 2713 | 成功率 69.3% | 平均 11.9s/个 | 剩余 16.1h
[01:44:51] [8841/13737] ✓ 61214 = 2.0g
[01:45:01] [8842/13737] ✓ 61215 = 3.0g
[01:45:06] [8843/13737] ✗ 6122 - Bricklink 上不存在该零件
[01:45:14] [8844/13737] ✓ 61221 = 5.0g
[01:45:18] [8845/13737] ✓ 6123 = 0.86g
[01:45:24] [8846/13737] ✓ 61236 = 18.0g
[01:45:30] [8847/13737] ✓ 6124 = 0.18g
[01:45:36] [8848/13737] ✓ 6125 = 1.28g
[01:45:45] [8849/13737] ✓ 61252 = 0.27g
[01:45:52] [8850/13737] ✓ 61254 = 1.03g
[01:45:52] 进度 8850/13737 (64.4%) | 成功 6136 失败 2714 | 成功率 69.3% | 平均 11.9s/个 | 剩余 16.1h
[01:45:57] [8851/13737] ✓ 61254b = 1.06g
[01:46:02] [8852/13737] ✗ 6126a - Bricklink 上不存在该零件
[01:46:09] [8853/13737] ✓ 6126b = 0.23g
[01:46:20] [8854/13737] ✓ 6127 = 1.12g
[01:46:25] [8855/13737] ✓ 6128 = 1.12g
[01:46:32] [8856/13737] ✗ 6128690 - Bricklink 上不存在该零件
[01:46:38] [8857/13737] ✓ 61287 = 0.96g
[01:46:45] [8858/13737] ✗ 6128705 - Bricklink 上不存在该零件
[01:46:52] [8859/13737] ✗ 61295c01 - Bricklink 上不存在该零件
[01:46:58] [8860/13737] ✗ 61295c02 - Bricklink 上不存在该零件
[01:46:58] 进度 8860/13737 (64.5%) | 成功 6141 失败 2719 | 成功率 69.3% | 平均 11.9s/个 | 剩余 16.1h
[01:47:05] [8861/13737] ✗ 61295c03 - Bricklink 上不存在该零件
[01:47:11] [8862/13737] ✓ 6129c01 = 17.59g
[01:47:17] [8863/13737] ✓ 6131 = 1.23g
[01:47:24] [8864/13737] ✓ 6132 = 0.48g
[01:47:31] [8865/13737] ✓ 6133 = 1.8g
[01:47:37] [8866/13737] ✗ 61332 - Bricklink 上不存在该零件
[01:47:43] [8867/13737] ✓ 6134 = 0.47g
[01:47:50] [8868/13737] ✓ 61345 = 1.28g
[01:47:56] [8869/13737] ✗ 6135 - Bricklink 上不存在该零件
[01:48:03] [8870/13737] ✗ 6139040a - Bricklink 上不存在该零件
[01:48:04] 进度 8870/13737 (64.6%) | 成功 6147 失败 2723 | 成功率 69.3% | 平均 11.8s/个 | 剩余 16.0h
[01:48:12] [8871/13737] ✓ 6140 = 0.72g
[01:48:19] [8872/13737] ✓ 61403 = 4.83g
[01:48:29] [8873/13737] ✗ 61406 - Bricklink 上不存在该零件
[01:48:37] [8874/13737] ✓ 61408 = 0.63g
[01:48:45] [8875/13737] ✓ 61409 = 0.3g
[01:48:51] [8876/13737] ✗ 6141 - Bricklink 上不存在该零件
[01:48:58] [8877/13737] ✗ 6146525 - Bricklink 上不存在该零件
[01:49:06] [8878/13737] ✗ 6146527 - Bricklink 上不存在该零件
[01:49:17] [8879/13737] ✗ 6146528 - Bricklink 上不存在该零件
[01:49:22] [8880/13737] ✓ 6148 = 1.25g
[01:49:22] 进度 8880/13737 (64.6%) | 成功 6152 失败 2728 | 成功率 69.3% | 平均 11.8s/个 | 剩余 16.0h
[01:49:29] [8881/13737] ✓ 61480 = 20.0g
[01:49:37] [8882/13737] ✓ 61481 = 8.5g
[01:49:42] [8883/13737] ✓ 61482 = 0.16g
[01:49:48] [8884/13737] ✓ 61483 = 0.48g
[01:49:54] [8885/13737] ✓ 61484 = 6.4g
[01:49:59] [8886/13737] ✓ 61485 = 1.98g
[01:50:04] [8887/13737] ✓ 61487 = 5.1g
[01:50:09] [8888/13737] ✗ 6150502 - Bricklink 上不存在该零件
[01:50:16] [8889/13737] ✗ 6150503 - Bricklink 上不存在该零件
[01:50:24] [8890/13737] ✗ 6150504 - Bricklink 上不存在该零件
[01:50:24] 进度 8890/13737 (64.7%) | 成功 6159 失败 2731 | 成功率 69.3% | 平均 11.8s/个 | 剩余 15.9h
[01:50:31] [8891/13737] ✗ 6150508 - Bricklink 上不存在该零件
[01:50:37] [8892/13737] ✗ 6150510 - Bricklink 上不存在该零件
[01:50:44] [8893/13737] ✗ 6150511 - Bricklink 上不存在该零件
[01:50:56] [8894/13737] ✗ 6150516 - Bricklink 上不存在该零件
[01:51:04] [8895/13737] ✗ 6150517 - Bricklink 上不存在该零件
[01:51:13] [8896/13737] ✗ 6150518 - Bricklink 上不存在该零件
[01:51:20] [8897/13737] ✗ 6150522 - Bricklink 上不存在该零件
[01:51:26] [8898/13737] ✗ 6150523 - Bricklink 上不存在该零件
[01:51:38] [8899/13737] ✗ 6150524 - Bricklink 上不存在该零件
[01:51:43] [8900/13737] ✓ 61506 = 0.61g
[01:51:43] 进度 8900/13737 (64.8%) | 成功 6160 失败 2740 | 成功率 69.2% | 平均 11.8s/个 | 剩余 15.9h
[01:51:50] [8901/13737] ✓ 61510 = 0.62g
[01:51:56] [8902/13737] ✗ 6151273 - Bricklink 上不存在该零件
[01:52:05] [8903/13737] ✗ 6151317 - Bricklink 上不存在该零件
[01:52:11] [8904/13737] ✓ 6152a = 3.35g
[01:52:18] [8905/13737] ✓ 6152b = 3.3g
[01:52:24] [8906/13737] ✓ 6153a = 5.1g
[01:52:30] [8907/13737] ✓ 6153b = 4.45g
[01:52:36] [8908/13737] ✓ 6154 = 2.5g
[01:52:42] [8909/13737] ✓ 61547 = 0.08g
[01:52:47] [8910/13737] ✓ 6155 = 1.5g
[01:52:47] 进度 8910/13737 (64.9%) | 成功 6168 失败 2742 | 成功率 69.2% | 平均 11.8s/个 | 剩余 15.9h
[01:52:53] [8911/13737] ✗ 6155054 - Bricklink 上不存在该零件
[01:53:00] [8912/13737] ✗ 6155710 - Bricklink 上不存在该零件
[01:53:06] [8913/13737] ✓ 6156 = 2.68g
[01:53:12] [8914/13737] ✓ 6157 = 1.12g
[01:53:21] [8915/13737] ✓ 6158 = 0.4g
[01:53:27] [8916/13737] ✗ 6159 - Bricklink 上不存在该零件
[01:53:32] [8917/13737] ✓ 6160 = 2.65g
[01:53:38] [8918/13737] ✓ 6160c01 = 5.36g
[01:53:44] [8919/13737] ✓ 6160c02 = 5.36g
[01:53:50] [8920/13737] ✓ 6160c03 = 5.36g
[01:53:50] 进度 8920/13737 (64.9%) | 成功 6175 失败 2745 | 成功率 69.2% | 平均 11.8s/个 | 剩余 15.8h
[01:53:58] [8921/13737] ✓ 6160c04 = 5.36g
[01:54:03] [8922/13737] ✓ 6160c05 = 5.36g
[01:54:10] [8923/13737] ✓ 6161 = 110.04g
[01:54:16] [8924/13737] ✓ 6162 = 30.27g
[01:54:21] [8925/13737] ✓ 61627 = 2.0g
[01:54:28] [8926/13737] ✗ 6163800 - Bricklink 上不存在该零件
[01:54:35] [8927/13737] ✗ 6163835 - Bricklink 上不存在该零件
[01:54:40] [8928/13737] ✓ 61649 = 17.5g
[01:54:46] [8929/13737] ✓ 6165 = 24.02g
[01:54:53] [8930/13737] ✗ 61652 - Bricklink 上不存在该零件
[01:54:53] 进度 8930/13737 (65.0%) | 成功 6182 失败 2748 | 成功率 69.2% | 平均 11.8s/个 | 剩余 15.8h
[01:54:58] [8931/13737] ✗ 61653 - Bricklink 上不存在该零件
[01:55:06] [8932/13737] ✓ 61654 = 0.3g
[01:55:11] [8933/13737] ✓ 6166 = 22.13g
[01:55:15] [8934/13737] ✓ 61667 = 0.06g
[01:55:24] [8935/13737] ✓ 61678 = 0.8g
[01:55:29] [8936/13737] ✓ 61680 = 0.38g
[01:55:37] [8937/13737] ✓ 6169 = 29.72g
[01:55:43] [8938/13737] ✓ 6171 = 46.0g
[01:55:48] [8939/13737] ✓ 6172 = 189.0g
[01:55:52] [8940/13737] ✓ 61747 = 0.6g
[01:55:52] 进度 8940/13737 (65.1%) | 成功 6191 失败 2749 | 成功率 69.3% | 平均 11.8s/个 | 剩余 15.7h
[01:55:58] [8941/13737] ✓ 6175 = 3.0g
[01:56:03] [8942/13737] ✗ 61759 - Bricklink 上不存在该零件
[01:56:11] [8943/13737] ✗ 61765 - Bricklink 上不存在该零件
[01:56:17] [8944/13737] ✓ 61767 = 12.2g
[01:56:23] [8945/13737] ✓ 61768 = 11.95g
[01:56:28] [8946/13737] ✓ 61769 = 11.82g
[01:56:34] [8947/13737] ✓ 6176a = 0.13g
[01:56:39] [8948/13737] ✓ 61770 = 19.9g
[01:56:46] [8949/13737] ✗ 61778 - Bricklink 上不存在该零件
[01:56:52] [8950/13737] ✗ 6177a - Bricklink 上不存在该零件
[01:56:52] 进度 8950/13737 (65.2%) | 成功 6197 失败 2753 | 成功率 69.2% | 平均 11.8s/个 | 剩余 15.7h
[01:56:58] [8951/13737] ✗ 6177b - Bricklink 上不存在该零件
[01:57:05] [8952/13737] ✓ 6178 = 8.25g
[01:57:13] [8953/13737] ✓ 61780 = 2.11g
[01:57:20] [8954/13737] ✓ 61787 = 3.5g
[01:57:24] [8955/13737] ✓ 61788 = 7.0g
[01:57:31] [8956/13737] ✓ 6179 = 1.94g
[01:57:36] [8957/13737] ✓ 61790 = 3.2g
[01:57:43] [8958/13737] ✓ 61794 = 1.0g
[01:57:49] [8959/13737] ✓ 61795 = 1.32g
[01:57:55] [8960/13737] ✓ 61796 = 6.3g
[01:57:56] 进度 8960/13737 (65.2%) | 成功 6206 失败 2754 | 成功率 69.3% | 平均 11.8s/个 | 剩余 15.6h
[01:58:00] [8961/13737] ✓ 61798 = 2.8g
[01:58:06] [8962/13737] ✗ 6179833 - Bricklink 上不存在该零件
[01:58:11] [8963/13737] ✓ 61799 = 3.77g
[01:58:26] [8964/13737] ✓ 6180 = 2.95g
[01:58:31] [8965/13737] ✓ 61800 = 3.1g
[01:58:36] [8966/13737] ✓ 61801 = 2.2g
[01:58:41] [8967/13737] ✓ 61802 = 3.21g
[01:58:46] [8968/13737] ✓ 61803 = 2.3g
[01:58:59] [8969/13737] ✓ 61805 = 5.5g
[01:59:04] [8970/13737] ✓ 61806 = 2.17g
[01:59:04] 进度 8970/13737 (65.3%) | 成功 6215 失败 2755 | 成功率 69.3% | 平均 11.8s/个 | 剩余 15.6h
[01:59:09] [8971/13737] ✓ 61808 = 4.63g
[01:59:15] [8972/13737] ✓ 6181 = 55.0g
[01:59:20] [8973/13737] ✓ 61810 = 1.86g
[01:59:25] [8974/13737] ✓ 61811 = 1.77g
[01:59:30] [8975/13737] ✓ 61813 = 3.0g
[01:59:37] [8976/13737] ✗ 6181347card - Bricklink 上不存在该零件
[01:59:44] [8977/13737] ✗ 6181348card - Bricklink 上不存在该零件
[01:59:50] [8978/13737] ✗ 6181349card - Bricklink 上不存在该零件
[01:59:58] [8979/13737] ✗ 6181350card - Bricklink 上不存在该零件
[02:00:04] [8980/13737] ✗ 6181351card - Bricklink 上不存在该零件
[02:00:04] 进度 8980/13737 (65.4%) | 成功 6220 失败 2760 | 成功率 69.3% | 平均 11.8s/个 | 剩余 15.6h
[02:00:10] [8981/13737] ✗ 6181352card - Bricklink 上不存在该零件
[02:00:18] [8982/13737] ✗ 6181353card - Bricklink 上不存在该零件
[02:00:22] [8983/13737] ✓ 61814 = 3.63g
[02:00:29] [8984/13737] ✓ 61815 = 4.0g
[02:00:37] [8985/13737] ✓ 6182 = 2.07g
[02:00:43] [8986/13737] ✗ 6182862 - Bricklink 上不存在该零件
[02:00:50] [8987/13737] ✗ 6182864 - Bricklink 上不存在该零件
[02:00:57] [8988/13737] ✗ 6182865 - Bricklink 上不存在该零件
[02:01:04] [8989/13737] ✗ 6182866 - Bricklink 上不存在该零件
[02:01:17] [8990/13737] ✗ 6182867 - Bricklink 上不存在该零件
[02:01:17] 进度 8990/13737 (65.4%) | 成功 6223 失败 2767 | 成功率 69.2% | 平均 11.8s/个 | 剩余 15.5h
[02:01:26] [8991/13737] ✗ 6182869 - Bricklink 上不存在该零件
[02:01:33] [8992/13737] ✗ 6182870 - Bricklink 上不存在该零件
[02:01:39] [8993/13737] ✗ 6182871 - Bricklink 上不存在该零件
[02:01:45] [8994/13737] ✗ 6182872 - Bricklink 上不存在该零件
[02:01:52] [8995/13737] ✗ 6182873 - Bricklink 上不存在该零件
[02:02:00] [8996/13737] ✓ 6183 = 2.43g
[02:02:07] [8997/13737] ✓ 6184 = 5.76g
[02:02:13] [8998/13737] ✓ 6185 = 5.5g
[02:02:20] [8999/13737] ✗ 61856 - Bricklink 上不存在该零件
[02:02:28] [9000/13737] ✓ 6186 = 2.3g
[02:02:28] 进度 9000/13737 (65.5%) | 成功 6227 失败 2773 | 成功率 69.2% | 平均 11.8s/个 | 剩余 15.5h
[02:02:33] [9001/13737] ✓ 61862 = 3.06g
[02:02:42] [9002/13737] ✓ 6187 = 0.91g
[02:02:47] [9003/13737] ✗ 6187162 - Bricklink 上不存在该零件
[02:02:53] [9004/13737] ✗ 6187164 - Bricklink 上不存在该零件
[02:03:00] [9005/13737] ✗ 6187165 - Bricklink 上不存在该零件
[02:03:06] [9006/13737] ✗ 6187166 - Bricklink 上不存在该零件
[02:03:12] [9007/13737] ✗ 6187167 - Bricklink 上不存在该零件
[02:03:20] [9008/13737] ✗ 6187168 - Bricklink 上不存在该零件
[02:03:27] [9009/13737] ✗ 6187171 - Bricklink 上不存在该零件
[02:03:33] [9010/13737] ✗ 6187173 - Bricklink 上不存在该零件
[02:03:33] 进度 9010/13737 (65.6%) | 成功 6229 失败 2781 | 成功率 69.1% | 平均 11.8s/个 | 剩余 15.4h
[02:03:38] [9011/13737] ✗ 6187175 - Bricklink 上不存在该零件
[02:03:44] [9012/13737] ✗ 6187179 - Bricklink 上不存在该零件
[02:03:51] [9013/13737] ✗ 6187182 - Bricklink 上不存在该零件
[02:03:57] [9014/13737] ✗ 6187184 - Bricklink 上不存在该零件
[02:04:05] [9015/13737] ✗ 6187187 - Bricklink 上不存在该零件
[02:04:10] [9016/13737] ✗ 6187188 - Bricklink 上不存在该零件
[02:04:16] [9017/13737] ✗ 6187191 - Bricklink 上不存在该零件
[02:04:22] [9018/13737] ✗ 6187193 - Bricklink 上不存在该零件
[02:04:28] [9019/13737] ✗ 6187195 - Bricklink 上不存在该零件
[02:04:34] [9020/13737] ✗ 6187197 - Bricklink 上不存在该零件
[02:04:34] 进度 9020/13737 (65.7%) | 成功 6229 失败 2791 | 成功率 69.1% | 平均 11.8s/个 | 剩余 15.4h
[02:04:41] [9021/13737] ✗ 6187199 - Bricklink 上不存在该零件
[02:05:08] [9022/13737] ✗ 6187201 - Bricklink 上不存在该零件
[02:05:15] [9023/13737] ✗ 6187202 - Bricklink 上不存在该零件
[02:05:22] [9024/13737] ✗ 6188123 - Bricklink 上不存在该零件
[02:05:31] [9025/13737] ✓ 6189 = 1.8g
[02:05:37] [9026/13737] ✓ 61896 = 7.0g
[02:05:45] [9027/13737] ✗ 61898 - Bricklink 上不存在该零件
[02:05:54] [9028/13737] ✗ 61898a - Bricklink 上不存在该零件
[02:06:01] [9029/13737] ✗ 61898b - Bricklink 上不存在该零件
[02:06:07] [9030/13737] ✗ 61898c - Bricklink 上不存在该零件
[02:06:07] 进度 9030/13737 (65.7%) | 成功 6231 失败 2799 | 成功率 69.0% | 平均 11.8s/个 | 剩余 15.4h
[02:06:14] [9031/13737] ✗ 61898d - Bricklink 上不存在该零件
[02:06:21] [9032/13737] ✗ 61898e - Bricklink 上不存在该零件
[02:06:29] [9033/13737] ✗ 61898f - Bricklink 上不存在该零件
[02:06:36] [9034/13737] ✓ 6190 = 0.38g
[02:06:42] [9035/13737] ✗ 6190056 - Bricklink 上不存在该零件
[02:06:48] [9036/13737] ✗ 6190060 - Bricklink 上不存在该零件
[02:06:54] [9037/13737] ✗ 6190063 - Bricklink 上不存在该零件
[02:07:01] [9038/13737] ✗ 6190073 - Bricklink 上不存在该零件
[02:07:07] [9039/13737] ✗ 6190075 - Bricklink 上不存在该零件
[02:07:13] [9040/13737] ✗ 6190076 - Bricklink 上不存在该零件
[02:07:13] 进度 9040/13737 (65.8%) | 成功 6232 失败 2808 | 成功率 68.9% | 平均 11.7s/个 | 剩余 15.3h
[02:07:20] [9041/13737] ✗ 61903 - Bricklink 上不存在该零件
[02:07:31] [9042/13737] ✓ 61904 = 2.52g
[02:07:37] [9043/13737] ✓ 61905 = 2.15g
[02:07:46] [9044/13737] ✓ 6191 = 1.78g
[02:07:51] [9045/13737] ✗ 61927 - Bricklink 上不存在该零件
[02:07:58] [9046/13737] ✗ 61927a - Bricklink 上不存在该零件
[02:08:05] [9047/13737] ✗ 61927b - Bricklink 上不存在该零件
[02:08:11] [9048/13737] ✗ 61929c01 - Bricklink 上不存在该零件
[02:08:20] [9049/13737] ✗ 61929c02 - Bricklink 上不存在该零件
[02:08:26] [9050/13737] ✓ 6192a = 2.0g
[02:08:26] 进度 9050/13737 (65.9%) | 成功 6236 失败 2814 | 成功率 68.9% | 平均 11.7s/个 | 剩余 15.3h
[02:08:31] [9051/13737] ✓ 6192b = 2.0g
[02:08:37] [9052/13737] ✗ 61930 - Bricklink 上不存在该零件
[02:08:43] [9053/13737] ✓ 6195 = 2.9g
[02:08:48] [9054/13737] ✗ 6195851 - Bricklink 上不存在该零件
[02:08:55] [9055/13737] ✗ 6195852 - Bricklink 上不存在该零件
[02:09:00] [9056/13737] ✓ 6196 = 1.6g
[02:09:07] [9057/13737] ✗ 6196373 - Bricklink 上不存在该零件
[02:09:12] [9058/13737] ✓ 6197 = 10.0g
[02:09:18] [9059/13737] ✗ 6197176 - Bricklink 上不存在该零件
[02:09:26] [9060/13737] ✗ 6197321 - Bricklink 上不存在该零件
[02:09:26] 进度 9060/13737 (66.0%) | 成功 6240 失败 2820 | 成功率 68.9% | 平均 11.7s/个 | 剩余 15.2h
[02:09:32] [9061/13737] ✓ 61975 = 0.32g
[02:09:38] [9062/13737] ✓ 61976 = 0.25g
[02:09:45] [9063/13737] ✓ 6198 = 4.0g
[02:09:50] [9064/13737] ✓ 6199 = 4.04g
[02:09:56] [9065/13737] ✓ 6200 = 8.0g
[02:10:02] [9066/13737] ✓ 6201 = 11.96g
[02:10:07] [9067/13737] ✓ 6203 = 2.19g
[02:10:13] [9068/13737] ✓ 6204a = 0.69g
[02:10:18] [9069/13737] ✓ 6204b = 0.94g
[02:10:24] [9070/13737] ✓ 6205 = 11.77g
[02:10:24] 进度 9070/13737 (66.0%) | 成功 6250 失败 2820 | 成功率 68.9% | 平均 11.7s/个 | 剩余 15.2h
[02:10:32] [9071/13737] ✓ 6206 = 0.3g
[02:10:38] [9072/13737] ✓ 62113 = 1.05g
[02:10:45] [9073/13737] ✓ 6212 = 9.5g
[02:10:50] [9074/13737] ✓ 6213 = 10.18g
[02:10:57] [9075/13737] ✓ 6214 = 12.64g
[02:11:03] [9076/13737] ✓ 6215 = 1.83g
[02:11:09] [9077/13737] ✓ 6216 = 2.9g
[02:11:17] [9078/13737] ✗ 6216a - Bricklink 上不存在该零件
[02:11:24] [9079/13737] ✗ 6216b - Bricklink 上不存在该零件
[02:11:29] [9080/13737] ✓ 6217 = 0.44g
[02:11:29] 进度 9080/13737 (66.1%) | 成功 6258 失败 2822 | 成功率 68.9% | 平均 11.7s/个 | 剩余 15.2h
[02:11:35] [9081/13737] ✓ 6217b = 0.41g
[02:11:40] [9082/13737] ✓ 6219 = 15.9g
[02:11:46] [9083/13737] ✗ 6219694 - Bricklink 上不存在该零件
[02:11:52] [9084/13737] ✗ 6219714 - Bricklink 上不存在该零件
[02:11:59] [9085/13737] ✗ 6219715 - Bricklink 上不存在该零件
[02:12:06] [9086/13737] ✗ 6219716 - Bricklink 上不存在该零件
[02:12:11] [9087/13737] ✗ 6219717 - Bricklink 上不存在该零件
[02:12:18] [9088/13737] ✗ 6219718 - Bricklink 上不存在该零件
[02:12:24] [9089/13737] ✗ 6219720 - Bricklink 上不存在该零件
[02:12:32] [9090/13737] ✗ 6219721 - Bricklink 上不存在该零件
[02:12:32] 进度 9090/13737 (66.2%) | 成功 6260 失败 2830 | 成功率 68.9% | 平均 11.7s/个 | 剩余 15.1h
[02:12:38] [9091/13737] ✓ 62201 = 0.3g
[02:12:46] [9092/13737] ✓ 6222 = 3.57g
[02:12:52] [9093/13737] ✗ 6223 - Bricklink 上不存在该零件
[02:12:59] [9094/13737] ✗ 62233 - Bricklink 上不存在该零件
[02:13:06] [9095/13737] ✗ 62243 - Bricklink 上不存在该零件
[02:13:10] [9096/13737] ✓ 6225217 = 7.0g
[02:13:18] [9097/13737] ✗ 6226320 - Bricklink 上不存在该零件
[02:13:25] [9098/13737] ✗ 6226797 - Bricklink 上不存在该零件
[02:13:31] [9099/13737] ✗ 6228219 - Bricklink 上不存在该零件
[02:13:36] [9100/13737] ✓ 6228842 = 1.23g
[02:13:36] 进度 9100/13737 (66.2%) | 成功 6264 失败 2836 | 成功率 68.8% | 平均 11.7s/个 | 剩余 15.1h
[02:13:42] [9101/13737] ✓ 6228a = 7.5g
[02:13:47] [9102/13737] ✓ 6228b = 8.0g
[02:13:53] [9103/13737] ✓ 6228c = 8.72g
[02:14:00] [9104/13737] ✗ 6230 - Bricklink 上不存在该零件
[02:14:06] [9105/13737] ✓ 6231 = 0.3g
[02:14:11] [9106/13737] ✓ 6232 = 1.65g
[02:14:18] [9107/13737] ✓ 6233 = 3.0g
[02:14:24] [9108/13737] ✗ 6234123 - Bricklink 上不存在该零件
[02:14:30] [9109/13737] ✓ 6235 = 6.25g
[02:14:36] [9110/13737] ✓ 62359 = 0.32g
[02:14:36] 进度 9110/13737 (66.3%) | 成功 6272 失败 2838 | 成功率 68.8% | 平均 11.7s/个 | 剩余 15.0h
[02:14:41] [9111/13737] ✓ 6236 = 10.7g
[02:14:48] [9112/13737] ✓ 62360 = 1.73g
[02:14:56] [9113/13737] ✓ 62361 = 1.23g
[02:15:04] [9114/13737] ✗ 6237015 - Bricklink 上不存在该零件
[02:15:10] [9115/13737] ✓ 6238 = 2.25g
[02:15:15] [9116/13737] ✓ 62386 = 4.75g
[02:15:21] [9117/13737] ✗ 62387 - Bricklink 上不存在该零件
[02:15:27] [9118/13737] ✓ 6239 = 2.4g
[02:15:35] [9119/13737] ✓ 62408 = 0.77g
[02:15:42] [9120/13737] ✓ 62409 = 0.42g
[02:15:42] 进度 9120/13737 (66.4%) | 成功 6280 失败 2840 | 成功率 68.9% | 平均 11.7s/个 | 剩余 15.0h
[02:15:49] [9121/13737] ✗ 62436 - Bricklink 上不存在该零件
[02:15:54] [9122/13737] ✗ 62438 - Bricklink 上不存在该零件
[02:16:00] [9123/13737] ✓ 6246 = 3.5g
[02:16:10] [9124/13737] ✓ 62462 = 0.42g
[02:16:16] [9125/13737] ✓ 6247 = 1.59g
[02:16:21] [9126/13737] ✓ 6248 = 1.5g
[02:16:27] [9127/13737] ✓ 6249 = 3.06g
[02:16:33] [9128/13737] ✓ 6250 = 3.67g
[02:16:37] [9129/13737] ✓ 6251 = 0.87g
[02:16:44] [9130/13737] ✓ 62519 = 0.09g
[02:16:44] 进度 9130/13737 (66.5%) | 成功 6288 失败 2842 | 成功率 68.9% | 平均 11.7s/个 | 剩余 15.0h
[02:16:50] [9131/13737] ✗ 6251909 - Bricklink 上不存在该零件
[02:16:56] [9132/13737] ✓ 6252 = 7.57g
[02:17:01] [9133/13737] ✓ 62520 = 0.21g
[02:17:07] [9134/13737] ✓ 6253 = 1.86g
[02:17:12] [9135/13737] ✓ 62531 = 6.8g
[02:17:20] [9136/13737] ✓ 6254 = 0.31g
[02:17:27] [9137/13737] ✗ 6255 - Bricklink 上不存在该零件
[02:17:37] [9138/13737] ✓ 6256 = 0.93g
[02:17:42] [9139/13737] ✓ 62576 = 6.5g
[02:17:49] [9140/13737] ✓ 6259 = 3.92g
[02:17:50] 进度 9140/13737 (66.5%) | 成功 6296 失败 2844 | 成功率 68.9% | 平均 11.7s/个 | 剩余 14.9h
[02:18:01] [9141/13737] ✓ 6260 = 0.78g
[02:18:06] [9142/13737] ✓ 6265 = 0.14g
[02:18:16] [9143/13737] ✓ 6266 = 0.17g
[02:18:22] [9144/13737] ✓ 62664 = 24.0g
[02:18:29] [9145/13737] ✓ 6267 = 10.6g
[02:18:35] [9146/13737] ✗ 62670 - Bricklink 上不存在该零件
[02:18:40] [9147/13737] ✓ 62672c01 = 157.76g
[02:18:45] [9148/13737] ✓ 62675 = 19.82g
[02:18:50] [9149/13737] ✓ 62677 = 43.0g
[02:18:56] [9150/13737] ✓ 62679 = 8.91g
[02:18:56] 进度 9150/13737 (66.6%) | 成功 6305 失败 2845 | 成功率 68.9% | 平均 11.7s/个 | 剩余 14.9h
[02:19:00] [9151/13737] ✓ 62680c01 = 9.32g
[02:19:06] [9152/13737] ✗ 62681 - Bricklink 上不存在该零件
[02:19:12] [9153/13737] ✓ 62691 = 0.16g
[02:19:18] [9154/13737] ✓ 62694 = 10.7g
[02:19:23] [9155/13737] ✓ 62695 = 0.4g
[02:19:28] [9156/13737] ✓ 62696 = 0.87g
[02:19:33] [9157/13737] ✓ 62697 = 1.25g
[02:19:39] [9158/13737] ✓ 62698 = 0.7g
[02:19:44] [9159/13737] ✓ 62699 = 0.83g
[02:19:51] [9160/13737] ✓ 62700 = 0.24g
[02:19:51] 进度 9160/13737 (66.7%) | 成功 6314 失败 2846 | 成功率 68.9% | 平均 11.7s/个 | 剩余 14.8h
[02:19:56] [9161/13737] ✓ 62701 = 0.44g
[02:20:03] [9162/13737] ✗ 6271050 - Bricklink 上不存在该零件
[02:20:09] [9163/13737] ✓ 62711 = 0.48g
[02:20:16] [9164/13737] ✗ 6271187 - Bricklink 上不存在该零件
[02:20:22] [9165/13737] ✓ 62712 = 2.0g
[02:20:29] [9166/13737] ✓ 62713 = 0.9g
[02:20:34] [9167/13737] ✓ 62724 = 0.57g
[02:20:40] [9168/13737] ✗ 6272c01 - Bricklink 上不存在该零件
[02:20:45] [9169/13737] ✓ 62743 = 3.4g
[02:20:50] [9170/13737] ✓ 6277 = 8.5g
[02:20:50] 进度 9170/13737 (66.8%) | 成功 6321 失败 2849 | 成功率 68.9% | 平均 11.7s/个 | 剩余 14.8h
[02:20:57] [9171/13737] ✗ 6279 - Bricklink 上不存在该零件
[02:21:02] [9172/13737] ✓ 62791 = 142.5g
[02:21:10] [9173/13737] ✓ 62791c01 = 218.0g
[02:21:18] [9174/13737] ✗ 62808 - Bricklink 上不存在该零件
[02:21:24] [9175/13737] ✓ 62810 = 0.33g
[02:21:29] [9176/13737] ✓ 62812 = 36.0g
[02:21:34] [9177/13737] ✓ 6281c01 = 26.0g
[02:21:41] [9178/13737] ✓ 62821a = 2.85g
[02:21:47] [9179/13737] ✓ 62821b = 2.8g
[02:21:53] [9180/13737] ✗ 62821c - Bricklink 上不存在该零件
[02:21:53] 进度 9180/13737 (66.8%) | 成功 6328 失败 2852 | 成功率 68.9% | 平均 11.7s/个 | 剩余 14.8h
[02:21:59] [9181/13737] ✓ 6282c01 = 24.8g
[02:22:05] [9182/13737] ✗ 62832 - Bricklink 上不存在该零件
[02:22:13] [9183/13737] ✗ 62840 - Bricklink 上不存在该零件
[02:22:19] [9184/13737] ✓ 62844 = 8.9g
[02:22:27] [9185/13737] ✓ 6284c01 = 12.0g
[02:22:34] [9186/13737] ✗ 6285 - Bricklink 上不存在该零件
[02:22:41] [9187/13737] ✓ 62885 = 0.3g
[02:22:46] [9188/13737] ✓ 6288c01 = 28.0g
[02:22:54] [9189/13737] ✗ 6290 - Bricklink 上不存在该零件
[02:23:00] [9190/13737] ✓ 6292 = 15.86g
[02:23:00] 进度 9190/13737 (66.9%) | 成功 6334 失败 2856 | 成功率 68.9% | 平均 11.7s/个 | 剩余 14.7h
[02:23:07] [9191/13737] ✗ 6293 - Bricklink 上不存在该零件
[02:23:15] [9192/13737] ✗ 62930 - Bricklink 上不存在该零件
[02:23:21] [9193/13737] ✓ 6293c01 = 38.0g
[02:23:27] [9194/13737] ✓ 6294 = 20.0g
[02:23:34] [9195/13737] ✓ 6295 = 10.0g
[02:23:40] [9196/13737] ✓ 6296 = 8.0g
[02:23:47] [9197/13737] ✗ 62969 - Bricklink 上不存在该零件
[02:23:53] [9198/13737] ✗ 62976 - Bricklink 上不存在该零件
[02:23:59] [9199/13737] ✗ 630 - Bricklink 上不存在该零件
[02:24:05] [9200/13737] ✗ 630015 - Bricklink 上不存在该零件
[02:24:05] 进度 9200/13737 (67.0%) | 成功 6338 失败 2862 | 成功率 68.9% | 平均 11.7s/个 | 剩余 14.7h
[02:24:12] [9201/13737] ✗ 630016 - Bricklink 上不存在该零件
[02:24:17] [9202/13737] ✗ 6303206 - Bricklink 上不存在该零件
[02:24:25] [9203/13737] ✗ 6303216 - Bricklink 上不存在该零件
[02:24:32] [9204/13737] ✗ 6303218 - Bricklink 上不存在该零件
[02:24:40] [9205/13737] ✗ 6303220 - Bricklink 上不存在该零件
[02:24:46] [9206/13737] ✗ 6303222 - Bricklink 上不存在该零件
[02:24:52] [9207/13737] ✗ 6303224 - Bricklink 上不存在该零件
[02:24:58] [9208/13737] ✗ 6303225 - Bricklink 上不存在该零件
[02:25:05] [9209/13737] ✗ 6303227 - Bricklink 上不存在该零件
[02:25:11] [9210/13737] ✗ 6303230 - Bricklink 上不存在该零件
[02:25:11] 进度 9210/13737 (67.0%) | 成功 6338 失败 2872 | 成功率 68.8% | 平均 11.6s/个 | 剩余 14.6h
[02:25:18] [9211/13737] ✗ 6303749 - Bricklink 上不存在该零件
[02:25:24] [9212/13737] ✗ 6305380 - Bricklink 上不存在该零件
[02:25:30] [9213/13737] ✓ 63082 = 0.88g
[02:25:35] [9214/13737] ✓ 6309 = 2.8g
[02:25:40] [9215/13737] ✓ 631 = 2.7g
[02:25:44] [9216/13737] ✓ 6310 = 15.42g
[02:25:49] [9217/13737] ✓ 6311 = 32.0g
[02:25:55] [9218/13737] ✗ 6314484 - Bricklink 上不存在该零件
[02:26:00] [9219/13737] ✓ 63149 = 7.36g
[02:26:06] [9220/13737] ✗ 63153 - Bricklink 上不存在该零件
[02:26:06] 进度 9220/13737 (67.1%) | 成功 6344 失败 2876 | 成功率 68.8% | 平均 11.6s/个 | 剩余 14.6h
[02:26:11] [9221/13737] ✓ 632 = 3.34g
[02:26:17] [9222/13737] ✓ 6320 = 6.0g
[02:26:23] [9223/13737] ✓ 6324 = 1.72g
[02:26:30] [9224/13737] ✗ 6325698 - Bricklink 上不存在该零件
[02:26:35] [9225/13737] ✓ 633 = 11.05g
[02:26:41] [9226/13737] ✓ 6331 = 0.57g
[02:26:47] [9227/13737] ✓ 6332 = 0.82g
[02:26:53] [9228/13737] ✓ 634 = 7.0g
[02:27:00] [9229/13737] ✗ 6344094 - Bricklink 上不存在该零件
[02:27:18] [9230/13737] ✗ 6344095 - Bricklink 上不存在该零件
[02:27:18] 进度 9230/13737 (67.2%) | 成功 6351 失败 2879 | 成功率 68.8% | 平均 11.6s/个 | 剩余 14.6h
[02:27:24] [9231/13737] ✓ 6346 = 16.0g
[02:27:30] [9232/13737] ✓ 6348 = 1.69g
[02:27:36] [9233/13737] ✓ 635 = 1.3g
[02:27:41] [9234/13737] ✓ 6350c01 = 35.0g
[02:27:47] [9235/13737] ✓ 6352 = 4.96g
[02:27:53] [9236/13737] ✓ 6353 = 13.0g
[02:28:00] [9237/13737] ✗ 6356562 - Bricklink 上不存在该零件
[02:28:05] [9238/13737] ✓ 6356c01 = 8.0g
[02:28:36] [9239/13737] ✗ 63585 - Bricklink 上不存在该零件
[02:28:43] [9240/13737] ✗ 63586 - Bricklink 上不存在该零件
[02:28:43] 进度 9240/13737 (67.3%) | 成功 6358 失败 2882 | 成功率 68.8% | 平均 11.6s/个 | 剩余 14.5h
[02:28:47] [9241/13737] ✓ 636 = 0.95g
[02:28:51] [9242/13737] ✓ 6360 = 45.0g
[02:28:56] [9243/13737] ✓ 6361 = 70.0g
[02:29:01] [9244/13737] ✓ 6363 = 6.0g
[02:29:05] [9245/13737] ✓ 637 = 0.09g
[02:29:11] [9246/13737] ✗ 6370966 - Bricklink 上不存在该零件
[02:29:17] [9247/13737] ✗ 6370967 - Bricklink 上不存在该零件
[02:29:24] [9248/13737] ✗ 6370968 - Bricklink 上不存在该零件
[02:29:30] [9249/13737] ✗ 6371011 - Bricklink 上不存在该零件
[02:29:36] [9250/13737] ✗ 6372025 - Bricklink 上不存在该零件
[02:29:36] 进度 9250/13737 (67.3%) | 成功 6363 失败 2887 | 成功率 68.8% | 平均 11.6s/个 | 剩余 14.5h
[02:29:41] [9251/13737] ✓ 6376 = 28.5g
[02:29:46] [9252/13737] ✓ 6377 = 19.67g
[02:29:50] [9253/13737] ✓ 63776 = 0.08g
[02:29:54] [9254/13737] ✓ 63777 = 0.08g
[02:29:59] [9255/13737] ✓ 6378 = 21.5g
[02:30:04] [9256/13737] ✗ 63783 - Bricklink 上不存在该零件
[02:30:09] [9257/13737] ✓ 6379c01 = 62.5g
[02:30:16] [9258/13737] ✓ 63864 = 0.4g
[02:30:22] [9259/13737] ✓ 63868 = 0.46g
[02:30:27] [9260/13737] ✓ 63869 = 1.05g
[02:30:27] 进度 9260/13737 (67.4%) | 成功 6372 失败 2888 | 成功率 68.8% | 平均 11.6s/个 | 剩余 14.5h
[02:30:34] [9261/13737] ✓ 63871 = 13.05g
[02:30:40] [9262/13737] ✓ 6391 = 58.0g
[02:30:44] [9263/13737] ✓ 6392 = 95.0g
[02:30:50] [9264/13737] ✓ 6393 = 83.0g
[02:30:55] [9265/13737] ✓ 6394 = 22.0g
[02:31:00] [9266/13737] ✓ 6395 = 26.5g
[02:31:04] [9267/13737] ✓ 6396 = 6.0g
[02:31:10] [9268/13737] ✓ 63965 = 0.44g
[02:31:16] [9269/13737] ✗ 6399196 - Bricklink 上不存在该零件
[02:31:21] [9270/13737] ✗ 6399198 - Bricklink 上不存在该零件
[02:31:21] 进度 9270/13737 (67.5%) | 成功 6380 失败 2890 | 成功率 68.8% | 平均 11.6s/个 | 剩余 14.4h
[02:31:26] [9271/13737] ✗ 6399199 - Bricklink 上不存在该零件
[02:31:34] [9272/13737] ✗ 6399200 - Bricklink 上不存在该零件
[02:31:38] [9273/13737] ✓ 64000 = 0.33g
[02:31:44] [9274/13737] ✗ 64022 - Bricklink 上不存在该零件
[02:31:48] [9275/13737] ✓ 6405 = 7.0g
[02:31:55] [9276/13737] ✗ 6405668 - Bricklink 上不存在该零件
[02:32:02] [9277/13737] ✗ 6405727 - Bricklink 上不存在该零件
[02:32:08] [9278/13737] ✗ 64065 - Bricklink 上不存在该零件
[02:32:15] [9279/13737] ✗ 6406a - Bricklink 上不存在该零件
[02:32:22] [9280/13737] ✗ 6406b - Bricklink 上不存在该零件
[02:32:22] 进度 9280/13737 (67.6%) | 成功 6382 失败 2898 | 成功率 68.8% | 平均 11.6s/个 | 剩余 14.4h
[02:32:27] [9281/13737] ✓ 6407 = 17.58g
[02:32:32] [9282/13737] ✓ 6408 = 13.4g
[02:32:37] [9283/13737] ✓ 6409c01 = 10.62g
[02:32:42] [9284/13737] ✓ 6410 = 6.0g
[02:32:48] [9285/13737] ✓ 6411 = 38.0g
[02:32:53] [9286/13737] ✓ 6412 = 5.0g
[02:32:59] [9287/13737] ✗ 64123 - Bricklink 上不存在该零件
[02:33:06] [9288/13737] ✓ 6413 = 6.33g
[02:33:11] [9289/13737] ✓ 64132 = 7.0g
[02:33:17] [9290/13737] ✓ 6414 = 7.5g
[02:33:17] 进度 9290/13737 (67.6%) | 成功 6391 失败 2899 | 成功率 68.8% | 平均 11.6s/个 | 剩余 14.3h
[02:33:23] [9291/13737] ✓ 6416c02 = 94.0g
[02:33:27] [9292/13737] ✓ 64178 = 7.0g
[02:33:32] [9293/13737] ✓ 64179 = 5.3g
[02:33:38] [9294/13737] ✓ 6418282 = 190.2g
[02:33:44] [9295/13737] ✓ 6418a = 3.2g
[02:33:50] [9296/13737] ✓ 6418b = 3.14g
[02:33:57] [9297/13737] ✓ 64225 = 1.66g
[02:34:03] [9298/13737] ✗ 64227 - Bricklink 上不存在该零件
[02:34:10] [9299/13737] ✗ 64228 - Bricklink 上不存在该零件
[02:34:17] [9300/13737] ✗ 64228c01 - Bricklink 上不存在该零件
[02:34:17] 进度 9300/13737 (67.7%) | 成功 6398 失败 2902 | 成功率 68.8% | 平均 11.6s/个 | 剩余 14.3h
[02:34:23] [9301/13737] ✓ 6422c01 = 128.0g
[02:34:28] [9302/13737] ✓ 6424 = 7.49g
[02:34:35] [9303/13737] ✓ 64251 = 2.5g
[02:34:40] [9304/13737] ✓ 64253 = 3.44g
[02:34:45] [9305/13737] ✓ 64257 = 2.9g
[02:34:51] [9306/13737] ✓ 64258 = 3.3g
[02:34:58] [9307/13737] ✗ 64259 - Bricklink 上不存在该零件
[02:35:05] [9308/13737] ✓ 6425c01 = 5.0g
[02:35:11] [9309/13737] ✓ 6425c02 = 5.0g
[02:35:17] [9310/13737] ✓ 6425c03 = 5.0g
[02:35:17] 进度 9310/13737 (67.8%) | 成功 6407 失败 2903 | 成功率 68.8% | 平均 11.6s/个 | 剩余 14.3h
[02:35:22] [9311/13737] ✓ 6425c04 = 5.0g
[02:35:29] [9312/13737] ✗ 6425c05 - Bricklink 上不存在该零件
[02:35:35] [9313/13737] ✓ 64261 = 2.3g
[02:35:40] [9314/13737] ✓ 64262 = 2.66g
[02:35:48] [9315/13737] ✗ 64263 - Bricklink 上不存在该零件
[02:35:54] [9316/13737] ✓ 64264 = 5.9g
[02:36:01] [9317/13737] ✗ 64269 - Bricklink 上不存在该零件
[02:36:06] [9318/13737] ✓ 6426c01 = 3.3g
[02:36:11] [9319/13737] ✓ 6426c02 = 3.3g
[02:36:15] [9320/13737] ✓ 6427 = 5.0g
[02:36:16] 进度 9320/13737 (67.8%) | 成功 6414 失败 2906 | 成功率 68.8% | 平均 11.6s/个 | 剩余 14.2h
[02:36:21] [9321/13737] ✓ 64272 = 1.67g
[02:36:28] [9322/13737] ✓ 64275 = 2.0g
[02:36:35] [9323/13737] ✓ 64276 = 1.17g
[02:36:42] [9324/13737] ✗ 64277c01 - Bricklink 上不存在该零件
[02:36:47] [9325/13737] ✓ 6428 = 4.0g
[02:36:53] [9326/13737] ✓ 64291 = 5.3g
[02:36:59] [9327/13737] ✓ 64292 = 1.59g
[02:37:05] [9328/13737] ✓ 64295 = 5.2g
[02:37:10] [9329/13737] ✓ 64296 = 2.8g
[02:37:15] [9330/13737] ✓ 64297 = 5.0g
[02:37:15] 进度 9330/13737 (67.9%) | 成功 6423 失败 2907 | 成功率 68.8% | 平均 11.6s/个 | 剩余 14.2h
[02:37:21] [9331/13737] ✓ 64299 = 4.32g
[02:37:27] [9332/13737] ✓ 64300 = 5.49g
[02:37:31] [9333/13737] ✓ 64301 = 5.0g
[02:37:37] [9334/13737] ✓ 64304 = 2.08g
[02:37:41] [9335/13737] ✓ 64305 = 7.3g
[02:37:47] [9336/13737] ✓ 64308 = 2.2g
[02:37:53] [9337/13737] ✓ 6431 = 102.0g
[02:37:59] [9338/13737] ✓ 64311 = 2.0g
[02:38:03] [9339/13737] ✓ 64319 = 2.97g
[02:38:09] [9340/13737] ✓ 6432 = 84.69g
[02:38:09] 进度 9340/13737 (68.0%) | 成功 6433 失败 2907 | 成功率 68.9% | 平均 11.6s/个 | 剩余 14.1h
[02:38:14] [9341/13737] ✓ 64321 = 2.49g
[02:38:19] [9342/13737] ✓ 64323 = 4.7g
[02:38:23] [9343/13737] ✓ 64324 = 1.97g
[02:38:28] [9344/13737] ✓ 64327 = 3.79g
[02:38:35] [9345/13737] ✓ 64328 = 2.0g
[02:38:41] [9346/13737] ✓ 6433 = 82.0g
[02:38:47] [9347/13737] ✓ 64330 = 3.3g
[02:38:52] [9348/13737] ✗ 6434 - Bricklink 上不存在该零件
[02:38:58] [9349/13737] ✓ 64343 = 3.1g
[02:39:04] [9350/13737] ✓ 6436 = 50.0g
[02:39:04] 进度 9350/13737 (68.1%) | 成功 6442 失败 2908 | 成功率 68.9% | 平均 11.6s/个 | 剩余 14.1h
[02:39:08] [9351/13737] ✓ 64390 = 3.2g
[02:39:15] [9352/13737] ✓ 64391 = 3.2g
[02:39:29] [9353/13737] ✓ 64392 = 5.9g
[02:39:35] [9354/13737] ✓ 64393 = 4.0g
[02:39:41] [9355/13737] ✓ 64394 = 4.5g
[02:39:45] [9356/13737] ✓ 6440 = 26.0g
[02:39:50] [9357/13737] ✓ 64408 = 1.17g
[02:39:54] [9358/13737] ✓ 6441 = 4.84g
[02:39:59] [9359/13737] ✗ 64415 - Bricklink 上不存在该零件
[02:40:04] [9360/13737] ✓ 64415c01 = 7.4g
[02:40:04] 进度 9360/13737 (68.1%) | 成功 6451 失败 2909 | 成功率 68.9% | 平均 11.6s/个 | 剩余 14.1h
[02:40:11] [9361/13737] ✗ 64415c02 - Bricklink 上不存在该零件
[02:40:17] [9362/13737] ✗ 64424 - Bricklink 上不存在该零件
[02:40:22] [9363/13737] ✓ 64424c01 = 6.2g
[02:40:28] [9364/13737] ✓ 64448 = 4.8g
[02:40:34] [9365/13737] ✓ 64449 = 6.46g
[02:40:39] [9366/13737] ✓ 64450 = 3.76g
[02:40:45] [9367/13737] ✓ 64451 = 1.6g
[02:40:52] [9368/13737] ✗ 64452 - Bricklink 上不存在该零件
[02:40:58] [9369/13737] ✓ 64453 = 3.37g
[02:41:04] [9370/13737] ✓ 64454 = 13.5g
[02:41:04] 进度 9370/13737 (68.2%) | 成功 6458 失败 2912 | 成功率 68.9% | 平均 11.6s/个 | 剩余 14.0h
[02:41:10] [9371/13737] ✓ 64455 = 0.4g
[02:41:16] [9372/13737] ✓ 6446 = 12.0g
[02:41:21] [9373/13737] ✓ 64462 = 13.4g
[02:41:28] [9374/13737] ✗ 6447 - Bricklink 上不存在该零件
[02:41:35] [9375/13737] ✓ 645 = 2.51g
[02:41:40] [9376/13737] ✓ 64566 = 3.42g
[02:41:51] [9377/13737] ✓ 64567 = 0.19g
[02:41:57] [9378/13737] ✓ 64570 = 2.2g
[02:42:02] [9379/13737] ✓ 6459 = 39.0g
[02:42:08] [9380/13737] ✓ 645a = 2.01g
[02:42:08] 进度 9380/13737 (68.3%) | 成功 6467 失败 2913 | 成功率 68.9% | 平均 11.5s/个 | 剩余 14.0h
[02:42:13] [9381/13737] ✓ 645ac01 = 2.5g
[02:42:20] [9382/13737] ✗ 645b - Bricklink 上不存在该零件
[02:42:26] [9383/13737] ✓ 645bc01 = 3.0g
[02:42:31] [9384/13737] ✓ 645c = 1.9g
[02:42:37] [9385/13737] ✗ 645cc01 - Bricklink 上不存在该零件
[02:42:43] [9386/13737] ✓ 646 = 2.92g
[02:42:48] [9387/13737] ✓ 6460 = 44.0g
[02:42:53] [9388/13737] ✓ 6461 = 57.0g
[02:42:58] [9389/13737] ✓ 6462 = 22.0g
[02:43:04] [9390/13737] ✓ 6462c01 = 52.0g
[02:43:04] 进度 9390/13737 (68.4%) | 成功 6475 失败 2915 | 成功率 69.0% | 平均 11.5s/个 | 剩余 13.9h
[02:43:09] [9391/13737] ✓ 6463c01 = 50.0g
[02:43:15] [9392/13737] ✓ 6463c02 = 50.0g
[02:43:21] [9393/13737] ✓ 64644 = 0.22g
[02:43:25] [9394/13737] ✓ 64645 = 37.5g
[02:43:31] [9395/13737] ✓ 64647 = 0.19g
[02:43:37] [9396/13737] ✓ 64648 = 0.5g
[02:43:42] [9397/13737] ✓ 64649 = 44.2g
[02:43:47] [9398/13737] ✓ 6464c01 = 50.0g
[02:43:52] [9399/13737] ✓ 6464c02 = 50.0g
[02:43:58] [9400/13737] ✓ 64651 = 44.0g
[02:43:59] 进度 9400/13737 (68.4%) | 成功 6485 失败 2915 | 成功率 69.0% | 平均 11.5s/个 | 剩余 13.9h
[02:44:03] [9401/13737] ✓ 6465c01 = 32.64g
[02:44:08] [9402/13737] ✓ 6465c02 = 32.64g
[02:44:14] [9403/13737] ✓ 6467 = 9.0g
[02:44:19] [9404/13737] ✓ 6468 = 3.16g
[02:44:24] [9405/13737] ✓ 64680 = 4.5g
[02:44:29] [9406/13737] ✓ 64681 = 4.0g
[02:44:35] [9407/13737] ✓ 64682 = 5.9g
[02:44:41] [9408/13737] ✓ 64683 = 3.2g
[02:44:47] [9409/13737] ✓ 6469 = 4.0g
[02:44:53] [9410/13737] ✓ 646a = 1.0g
[02:44:53] 进度 9410/13737 (68.5%) | 成功 6495 失败 2915 | 成功率 69.0% | 平均 11.5s/个 | 剩余 13.9h
[02:44:59] [9411/13737] ✓ 646ac01 = 3.13g
[02:45:04] [9412/13737] ✓ 646b = 2.9g
[02:45:09] [9413/13737] ✓ 646bc01 = 3.0g
[02:45:15] [9414/13737] ✓ 646c = 1.0g
[02:45:21] [9415/13737] ✗ 646cc01 - Bricklink 上不存在该零件
[02:45:27] [9416/13737] ✗ 647 - Bricklink 上不存在该零件
[02:45:33] [9417/13737] ✗ 6470 - Bricklink 上不存在该零件
[02:45:39] [9418/13737] ✓ 64700 = 27.5g
[02:45:44] [9419/13737] ✓ 6471 = 5.15g
[02:45:50] [9420/13737] ✓ 64711 = 12.25g
[02:45:50] 进度 9420/13737 (68.6%) | 成功 6502 失败 2918 | 成功率 69.0% | 平均 11.5s/个 | 剩余 13.8h
[02:45:56] [9421/13737] ✓ 64712 = 14.6g
[02:46:02] [9422/13737] ✓ 64713 = 6.0g
[02:46:08] [9423/13737] ✓ 6472 = 16.0g
[02:46:15] [9424/13737] ✓ 64727 = 0.2g
[02:46:21] [9425/13737] ✓ 64728 = 0.5g
[02:46:26] [9426/13737] ✓ 6473 = 24.0g
[02:46:33] [9427/13737] ✓ 6474 = 8.0g
[02:46:39] [9428/13737] ✓ 6475 = 156.0g
[02:46:44] [9429/13737] ✓ 6476 = 16.0g
[02:46:50] [9430/13737] ✗ 64766 - Bricklink 上不存在该零件
[02:46:50] 进度 9430/13737 (68.6%) | 成功 6511 失败 2919 | 成功率 69.0% | 平均 11.5s/个 | 剩余 13.8h
[02:46:56] [9431/13737] ✓ 6477 = 8.0g
[02:47:01] [9432/13737] ✓ 64771 = 12.5g
[02:47:06] [9433/13737] ✓ 64772 = 27.0g
[02:47:12] [9434/13737] ✓ 6478 = 7.0g
[02:47:17] [9435/13737] ✓ 64781 = 3.13g
[02:47:23] [9436/13737] ✓ 64782 = 8.8g
[02:47:30] [9437/13737] ✗ 64785 - Bricklink 上不存在该零件
[02:47:35] [9438/13737] ✓ 6479 = 11.76g
[02:47:40] [9439/13737] ✓ 64796 = 0.55g
[02:47:46] [9440/13737] ✓ 64797 = 0.88g
[02:47:46] 进度 9440/13737 (68.7%) | 成功 6520 失败 2920 | 成功率 69.1% | 平均 11.5s/个 | 剩余 13.7h
[02:47:53] [9441/13737] ✓ 64798 = 0.5g
[02:47:59] [9442/13737] ✓ 64799 = 2.0g
[02:48:05] [9443/13737] ✓ 648 = 30.0g
[02:48:11] [9444/13737] ✗ 64800 - Bricklink 上不存在该零件
[02:48:15] [9445/13737] ✓ 64800pb01c02 = 20.0g
[02:48:20] [9446/13737] ✓ 64800pb01c02f = 20.2g
[02:48:25] [9447/13737] ✓ 64802 = 0.48g
[02:48:31] [9448/13737] ✓ 64807 = 0.59g
[02:48:35] [9449/13737] ✓ 6480c01 = 24.0g
[02:48:40] [9450/13737] ✓ 6484 = 21.0g
[02:48:40] 进度 9450/13737 (68.8%) | 成功 6529 失败 2921 | 成功率 69.1% | 平均 11.5s/个 | 剩余 13.7h
[02:48:47] [9451/13737] ✓ 64847 = 0.11g
[02:48:52] [9452/13737] ✓ 64867 = 2.63g
[02:48:58] [9453/13737] ✗ 64872 - Bricklink 上不存在该零件
[02:49:03] [9454/13737] ✓ 64892 = 15.0g
[02:49:08] [9455/13737] ✗ 649 - 未在页面中找到重量数据
[02:49:14] [9456/13737] ✓ 6490 = 105.6g
[02:49:18] [9457/13737] ✓ 6493 = 7.1g
[02:49:24] [9458/13737] ✓ 64951 = 3.28g
[02:49:30] [9459/13737] ✓ 64954 = 15.85g
[02:49:36] [9460/13737] ✓ 6496 = 22.0g
[02:49:36] 进度 9460/13737 (68.9%) | 成功 6537 失败 2923 | 成功率 69.1% | 平均 11.5s/个 | 剩余 13.7h
[02:49:41] [9461/13737] ✓ 6497 = 8.0g
[02:49:47] [9462/13737] ✗ 6498 - Bricklink 上不存在该零件
[02:49:54] [9463/13737] ✗ 64982a - Bricklink 上不存在该零件
[02:50:00] [9464/13737] ✗ 64982b - Bricklink 上不存在该零件
[02:50:06] [9465/13737] ✗ 64982c - Bricklink 上不存在该零件
[02:50:11] [9466/13737] ✗ 64982c01 - Bricklink 上不存在该零件
[02:50:16] [9467/13737] ✓ 64991 = 2.9g
[02:50:22] [9468/13737] ✓ 650 = 0.91g
[02:50:27] [9469/13737] ✓ 65035 = 0.84g
[02:50:33] [9470/13737] ✓ 6504 = 6.0g
[02:50:34] 进度 9470/13737 (68.9%) | 成功 6542 失败 2928 | 成功率 69.1% | 平均 11.5s/个 | 剩余 13.6h
[02:50:39] [9471/13737] ✓ 65043 = 0.61g
[02:50:44] [9472/13737] ✓ 6505c01 = 23.0g
[02:50:50] [9473/13737] ✗ 6505c02 - Bricklink 上不存在该零件
[02:50:54] [9474/13737] ✓ 65066 = 2.88g
[02:50:59] [9475/13737] ✓ 65067 = 19.65g
[02:51:05] [9476/13737] ✓ 65068 = 7.53g
[02:51:12] [9477/13737] ✗ 65080 - Bricklink 上不存在该零件
[02:51:17] [9478/13737] ✓ 65081 = 0.16g
[02:51:22] [9479/13737] ✓ 65082 = 8.0g
[02:51:28] [9480/13737] ✓ 65084 = 8.32g
[02:51:28] 进度 9480/13737 (69.0%) | 成功 6550 失败 2930 | 成功率 69.1% | 平均 11.5s/个 | 剩余 13.6h
[02:51:34] [9481/13737] ✓ 65085 = 20.75g
[02:51:40] [9482/13737] ✗ 65090 - Bricklink 上不存在该零件
[02:51:47] [9483/13737] ✗ 65090a - Bricklink 上不存在该零件
[02:51:54] [9484/13737] ✓ 65092 = 0.13g
[02:52:00] [9485/13737] ✗ 65094 - Bricklink 上不存在该零件
[02:52:06] [9486/13737] ✗ 65096 - Bricklink 上不存在该零件
[02:52:12] [9487/13737] ✓ 65098 = 0.96g
[02:52:18] [9488/13737] ✓ 6510 = 4.0g
[02:52:23] [9489/13737] ✓ 65109 = 6.4g
[02:52:30] [9490/13737] ✓ 6511 = 57.62g
[02:52:30] 进度 9490/13737 (69.1%) | 成功 6556 失败 2934 | 成功率 69.1% | 平均 11.5s/个 | 剩余 13.5h
[02:52:36] [9491/13737] ✓ 65110 = 7.7g
[02:52:41] [9492/13737] ✓ 65111 = 5.0g
[02:52:45] [9493/13737] ✓ 65112 = 7.0g
[02:52:50] [9494/13737] ✓ 65113 = 21.7g
[02:52:56] [9495/13737] ✓ 65114 = 3.0g
[02:53:02] [9496/13737] ✓ 65115 = 7.0g
[02:53:07] [9497/13737] ✓ 65116 = 6.0g
[02:53:11] [9498/13737] ✓ 6512 = 1.53g
[02:53:17] [9499/13737] ✓ 65128 = 27.2g
[02:53:22] [9500/13737] ✓ 65129 = 16.68g
[02:53:22] 进度 9500/13737 (69.2%) | 成功 6566 失败 2934 | 成功率 69.1% | 平均 11.5s/个 | 剩余 13.5h
[02:53:28] [9501/13737] ✓ 65130 = 5.23g
[02:53:33] [9502/13737] ✓ 65132 = 11.0g
[02:53:38] [9503/13737] ✓ 65133 = 3.14g
[02:53:44] [9504/13737] ✓ 65138 = 1.82g
[02:53:51] [9505/13737] ✓ 6514 = 8.0g
[02:53:56] [9506/13737] ✓ 65140 = 7.78g
[02:54:01] [9507/13737] ✓ 65146 = 0.31g
[02:54:07] [9508/13737] ✗ 6515 - Bricklink 上不存在该零件
[02:54:13] [9509/13737] ✓ 65151c01 = 3.83g
[02:54:19] [9510/13737] ✓ 65151c02 = 3.83g
[02:54:19] 进度 9510/13737 (69.2%) | 成功 6575 失败 2935 | 成功率 69.1% | 平均 11.5s/个 | 剩余 13.5h
[02:54:25] [9511/13737] ✓ 65156 = 23.9g
[02:54:31] [9512/13737] ✓ 65157 = 10.92g
[02:54:37] [9513/13737] ✗ 6517 - Bricklink 上不存在该零件
[02:54:41] [9514/13737] ✓ 65183 = 0.87g
[02:54:47] [9515/13737] ✓ 65184 = 3.43g
[02:54:53] [9516/13737] ✓ 65186 = 13.54g
[02:55:00] [9517/13737] ✗ 65188c01 - Bricklink 上不存在该零件
[02:55:06] [9518/13737] ✗ 65188c02 - Bricklink 上不存在该零件
[02:55:14] [9519/13737] ✗ 65188c03 - Bricklink 上不存在该零件
[02:55:20] [9520/13737] ✗ 65191 - Bricklink 上不存在该零件
[02:55:20] 进度 9520/13737 (69.3%) | 成功 6580 失败 2940 | 成功率 69.1% | 平均 11.5s/个 | 剩余 13.4h
[02:55:27] [9521/13737] ✓ 65196 = 30.65g
[02:55:32] [9522/13737] ✓ 65200 = 10.58g
[02:55:36] [9523/13737] ✓ 65202 = 9.09g
[02:55:42] [9524/13737] ✗ 65203 - Bricklink 上不存在该零件
[02:55:48] [9525/13737] ✗ 65209 - Bricklink 上不存在该零件
[02:55:53] [9526/13737] ✓ 6521 = 4.2g
[02:56:00] [9527/13737] ✗ 65213 - Bricklink 上不存在该零件
[02:56:06] [9528/13737] ✗ 65217 - Bricklink 上不存在该零件
[02:56:10] [9529/13737] ✓ 6522 = 3.3g
[02:56:16] [9530/13737] ✗ 65224 - Bricklink 上不存在该零件
[02:56:16] 进度 9530/13737 (69.4%) | 成功 6585 失败 2945 | 成功率 69.1% | 平均 11.5s/个 | 剩余 13.4h
[02:56:21] [9531/13737] ✓ 6523 = 6.0g
[02:56:26] [9532/13737] ✓ 6524 = 14.7g
[02:56:31] [9533/13737] ✓ 65249 = 0.3g
[02:56:36] [9534/13737] ✓ 6525 = 22.4g
[02:56:42] [9535/13737] ✓ 65253 = 24.87g
[02:56:48] [9536/13737] ✓ 6526 = 6.0g
[02:56:53] [9537/13737] ✓ 65267 = 2.74g
[02:56:58] [9538/13737] ✓ 6527 = 4.1g
[02:57:04] [9539/13737] ✗ 65272 - Bricklink 上不存在该零件
[02:57:09] [9540/13737] ✓ 65273 = 5.4g
[02:57:09] 进度 9540/13737 (69.4%) | 成功 6594 失败 2946 | 成功率 69.1% | 平均 11.4s/个 | 剩余 13.3h
[02:57:14] [9541/13737] ✓ 6529 = 18.5g
[02:57:19] [9542/13737] ✓ 6530 = 22.0g
[02:57:26] [9543/13737] ✗ 65304 - Bricklink 上不存在该零件
[02:57:32] [9544/13737] ✓ 6536 = 0.39g
[02:57:38] [9545/13737] ✓ 65380 = 6.0g
[02:57:44] [9546/13737] ✗ 65382 - Bricklink 上不存在该零件
[02:57:49] [9547/13737] ✓ 65384 = 0.15g
[02:57:56] [9548/13737] ✗ 65388 - Bricklink 上不存在该零件
[02:58:02] [9549/13737] ✓ 6538a = 0.4g
[02:58:07] [9550/13737] ✓ 6538b = 0.38g
[02:58:07] 进度 9550/13737 (69.5%) | 成功 6601 失败 2949 | 成功率 69.1% | 平均 11.4s/个 | 剩余 13.3h
[02:58:13] [9551/13737] ✓ 6539 = 1.19g
[02:58:19] [9552/13737] ✗ 65405 - Bricklink 上不存在该零件
[02:58:24] [9553/13737] ✓ 6540a = 1.3g
[02:58:30] [9554/13737] ✓ 6540b = 1.3g
[02:58:36] [9555/13737] ✓ 6541 = 0.38g
[02:58:42] [9556/13737] ✓ 65413 = 2.2g
[02:58:47] [9557/13737] ✓ 65414 = 2.31g
[02:58:53] [9558/13737] ✓ 65416 = 2.33g
[02:58:59] [9559/13737] ✓ 65422 = 6.18g
[02:59:06] [9560/13737] ✓ 65426 = 0.55g
[02:59:06] 进度 9560/13737 (69.6%) | 成功 6610 失败 2950 | 成功率 69.1% | 平均 11.4s/个 | 剩余 13.3h
[02:59:12] [9561/13737] ✗ 65428 - Bricklink 上不存在该零件
[02:59:19] [9562/13737] ✓ 65429 = 0.55g
[02:59:24] [9563/13737] ✓ 6542a = 0.7g
[02:59:29] [9564/13737] ✓ 6542b = 0.7g
[02:59:34] [9565/13737] ✓ 6543 = 3.4g
[02:59:38] [9566/13737] ✓ 65430 = 0.3g
[02:59:44] [9567/13737] ✓ 65432 = 0.24g
[02:59:50] [9568/13737] ✓ 65435 = 0.73g
[02:59:56] [9569/13737] ✗ 65452 - Bricklink 上不存在该零件
[03:00:03] [9570/13737] ✗ 65453 - Bricklink 上不存在该零件
[03:00:03] 进度 9570/13737 (69.7%) | 成功 6617 失败 2953 | 成功率 69.1% | 平均 11.4s/个 | 剩余 13.2h
[03:00:08] [9571/13737] ✓ 6546 = 0.54g
[03:00:13] [9572/13737] ✓ 65462 = 1.57g
[03:00:19] [9573/13737] ✓ 65463 = 2.64g
[03:00:23] [9574/13737] ✓ 65465 = 4.44g
[03:00:29] [9575/13737] ✓ 65468 = 2.6g
[03:00:33] [9576/13737] ✓ 65468a = 0.34g
[03:00:39] [9577/13737] ✓ 65468b = 0.29g
[03:00:45] [9578/13737] ✓ 65468c = 0.21g
[03:00:50] [9579/13737] ✓ 65468d = 0.3g
[03:00:56] [9580/13737] ✓ 65468e = 0.12g
[03:00:56] 进度 9580/13737 (69.7%) | 成功 6627 失败 2953 | 成功率 69.2% | 平均 11.4s/个 | 剩余 13.2h
[03:01:02] [9581/13737] ✓ 65468f = 0.13g
[03:01:08] [9582/13737] ✓ 65468g = 0.12g
[03:01:15] [9583/13737] ✓ 65473 = 2.7g
[03:01:20] [9584/13737] ✓ 65474 = 4.17g
[03:01:26] [9585/13737] ✗ 65476 - Bricklink 上不存在该零件
[03:01:31] [9586/13737] ✓ 65486 = 8.19g
[03:01:37] [9587/13737] ✗ 65487 - Bricklink 上不存在该零件
[03:01:42] [9588/13737] ✗ 65489 - Bricklink 上不存在该零件
[03:01:48] [9589/13737] ✓ 6549 = 1.8g
[03:01:53] [9590/13737] ✓ 655 = 3.5g
[03:01:53] 进度 9590/13737 (69.8%) | 成功 6634 失败 2956 | 成功率 69.2% | 平均 11.4s/个 | 剩余 13.2h
[03:01:58] [9591/13737] ✓ 65505 = 2.64g
[03:02:03] [9592/13737] ✓ 65505a = 0.17g
[03:02:08] [9593/13737] ✓ 65505b = 0.35g
[03:02:13] [9594/13737] ✓ 65505c = 0.26g
[03:02:19] [9595/13737] ✓ 65505d = 0.3g
[03:02:23] [9596/13737] ✓ 65505e = 0.39g
[03:02:28] [9597/13737] ✓ 65505f = 0.24g
[03:02:34] [9598/13737] ✓ 65509 = 0.97g
[03:02:40] [9599/13737] ✓ 6551 = 5.13g
[03:02:46] [9600/13737] ✓ 65510 = 0.65g
[03:02:46] 进度 9600/13737 (69.9%) | 成功 6644 失败 2956 | 成功率 69.2% | 平均 11.4s/个 | 剩余 13.1h
[03:02:50] [9601/13737] ✓ 6551c01 = 5.14g
[03:02:56] [9602/13737] ✗ 6552 - 未在页面中找到重量数据
[03:03:03] [9603/13737] ✓ 65521 = 2.7g
[03:03:08] [9604/13737] ✓ 6553 = 0.42g
[03:03:14] [9605/13737] ✗ 6553085 - Bricklink 上不存在该零件
[03:03:20] [9606/13737] ✗ 65535g1 - Bricklink 上不存在该零件
[03:03:26] [9607/13737] ✗ 65535g2 - Bricklink 上不存在该零件
[03:03:32] [9608/13737] ✗ 65538 - Bricklink 上不存在该零件
[03:03:37] [9609/13737] ✗ 65547 - Bricklink 上不存在该零件
[03:03:43] [9610/13737] ✗ 65548 - Bricklink 上不存在该零件
[03:03:43] 进度 9610/13737 (70.0%) | 成功 6647 失败 2963 | 成功率 69.2% | 平均 11.4s/个 | 剩余 13.1h
[03:03:50] [9611/13737] ✗ 65549 - Bricklink 上不存在该零件
[03:03:58] [9612/13737] ✗ 65550 - Bricklink 上不存在该零件
[03:04:04] [9613/13737] ✗ 65551 - Bricklink 上不存在该零件
[03:04:10] [9614/13737] ✗ 65552 - Bricklink 上不存在该零件
[03:04:17] [9615/13737] ✗ 65555 - Bricklink 上不存在该零件
[03:04:23] [9616/13737] ✗ 65556 - Bricklink 上不存在该零件
[03:04:30] [9617/13737] ✗ 65557 - Bricklink 上不存在该零件
[03:04:37] [9618/13737] ✗ 65558 - Bricklink 上不存在该零件
[03:04:41] [9619/13737] ✓ 65559 = 2.05g
[03:04:46] [9620/13737] ✓ 6556 = 1.89g
[03:04:46] 进度 9620/13737 (70.0%) | 成功 6649 失败 2971 | 成功率 69.1% | 平均 11.4s/个 | 剩余 13.0h
[03:04:52] [9621/13737] ✗ 65563 - Bricklink 上不存在该零件
[03:04:57] [9622/13737] ✓ 65567c01 = 126.0g
[03:05:02] [9623/13737] ✓ 65571 = 1.7g
[03:05:08] [9624/13737] ✗ 65574 - Bricklink 上不存在该零件
[03:05:13] [9625/13737] ✓ 65575 = 0.56g
[03:05:18] [9626/13737] ✓ 65576 = 0.8g
[03:05:23] [9627/13737] ✓ 65578 = 0.16g
[03:05:28] [9628/13737] ✓ 65579 = 0.75g
[03:05:33] [9629/13737] ✓ 6558 = 0.37g
[03:05:38] [9630/13737] ✓ 65580 = 0.36g
[03:05:38] 进度 9630/13737 (70.1%) | 成功 6657 失败 2973 | 成功率 69.1% | 平均 11.4s/个 | 剩余 13.0h
[03:05:43] [9631/13737] ✓ 65581 = 0.81g
[03:05:49] [9632/13737] ✓ 65590 = 0.51g
[03:05:55] [9633/13737] ✗ 6561010 - Bricklink 上不存在该零件
[03:06:00] [9634/13737] ✓ 65617 = 1.1g
[03:06:05] [9635/13737] ✓ 65627 = 0.19g
[03:06:11] [9636/13737] ✗ 65630 - Bricklink 上不存在该零件
[03:06:17] [9637/13737] ✓ 65632 = 4.37g
[03:06:21] [9638/13737] ✓ 65633 = 4.44g
[03:06:28] [9639/13737] ✓ 65634 = 11.68g
[03:06:32] [9640/13737] ✓ 65635 = 3.14g
[03:06:32] 进度 9640/13737 (70.2%) | 成功 6665 失败 2975 | 成功率 69.1% | 平均 11.4s/个 | 剩余 13.0h
[03:06:38] [9641/13737] ✓ 6564 = 1.85g
[03:06:44] [9642/13737] ✓ 6565 = 1.85g
[03:06:51] [9643/13737] ✓ 65676 = 0.34g
[03:06:56] [9644/13737] ✓ 6567c01 = 3.8g
[03:07:02] [9645/13737] ✓ 6567c02 = 3.8g
[03:07:08] [9646/13737] ✓ 6567c03 = 3.8g
[03:07:13] [9647/13737] ✓ 6570 = 1.83g
[03:07:19] [9648/13737] ✓ 65700 = 0.88g
[03:07:24] [9649/13737] ✓ 65702 = 2.26g
[03:07:31] [9650/13737] ✓ 6571 = 0.79g
[03:07:31] 进度 9650/13737 (70.2%) | 成功 6675 失败 2975 | 成功率 69.2% | 平均 11.4s/个 | 剩余 12.9h
[03:07:35] [9651/13737] ✓ 6572 = 1.25g
[03:07:41] [9652/13737] ✓ 65726 = 3.0g
[03:07:46] [9653/13737] ✓ 65726a = 0.32g
[03:07:51] [9654/13737] ✓ 65726b = 0.27g
[03:07:56] [9655/13737] ✗ 65726ca - Bricklink 上不存在该零件
[03:08:02] [9656/13737] ✗ 65726cb - Bricklink 上不存在该零件
[03:08:08] [9657/13737] ✓ 65726d = 0.36g
[03:08:14] [9658/13737] ✓ 65726e = 0.45g
[03:08:19] [9659/13737] ✓ 65727 = 1.39g
[03:08:24] [9660/13737] ✓ 6573 = 3.25g
[03:08:24] 进度 9660/13737 (70.3%) | 成功 6683 失败 2977 | 成功率 69.2% | 平均 11.4s/个 | 剩余 12.9h
[03:08:31] [9661/13737] ✓ 65734 = 2.9g
[03:08:36] [9662/13737] ✓ 65735 = 7.37g
[03:08:42] [9663/13737] ✓ 6574 = 1.05g
[03:08:48] [9664/13737] ✗ 65746 - Bricklink 上不存在该零件
[03:08:54] [9665/13737] ✓ 6575 = 0.7g
[03:08:59] [9666/13737] ✓ 65753 = 0.29g
[03:09:04] [9667/13737] ✓ 6576 = 3.57g
[03:09:10] [9668/13737] ✓ 65766 = 2.67g
[03:09:16] [9669/13737] ✓ 65768 = 0.5g
[03:09:21] [9670/13737] ✓ 6578 = 4.75g
[03:09:21] 进度 9670/13737 (70.4%) | 成功 6692 失败 2978 | 成功率 69.2% | 平均 11.4s/个 | 剩余 12.8h
[03:09:28] [9671/13737] ✗ 65781 - Bricklink 上不存在该零件
[03:09:33] [9672/13737] ✓ 65783 = 13.37g
[03:09:38] [9673/13737] ✓ 65785 = 2.61g
[03:09:44] [9674/13737] ✓ 6579 = 13.5g
[03:09:50] [9675/13737] ✓ 6580 = 4.0g
[03:09:55] [9676/13737] ✓ 65803 = 52.3g
[03:09:59] [9677/13737] ✓ 6580a = 4.62g
[03:10:04] [9678/13737] ✓ 6581 = 14.0g
[03:10:09] [9679/13737] ✓ 65817 = 22.8g
[03:10:14] [9680/13737] ✓ 6582 = 5.4g
[03:10:14] 进度 9680/13737 (70.5%) | 成功 6701 失败 2979 | 成功率 69.2% | 平均 11.4s/个 | 剩余 12.8h
[03:10:20] [9681/13737] ✗ 6582542 - Bricklink 上不存在该零件
[03:10:25] [9682/13737] ✓ 65826 = 0.1g
[03:10:30] [9683/13737] ✓ 65829 = 25.0g
[03:10:36] [9684/13737] ✓ 6583 = 1.99g
[03:10:41] [9685/13737] ✓ 65830 = 18.3g
[03:10:46] [9686/13737] ✓ 65836 = 50.0g
[03:10:52] [9687/13737] ✗ 6584 - Bricklink 上不存在该零件
[03:10:58] [9688/13737] ✓ 6585 = 4.5g
[03:11:05] [9689/13737] ✗ 65866 - Bricklink 上不存在该零件
[03:11:10] [9690/13737] ✓ 6587 = 0.48g
[03:11:11] 进度 9690/13737 (70.5%) | 成功 6708 失败 2982 | 成功率 69.2% | 平均 11.4s/个 | 剩余 12.8h
[03:11:16] [9691/13737] ✓ 65870 = 11.32g
[03:11:21] [9692/13737] ✓ 65875 = 32.0g
[03:11:26] [9693/13737] ✓ 6588 = 4.5g
[03:11:32] [9694/13737] ✗ 65886 - Bricklink 上不存在该零件
[03:11:37] [9695/13737] ✓ 6589 = 0.29g
[03:11:42] [9696/13737] ✓ 6592 = 2.01g
[03:11:47] [9697/13737] ✓ 6594 = 20.41g
[03:11:51] [9698/13737] ✓ 6595 = 7.28g
[03:11:56] [9699/13737] ✓ 6596 = 22.0g
[03:12:02] [9700/13737] ✗ 65992 - Bricklink 上不存在该零件
[03:12:02] 进度 9700/13737 (70.6%) | 成功 6716 失败 2984 | 成功率 69.2% | 平均 11.4s/个 | 剩余 12.7h
[03:12:07] [9701/13737] ✓ 6606 = 3.76g
[03:12:13] [9702/13737] ✓ 6607 = 2.0g
[03:12:18] [9703/13737] ✓ 6608 = 2.74g
[03:12:23] [9704/13737] ✓ 6609 = 3.76g
[03:12:29] [9705/13737] ✓ 6610 = 0.44g
[03:12:35] [9706/13737] ✓ 6611 = 0.97g
[03:12:40] [9707/13737] ✓ 6612 = 2.28g
[03:12:45] [9708/13737] ✓ 6613 = 1.22g
[03:12:50] [9709/13737] ✓ 6614 = 2.49g
[03:12:55] [9710/13737] ✓ 6615 = 0.43g
[03:12:55] 进度 9710/13737 (70.7%) | 成功 6726 失败 2984 | 成功率 69.3% | 平均 11.3s/个 | 剩余 12.7h
[03:13:01] [9711/13737] ✓ 66155 = 6.0g
[03:13:07] [9712/13737] ✓ 6616 = 2.61g
[03:13:12] [9713/13737] ✓ 6617 = 30.3g
[03:13:17] [9714/13737] ✓ 6618 = 2.46g
[03:13:23] [9715/13737] ✓ 6619 = 37.0g
[03:13:29] [9716/13737] ✓ 6620 = 12.22g
[03:13:36] [9717/13737] ✗ 66216 - Bricklink 上不存在该零件
[03:13:41] [9718/13737] ✗ 66237 - 未在页面中找到重量数据
[03:13:47] [9719/13737] ✓ 66252 = 2.42g
[03:13:51] [9720/13737] ✓ 6626 = 0.57g
[03:13:51] 进度 9720/13737 (70.8%) | 成功 6734 失败 2986 | 成功率 69.3% | 平均 11.3s/个 | 剩余 12.7h
[03:13:58] [9721/13737] ✗ 6628 - Bricklink 上不存在该零件
[03:14:03] [9722/13737] ✓ 6628b = 0.25g
[03:14:10] [9723/13737] ✓ 6629 = 2.6g
[03:14:15] [9724/13737] ✓ 6630 = 2.0g
[03:14:21] [9725/13737] ✓ 6631 = 2.0g
[03:14:28] [9726/13737] ✓ 6632 = 0.45g
[03:14:35] [9727/13737] ✓ 6636 = 0.83g
[03:14:41] [9728/13737] ✗ 6637 - Bricklink 上不存在该零件
[03:14:48] [9729/13737] ✗ 6640 - Bricklink 上不存在该零件
[03:14:54] [9730/13737] ✗ 66402 - Bricklink 上不存在该零件
[03:14:54] 进度 9730/13737 (70.8%) | 成功 6740 失败 2990 | 成功率 69.3% | 平均 11.3s/个 | 剩余 12.6h
[03:15:00] [9731/13737] ✗ 66404 - Bricklink 上不存在该零件
[03:15:07] [9732/13737] ✗ 6640c05 - Bricklink 上不存在该零件
[03:15:12] [9733/13737] ✓ 6641 = 0.5g
[03:15:17] [9734/13737] ✓ 6642 = 0.48g
[03:15:21] [9735/13737] ✓ 6643 = 0.28g
[03:15:26] [9736/13737] ✓ 6644 = 0.28g
[03:15:31] [9737/13737] ✓ 6646 = 0.55g
[03:15:38] [9738/13737] ✓ 6647 = 0.12g
[03:15:42] [9739/13737] ✓ 6649 = 3.72g
[03:15:47] [9740/13737] ✓ 6655 = 128.0g
[03:15:47] 进度 9740/13737 (70.9%) | 成功 6748 失败 2992 | 成功率 69.3% | 平均 11.3s/个 | 剩余 12.6h
[03:15:53] [9741/13737] ✓ 6656 = 18.9g
[03:15:58] [9742/13737] ✓ 66606 = 14.56g
[03:16:03] [9743/13737] ✓ 6662c01 = 17.0g
[03:16:08] [9744/13737] ✓ 6663c01 = 14.36g
[03:16:15] [9745/13737] ✗ 66645a - Bricklink 上不存在该零件
[03:16:22] [9746/13737] ✗ 66645b - Bricklink 上不存在该零件
[03:16:29] [9747/13737] ✗ 66645c01 - Bricklink 上不存在该零件
[03:16:34] [9748/13737] ✓ 6666c01 = 49.0g
[03:16:39] [9749/13737] ✓ 6667 = 4.52g
[03:16:45] [9750/13737] ✓ 6668 = 44.0g
[03:16:45] 进度 9750/13737 (71.0%) | 成功 6755 失败 2995 | 成功率 69.3% | 平均 11.3s/个 | 剩余 12.5h
[03:16:51] [9751/13737] ✓ 6669c01 = 8.0g
[03:16:57] [9752/13737] ✓ 6671c01 = 23.0g
[03:17:02] [9753/13737] ✓ 6672 = 15.0g
[03:17:07] [9754/13737] ✓ 66727 = 1.15g
[03:17:13] [9755/13737] ✗ 66757 - Bricklink 上不存在该零件
[03:17:19] [9756/13737] ✓ 66787 = 14.7g
[03:17:24] [9757/13737] ✓ 66788 = 0.41g
[03:17:30] [9758/13737] ✓ 66789 = 5.3g
[03:17:36] [9759/13737] ✓ 66790 = 9.8g
[03:17:42] [9760/13737] ✓ 66792 = 2.5g
[03:17:42] 进度 9760/13737 (71.0%) | 成功 6764 失败 2996 | 成功率 69.3% | 平均 11.3s/个 | 剩余 12.5h
[03:17:47] [9761/13737] ✓ 6682 = 0.64g
[03:17:53] [9762/13737] ✓ 66821 = 7.61g
[03:17:59] [9763/13737] ✓ 66826 = 0.2g
[03:18:05] [9764/13737] ✓ 66828 = 0.43g
[03:18:11] [9765/13737] ✓ 66829 = 0.28g
[03:18:16] [9766/13737] ✓ 66830 = 0.51g
[03:18:22] [9767/13737] ✓ 66831 = 0.69g
[03:18:27] [9768/13737] ✓ 66832 = 0.58g
[03:18:33] [9769/13737] ✓ 66833 = 1.1g
[03:18:38] [9770/13737] ✓ 6684 = 5.3g
[03:18:38] 进度 9770/13737 (71.1%) | 成功 6774 失败 2996 | 成功率 69.3% | 平均 11.3s/个 | 剩余 12.5h
[03:18:42] [9771/13737] ✓ 66846 = 0.1g
[03:18:48] [9772/13737] ✓ 66855 = 2.83g
[03:18:54] [9773/13737] ✓ 66857 = 0.78g
[03:18:59] [9774/13737] ✓ 66858 = 0.8g
[03:19:04] [9775/13737] ✓ 66859 = 1.0g
[03:19:10] [9776/13737] ✓ 6686 = 5.64g
[03:19:15] [9777/13737] ✓ 66864 = 11.58g
[03:19:21] [9778/13737] ✗ 66881 - Bricklink 上不存在该零件
[03:19:26] [9779/13737] ✓ 6689 = 1.0g
[03:19:33] [9780/13737] ✓ 66897 = 0.42g
[03:19:33] 进度 9780/13737 (71.2%) | 成功 6783 失败 2997 | 成功率 69.4% | 平均 11.3s/个 | 剩余 12.4h
[03:19:37] [9781/13737] ✓ 66899 = 1.78g
[03:19:43] [9782/13737] ✗ 6690 - Bricklink 上不存在该零件
[03:19:49] [9783/13737] ✗ 66906 - Bricklink 上不存在该零件
[03:19:55] [9784/13737] ✓ 66909 = 0.22g
[03:20:01] [9785/13737] ✗ 6691 - Bricklink 上不存在该零件
[03:20:07] [9786/13737] ✓ 66913 = 0.15g
[03:20:13] [9787/13737] ✓ 66915 = 0.88g
[03:20:18] [9788/13737] ✓ 6693 = 15.0g
[03:20:22] [9789/13737] ✓ 6694 = 8.0g
[03:20:28] [9790/13737] ✓ 6695 = 3.5g
[03:20:28] 进度 9790/13737 (71.3%) | 成功 6790 失败 3000 | 成功率 69.4% | 平均 11.3s/个 | 剩余 12.4h
[03:20:35] [9791/13737] ✗ 66954 - Bricklink 上不存在该零件
[03:20:40] [9792/13737] ✓ 66955 = 2.21g
[03:20:46] [9793/13737] ✓ 66956 = 0.5g
[03:20:51] [9794/13737] ✗ 66960 - Bricklink 上不存在该零件
[03:20:56] [9795/13737] ✓ 66961 = 1.74g
[03:21:01] [9796/13737] ✗ 66962 - Bricklink 上不存在该零件
[03:21:06] [9797/13737] ✓ 66964 = 0.31g
[03:21:11] [9798/13737] ✓ 66965 = 1.04g
[03:21:16] [9799/13737] ✓ 66967 = 0.49g
[03:21:20] [9800/13737] ✓ 6697 = 12.0g
[03:21:21] 进度 9800/13737 (71.3%) | 成功 6797 失败 3003 | 成功率 69.4% | 平均 11.3s/个 | 剩余 12.3h
[03:21:26] [9801/13737] ✓ 6698 = 27.0g
[03:21:32] [9802/13737] ✓ 670 = 7.0g
[03:21:37] [9803/13737] ✓ 67037 = 0.75g
[03:21:42] [9804/13737] ✓ 6704 = 2.0g
[03:21:47] [9805/13737] ✓ 67075 = 4.2g
[03:21:54] [9806/13737] ✓ 67095 = 0.76g
[03:21:58] [9807/13737] ✓ 671 = 7.0g
[03:22:04] [9808/13737] ✓ 6712 = 0.61g
[03:22:09] [9809/13737] ✓ 67138 = 38.0g
[03:22:14] [9810/13737] ✓ 67139 = 2.93g
[03:22:14] 进度 9810/13737 (71.4%) | 成功 6807 失败 3003 | 成功率 69.4% | 平均 11.3s/个 | 剩余 12.3h
[03:22:19] [9811/13737] ✓ 67140 = 23.5g
[03:22:24] [9812/13737] ✓ 67141 = 6.09g
[03:22:30] [9813/13737] ✓ 67142 = 6.62g
[03:22:35] [9814/13737] ✓ 67144 = 1.33g
[03:22:41] [9815/13737] ✗ 6714c01 - Bricklink 上不存在该零件
[03:22:47] [9816/13737] ✗ 67156 - Bricklink 上不存在该零件
[03:22:52] [9817/13737] ✓ 67172 = 2.53g
[03:22:56] [9818/13737] ✓ 67196 = 4.68g
[03:23:02] [9819/13737] ✗ 67211 - Bricklink 上不存在该零件
[03:23:08] [9820/13737] ✗ 67216 - Bricklink 上不存在该零件
[03:23:08] 进度 9820/13737 (71.5%) | 成功 6813 失败 3007 | 成功率 69.4% | 平均 11.3s/个 | 剩余 12.3h
[03:23:14] [9821/13737] ✗ 67217 - Bricklink 上不存在该零件
[03:23:20] [9822/13737] ✗ 67222 - Bricklink 上不存在该零件
[03:23:26] [9823/13737] ✗ 67241 - Bricklink 上不存在该零件
[03:23:32] [9824/13737] ✓ 67243 = 15.86g
[03:23:37] [9825/13737] ✓ 67244 = 27.78g
[03:23:42] [9826/13737] ✓ 67245 = 14.74g
[03:23:48] [9827/13737] ✗ 67261a - Bricklink 上不存在该零件
[03:23:54] [9828/13737] ✗ 67261b - Bricklink 上不存在该零件
[03:24:00] [9829/13737] ✗ 67261c - Bricklink 上不存在该零件
[03:24:06] [9830/13737] ✓ 67321 = 58.88g
[03:24:06] 进度 9830/13737 (71.6%) | 成功 6817 失败 3013 | 成功率 69.3% | 平均 11.3s/个 | 剩余 12.2h
[03:24:11] [9831/13737] ✓ 67322 = 42.0g
[03:24:17] [9832/13737] ✓ 67329 = 1.35g
[03:24:23] [9833/13737] ✓ 67337 = 4.8g
[03:24:28] [9834/13737] ✓ 67338 = 0.51g
[03:24:35] [9835/13737] ✗ 67351 - Bricklink 上不存在该零件
[03:24:41] [9836/13737] ✓ 67361 = 3.65g
[03:24:48] [9837/13737] ✗ 67401 - Bricklink 上不存在该零件
[03:24:54] [9838/13737] ✓ 67440 = 3.0g
[03:24:58] [9839/13737] ✓ 67446 = 2.56g
[03:25:03] [9840/13737] ✓ 67491 = 11.0g
[03:25:03] 进度 9840/13737 (71.6%) | 成功 6825 失败 3015 | 成功率 69.4% | 平均 11.3s/个 | 剩余 12.2h
[03:25:10] [9841/13737] ✗ 675 - Bricklink 上不存在该零件
[03:25:15] [9842/13737] ✓ 67503 = 3.1g
[03:25:19] [9843/13737] ✓ 67583 = 0.6g
[03:25:24] [9844/13737] ✓ 67585 = 0.15g
[03:25:29] [9845/13737] ✓ 67588 = 11.68g
[03:25:34] [9846/13737] ✓ 676 = 0.94g
[03:25:40] [9847/13737] ✓ 67631 = 0.86g
[03:25:45] [9848/13737] ✓ 67632 = 1.6g
[03:25:51] [9849/13737] ✗ 67644 - Bricklink 上不存在该零件
[03:25:57] [9850/13737] ✓ 67649 = 1.78g
[03:25:57] 进度 9850/13737 (71.7%) | 成功 6833 失败 3017 | 成功率 69.4% | 平均 11.3s/个 | 剩余 12.2h
[03:26:04] [9851/13737] ✗ 67687 - Bricklink 上不存在该零件
[03:26:10] [9852/13737] ✗ 67688 - Bricklink 上不存在该零件
[03:26:16] [9853/13737] ✓ 67695 = 1.02g
[03:26:22] [9854/13737] ✓ 67696 = 1.76g
[03:26:28] [9855/13737] ✓ 67697 = 1.2g
[03:26:33] [9856/13737] ✗ 67702a - Bricklink 上不存在该零件
[03:26:41] [9857/13737] ✗ 67702b - Bricklink 上不存在该零件
[03:26:47] [9858/13737] ✗ 67702c - Bricklink 上不存在该零件
[03:26:55] [9859/13737] ✗ 67702c01 - Bricklink 上不存在该零件
[03:27:02] [9860/13737] ✗ 67702d - Bricklink 上不存在该零件
[03:27:02] 进度 9860/13737 (71.8%) | 成功 6836 失败 3024 | 成功率 69.3% | 平均 11.3s/个 | 剩余 12.1h
[03:27:07] [9861/13737] ✗ 67702e - Bricklink 上不存在该零件
[03:27:13] [9862/13737] ✗ 67702f - Bricklink 上不存在该零件
[03:27:20] [9863/13737] ✗ 67702g - Bricklink 上不存在该零件
[03:27:27] [9864/13737] ✗ 67704 - Bricklink 上不存在该零件
[03:27:33] [9865/13737] ✗ 67718 - Bricklink 上不存在该零件
[03:27:40] [9866/13737] ✗ 67720a - Bricklink 上不存在该零件
[03:27:47] [9867/13737] ✗ 67720b - Bricklink 上不存在该零件
[03:27:54] [9868/13737] ✗ 67720c01 - Bricklink 上不存在该零件
[03:28:01] [9869/13737] ✓ 67737 = 1.4g
[03:28:05] [9870/13737] ✓ 67759 = 15.0g
[03:28:05] 进度 9870/13737 (71.8%) | 成功 6838 失败 3032 | 成功率 69.3% | 平均 11.3s/个 | 剩余 12.1h
[03:28:11] [9871/13737] ✓ 678 = 1.37g
[03:28:18] [9872/13737] ✓ 67810 = 1.29g
[03:28:23] [9873/13737] ✓ 67811 = 1.88g
[03:28:30] [9874/13737] ✗ 6787 - Bricklink 上不存在该零件
[03:28:35] [9875/13737] ✓ 67872 = 5.75g
[03:28:41] [9876/13737] ✗ 6788 - Bricklink 上不存在该零件
[03:28:47] [9877/13737] ✗ 6789 - Bricklink 上不存在该零件
[03:28:53] [9878/13737] ✓ 679 = 3.0g
[03:28:59] [9879/13737] ✓ 67900 = 1.09g
[03:29:05] [9880/13737] ✓ 67906 = 0.15g
[03:29:05] 进度 9880/13737 (71.9%) | 成功 6845 失败 3035 | 成功率 69.3% | 平均 11.2s/个 | 剩余 12.0h
[03:29:10] [9881/13737] ✓ 67906c01 = 0.24g
[03:29:15] [9882/13737] ✓ 67906c02 = 0.24g
[03:29:20] [9883/13737] ✓ 67906c03 = 0.24g
[03:29:25] [9884/13737] ✓ 67906c04 = 0.24g
[03:29:32] [9885/13737] ✓ 67906c05 = 0.24g
[03:29:37] [9886/13737] ✓ 67906c06 = 0.24g
[03:29:42] [9887/13737] ✓ 67928 = 0.48g
[03:29:47] [9888/13737] ✓ 67929 = 5.9g
[03:29:51] [9889/13737] ✓ 67950 = 8.6g
[03:29:57] [9890/13737] ✓ 6796 = 2.02g
[03:29:57] 进度 9890/13737 (72.0%) | 成功 6855 失败 3035 | 成功率 69.3% | 平均 11.2s/个 | 剩余 12.0h
[03:30:02] [9891/13737] ✓ 6797 = 3.1g
[03:30:07] [9892/13737] ✓ 6798 = 1.34g
[03:30:13] [9893/13737] ✓ 6799 = 7.0g
[03:30:19] [9894/13737] ✓ 6801 = 1.34g
[03:30:24] [9895/13737] ✓ 68013 = 0.51g
[03:30:29] [9896/13737] ✓ 68035 = 1.5g
[03:30:34] [9897/13737] ✓ 6805 = 0.89g
[03:30:39] [9898/13737] ✓ 68053 = 8.0g
[03:30:44] [9899/13737] ✓ 68054 = 0.08g
[03:30:49] [9900/13737] ✓ 6806 = 2.02g
[03:30:49] 进度 9900/13737 (72.1%) | 成功 6865 失败 3035 | 成功率 69.3% | 平均 11.2s/个 | 剩余 12.0h
[03:30:54] [9901/13737] ✓ 68060 = 0.09g
[03:30:58] [9902/13737] ✓ 68061 = 0.74g
[03:31:04] [9903/13737] ✓ 6808 = 2.3g
[03:31:10] [9904/13737] ✓ 6809 = 1.5g
[03:31:15] [9905/13737] ✓ 6810 = 1.2g
[03:31:21] [9906/13737] ✓ 6813 = 1.38g
[03:31:26] [9907/13737] ✓ 68174 = 1.0g
[03:31:32] [9908/13737] ✓ 68196 = 6.5g
[03:31:38] [9909/13737] ✗ 6821 - Bricklink 上不存在该零件
[03:31:44] [9910/13737] ✓ 68211 = 0.08g
[03:31:44] 进度 9910/13737 (72.1%) | 成功 6874 失败 3036 | 成功率 69.4% | 平均 11.2s/个 | 剩余 11.9h
[03:31:49] [9911/13737] ✓ 68212 = 0.11g
[03:31:54] [9912/13737] ✓ 6821b = 310.0g
[03:32:00] [9913/13737] ✓ 6822 = 1.0g
[03:32:06] [9914/13737] ✓ 6823 = 1.0g
[03:32:11] [9915/13737] ✓ 6824 = 2.7g
[03:32:17] [9916/13737] ✓ 6824a = 0.3g
[03:32:22] [9917/13737] ✓ 6824b = 0.3g
[03:32:27] [9918/13737] ✓ 6825 = 2.26g
[03:32:32] [9919/13737] ✓ 6825a = 0.22g
[03:32:38] [9920/13737] ✓ 6825b = 0.28g
[03:32:38] 进度 9920/13737 (72.2%) | 成功 6884 失败 3036 | 成功率 69.4% | 平均 11.2s/个 | 剩余 11.9h
[03:32:43] [9921/13737] ✓ 6826 = 1.44g
[03:32:50] [9922/13737] ✓ 68297 = 3.64g
[03:32:54] [9923/13737] ✓ 6830 = 5.65g
[03:32:59] [9924/13737] ✓ 68325 = 2.81g
[03:33:05] [9925/13737] ✓ 68327 = 6.28g
[03:33:12] [9926/13737] ✓ 6836 = 3.0g
[03:33:17] [9927/13737] ✓ 68382 = 0.89g
[03:33:23] [9928/13737] ✗ 6840c01 - Bricklink 上不存在该零件
[03:33:30] [9929/13737] ✗ 68444 - Bricklink 上不存在该零件
[03:33:36] [9930/13737] ✗ 68445 - Bricklink 上不存在该零件
[03:33:36] 进度 9930/13737 (72.3%) | 成功 6891 失败 3039 | 成功率 69.4% | 平均 11.2s/个 | 剩余 11.9h
[03:33:42] [9931/13737] ✗ 6845 - Bricklink 上不存在该零件
[03:33:48] [9932/13737] ✗ 68488 - Bricklink 上不存在该零件
[03:33:53] [9933/13737] ✓ 685 = 4.0g
[03:33:58] [9934/13737] ✗ 68503 - Bricklink 上不存在该零件
[03:34:03] [9935/13737] ✓ 68504 = 0.21g
[03:34:09] [9936/13737] ✗ 68505 - Bricklink 上不存在该零件
[03:34:13] [9937/13737] ✓ 6851 = 84.0g
[03:34:20] [9938/13737] ✗ 68512 - Bricklink 上不存在该零件
[03:34:25] [9939/13737] ✓ 68516 = 0.32g
[03:34:32] [9940/13737] ✓ 68520 = 0.77g
[03:34:32] 进度 9940/13737 (72.4%) | 成功 6896 失败 3044 | 成功率 69.4% | 平均 11.2s/个 | 剩余 11.8h
[03:34:37] [9941/13737] ✗ 6853 - Bricklink 上不存在该零件
[03:34:42] [9942/13737] ✓ 68547 = 0.9g
[03:34:49] [9943/13737] ✓ 68568 = 0.7g
[03:34:54] [9944/13737] ✓ 68577 = 17.87g
[03:34:59] [9945/13737] ✓ 68589 = 0.12g
[03:35:04] [9946/13737] ✓ 68590 = 0.14g
[03:35:09] [9947/13737] ✓ 68591 = 0.14g
[03:35:14] [9948/13737] ✗ 6859c01 - Bricklink 上不存在该零件
[03:35:19] [9949/13737] ✓ 68609 = 0.05g
[03:35:24] [9950/13737] ✓ 6860c01 = 40.0g
[03:35:24] 进度 9950/13737 (72.4%) | 成功 6904 失败 3046 | 成功率 69.4% | 平均 11.2s/个 | 剩余 11.8h
[03:35:30] [9951/13737] ✓ 68644 = 0.8g
[03:35:36] [9952/13737] ✗ 6867c01 - Bricklink 上不存在该零件
[03:35:42] [9953/13737] ✓ 6870 = 7.0g
[03:35:49] [9954/13737] ✗ 68733 - Bricklink 上不存在该零件
[03:35:53] [9955/13737] ✓ 6874 = 24.0g
[03:36:00] [9956/13737] ✓ 6875 = 16.0g
[03:36:04] [9957/13737] ✓ 6876 = 51.0g
[03:36:10] [9958/13737] ✓ 6879 = 4.96g
[03:36:16] [9959/13737] ✓ 68806 = 2.5g
[03:36:22] [9960/13737] ✗ 6880c01 - Bricklink 上不存在该零件
[03:36:22] 进度 9960/13737 (72.5%) | 成功 6911 失败 3049 | 成功率 69.4% | 平均 11.2s/个 | 剩余 11.8h
[03:36:27] [9961/13737] ✗ 6881a - Bricklink 上不存在该零件
[03:36:33] [9962/13737] ✗ 6881b - Bricklink 上不存在该零件
[03:36:38] [9963/13737] ✓ 6882 = 6.0g
[03:36:43] [9964/13737] ✓ 6883 = 11.5g
[03:36:48] [9965/13737] ✓ 68862 = 2.5g
[03:36:53] [9966/13737] ✓ 68865 = 0.12g
[03:36:58] [9967/13737] ✓ 68867 = 0.8g
[03:37:04] [9968/13737] ✓ 68869 = 2.2g
[03:37:10] [9969/13737] ✗ 68881 - Bricklink 上不存在该零件
[03:37:15] [9970/13737] ✓ 68888 = 0.5g
[03:37:15] 进度 9970/13737 (72.6%) | 成功 6918 失败 3052 | 成功率 69.4% | 平均 11.2s/个 | 剩余 11.7h
[03:37:22] [9971/13737] ✗ 6892 - Bricklink 上不存在该零件
[03:37:28] [9972/13737] ✗ 6895 - Bricklink 上不存在该零件
[03:37:34] [9973/13737] ✓ 6895a = 30.0g
[03:37:39] [9974/13737] ✓ 6895b = 30.0g
[03:37:47] [9975/13737] ✗ 6896 - Bricklink 上不存在该零件
[03:37:52] [9976/13737] ✓ 6896ac01 = 30.0g
[03:37:58] [9977/13737] ✗ 6896b - Bricklink 上不存在该零件
[03:38:03] [9978/13737] ✓ 6899 = 0.08g
[03:38:08] [9979/13737] ✓ 6900 = 0.23g
[03:38:14] [9980/13737] ✓ 6901 = 0.25g
[03:38:14] 进度 9980/13737 (72.7%) | 成功 6924 失败 3056 | 成功率 69.4% | 平均 11.2s/个 | 剩余 11.7h
[03:38:19] [9981/13737] ✓ 6902c01 = 55.0g
[03:38:23] [9982/13737] ✓ 6904 = 10.0g
[03:38:29] [9983/13737] ✓ 6905 = 8.9g
[03:38:35] [9984/13737] ✓ 6906 = 60.0g
[03:38:40] [9985/13737] ✓ 69066 = 0.63g
[03:38:47] [9986/13737] ✓ 6908 = 0.16g
[03:38:53] [9987/13737] ✓ 6909 = 1.4g
[03:38:58] [9988/13737] ✗ 691 - Bricklink 上不存在该零件
[03:39:03] [9989/13737] ✓ 6910 = 11.0g
[03:39:09] [9990/13737] ✓ 6911 = 14.0g
[03:39:09] 进度 9990/13737 (72.7%) | 成功 6933 失败 3057 | 成功率 69.4% | 平均 11.2s/个 | 剩余 11.6h
[03:39:15] [9991/13737] ✗ 6912c01 - Bricklink 上不存在该零件
[03:39:20] [9992/13737] ✓ 6913 = 0.14g
[03:39:25] [9993/13737] ✓ 6914 = 0.19g
[03:39:31] [9994/13737] ✓ 6917 = 0.22g
[03:39:36] [9995/13737] ✓ 69182 = 15.9g
[03:39:43] [9996/13737] ✗ 69188a - Bricklink 上不存在该零件
[03:39:50] [9997/13737] ✗ 69188b - Bricklink 上不存在该零件
[03:39:57] [9998/13737] ✗ 69188c01 - Bricklink 上不存在该零件
[03:40:03] [9999/13737] ✗ 6919 - Bricklink 上不存在该零件
[03:40:09] [10000/13737] ✗ 692 - Bricklink 上不存在该零件
[03:40:09] 进度 10000/13737 (72.8%) | 成功 6937 失败 3063 | 成功率 69.4% | 平均 11.2s/个 | 剩余 11.6h
[03:40:14] [10001/13737] ✓ 6920 = 3.99g
[03:40:19] [10002/13737] ✓ 6923 = 26.0g
[03:40:24] [10003/13737] ✓ 69234 = 4.0g
[03:40:30] [10004/13737] ✓ 6923b = 28.0g
[03:40:35] [10005/13737] ✓ 69244 = 0.44g
[03:40:41] [10006/13737] ✓ 6925 = 14.0g
[03:40:46] [10007/13737] ✓ 6929 = 1.04g
[03:40:51] [10008/13737] ✓ 6930 = 1.04g
[03:40:58] [10009/13737] ✗ 69320 - Bricklink 上不存在该零件
[03:41:05] [10010/13737] ✓ 6932a = 0.4g
[03:41:05] 进度 10010/13737 (72.9%) | 成功 6946 失败 3064 | 成功率 69.4% | 平均 11.2s/个 | 剩余 11.6h
[03:41:11] [10011/13737] ✓ 6932b = 0.32g
[03:41:17] [10012/13737] ✓ 6932c = 0.4g
[03:41:22] [10013/13737] ✓ 6932d = 0.4g
[03:41:27] [10014/13737] ✓ 6933 = 2.0g
[03:41:34] [10015/13737] ✗ 69335a - Bricklink 上不存在该零件
[03:41:39] [10016/13737] ✗ 69335b - Bricklink 上不存在该零件
[03:41:46] [10017/13737] ✗ 69335c01 - Bricklink 上不存在该零件
[03:41:52] [10018/13737] ✓ 6933a = 0.2g
[03:41:57] [10019/13737] ✓ 6933b = 0.34g
[03:42:03] [10020/13737] ✓ 6933c = 0.33g
[03:42:03] 进度 10020/13737 (72.9%) | 成功 6953 失败 3067 | 成功率 69.4% | 平均 11.2s/个 | 剩余 11.5h
[03:42:08] [10021/13737] ✓ 6934a = 1.73g
[03:42:14] [10022/13737] ✓ 6934b = 1.5g
[03:42:19] [10023/13737] ✓ 6936 = 0.7g
[03:42:25] [10024/13737] ✓ 6939 = 12.0g
[03:42:31] [10025/13737] ✓ 6940 = 32.0g
[03:42:36] [10026/13737] ✓ 6941 = 3.0g
[03:42:42] [10027/13737] ✓ 6942 = 2.51g
[03:42:48] [10028/13737] ✓ 6943 = 5.0g
[03:42:53] [10029/13737] ✓ 6944 = 2.3g
[03:42:58] [10030/13737] ✓ 6945 = 5.0g
[03:42:58] 进度 10030/13737 (73.0%) | 成功 6963 失败 3067 | 成功率 69.4% | 平均 11.2s/个 | 剩余 11.5h
[03:43:04] [10031/13737] ✗ 6947 - Bricklink 上不存在该零件
[03:43:10] [10032/13737] ✓ 6950 = 6.0g
[03:43:16] [10033/13737] ✓ 6953 = 7.0g
[03:43:23] [10034/13737] ✓ 6955 = 0.41g
[03:43:28] [10035/13737] ✓ 69565 = 0.95g
[03:43:33] [10036/13737] ✓ 6957 = 2.34g
[03:43:39] [10037/13737] ✓ 6958 = 1.47g
[03:43:44] [10038/13737] ✓ 6962 = 11.0g
[03:43:50] [10039/13737] ✗ 6963 - Bricklink 上不存在该零件
[03:43:56] [10040/13737] ✗ 69633 - Bricklink 上不存在该零件
[03:43:56] 进度 10040/13737 (73.1%) | 成功 6970 失败 3070 | 成功率 69.4% | 平均 11.2s/个 | 剩余 11.5h
[03:44:01] [10041/13737] ✓ 69636 = 3.6g
[03:44:06] [10042/13737] ✓ 6965 = 5.99g
[03:44:11] [10043/13737] ✓ 69657 = 2.91g
[03:44:17] [10044/13737] ✓ 69658 = 2.89g
[03:44:22] [10045/13737] ✓ 6966 = 12.22g
[03:44:28] [10046/13737] ✓ 6967 = 5.0g
[03:44:34] [10047/13737] ✓ 6968 = 0.72g
[03:44:40] [10048/13737] ✓ 6969 = 0.4g
[03:44:45] [10049/13737] ✗ 69692a - Bricklink 上不存在该零件
[03:44:51] [10050/13737] ✗ 69692b - Bricklink 上不存在该零件
[03:44:51] 进度 10050/13737 (73.2%) | 成功 6978 失败 3072 | 成功率 69.4% | 平均 11.2s/个 | 剩余 11.4h
[03:44:58] [10051/13737] ✗ 69692c01 - Bricklink 上不存在该零件
[03:45:03] [10052/13737] ✓ 69695 = 0.15g
[03:45:09] [10053/13737] ✗ 697 - Bricklink 上不存在该零件
[03:45:14] [10054/13737] ✓ 6970 = 1.73g
[03:45:19] [10055/13737] ✓ 69714 = 12.0g
[03:45:25] [10056/13737] ✓ 69716 = 6.0g
[03:45:32] [10057/13737] ✓ 69729 = 1.35g
[03:45:39] [10058/13737] ✗ 69730 - Bricklink 上不存在该零件
[03:45:44] [10059/13737] ✓ 6974 = 8.0g
[03:45:48] [10060/13737] ✓ 6975 = 3.5g
[03:45:48] 进度 10060/13737 (73.2%) | 成功 6985 失败 3075 | 成功率 69.4% | 平均 11.1s/个 | 剩余 11.4h
[03:45:54] [10061/13737] ✓ 69754 = 0.97g
[03:46:00] [10062/13737] ✓ 69754c01 = 1.17g
[03:46:05] [10063/13737] ✓ 69755 = 0.18g
[03:46:11] [10064/13737] ✓ 69761 = 2.2g
[03:46:16] [10065/13737] ✓ 69762 = 1.2g
[03:46:21] [10066/13737] ✓ 69767 = 0.77g
[03:46:27] [10067/13737] ✓ 6977 = 0.7g
[03:46:33] [10068/13737] ✓ 69778 = 0.5g
[03:46:39] [10069/13737] ✓ 69779 = 1.3g
[03:46:43] [10070/13737] ✓ 69783 = 7.87g
[03:46:43] 进度 10070/13737 (73.3%) | 成功 6995 失败 3075 | 成功率 69.5% | 平均 11.1s/个 | 剩余 11.3h
[03:46:48] [10071/13737] ✓ 69787 = 2.6g
[03:46:53] [10072/13737] ✓ 69788 = 4.15g
[03:46:58] [10073/13737] ✓ 69789 = 1.05g
[03:47:03] [10074/13737] ✓ 69790 = 3.18g
[03:47:10] [10075/13737] ✓ 6981 = 0.26g
[03:47:15] [10076/13737] ✓ 69819 = 0.75g
[03:47:21] [10077/13737] ✓ 69857 = 0.82g
[03:47:26] [10078/13737] ✓ 69858 = 0.19g
[03:47:32] [10079/13737] ✓ 6986 = 1.22g
[03:47:38] [10080/13737] ✓ 69869c01 = 10.19g
[03:47:38] 进度 10080/13737 (73.4%) | 成功 7005 失败 3075 | 成功率 69.5% | 平均 11.1s/个 | 剩余 11.3h
[03:47:42] [10081/13737] ✓ 69869c02 = 10.19g
[03:47:48] [10082/13737] ✓ 69869c03 = 10.2g
[03:47:54] [10083/13737] ✓ 6987 = 1.34g
[03:47:59] [10084/13737] ✓ 69871 = 0.53g
[03:48:05] [10085/13737] ✓ 69897 = 4.0g
[03:48:10] [10086/13737] ✗ 699 - Bricklink 上不存在该零件
[03:48:16] [10087/13737] ✓ 69900 = 1.1g
[03:48:20] [10088/13737] ✓ 69901 = 0.6g
[03:48:25] [10089/13737] ✓ 69903 = 0.12g
[03:48:29] [10090/13737] ✓ 69906 = 1.4g
[03:48:29] 进度 10090/13737 (73.5%) | 成功 7014 失败 3076 | 成功率 69.5% | 平均 11.1s/个 | 剩余 11.3h
[03:48:35] [10091/13737] ✓ 69909 = 20.0g
[03:48:40] [10092/13737] ✓ 6991 = 1.29g
[03:48:46] [10093/13737] ✓ 69910 = 2.23g
[03:48:52] [10094/13737] ✓ 69911 = 5.0g
[03:48:57] [10095/13737] ✓ 69912 = 34.0g
[03:49:03] [10096/13737] ✓ 6992 = 1.56g
[03:49:09] [10097/13737] ✓ 6993 = 42.0g
[03:49:14] [10098/13737] ✓ 69934 = 19.4g
[03:49:21] [10099/13737] ✓ 6994 = 12.0g
[03:49:24] [10100/13737] ✓ 69945 = 0.35g
[03:49:25] 进度 10100/13737 (73.5%) | 成功 7024 失败 3076 | 成功率 69.5% | 平均 11.1s/个 | 剩余 11.2h
[03:49:30] [10101/13737] ✓ 69946 = 2.86g
[03:49:36] [10102/13737] ✓ 69947 = 0.38g
[03:49:40] [10103/13737] ✓ 69948 = 0.62g
[03:49:44] [10104/13737] ✓ 69949 = 0.37g
[03:49:50] [10105/13737] ✓ 6995 = 0.5g
[03:49:56] [10106/13737] ✗ 69953c01 - Bricklink 上不存在该零件
[03:50:03] [10107/13737] ✗ 69953c02 - Bricklink 上不存在该零件
[03:50:09] [10108/13737] ✓ 69958 = 36.65g
[03:50:14] [10109/13737] ✓ 69963 = 2.12g
[03:50:18] [10110/13737] ✓ 69964 = 0.59g
[03:50:18] 进度 10110/13737 (73.6%) | 成功 7032 失败 3078 | 成功率 69.6% | 平均 11.1s/个 | 剩余 11.2h
[03:50:23] [10111/13737] ✓ 69984 = 3.46g
[03:50:28] [10112/13737] ✓ 69c01 = 0.59g
[03:50:33] [10113/13737] ✓ 69c02 = 0.6g
[03:50:39] [10114/13737] ✓ 69c03 = 0.59g
[03:50:43] [10115/13737] ✓ 700 = 36.0g
[03:50:49] [10116/13737] ✗ 7000 - Bricklink 上不存在该零件
[03:50:55] [10117/13737] ✗ 70012 - Bricklink 上不存在该零件
[03:51:00] [10118/13737] ✓ 70022 = 3.6g
[03:51:06] [10119/13737] ✓ 70026 = 30.0g
[03:51:12] [10120/13737] ✗ 70049 - Bricklink 上不存在该零件
[03:51:12] 进度 10120/13737 (73.7%) | 成功 7039 失败 3081 | 成功率 69.6% | 平均 11.1s/个 | 剩余 11.2h
[03:51:17] [10121/13737] ✗ 700a - Bricklink 上不存在该零件
[03:51:23] [10122/13737] ✗ 700b - Bricklink 上不存在该零件
[03:51:29] [10123/13737] ✗ 700c - Bricklink 上不存在该零件
[03:51:35] [10124/13737] ✗ 700d - Bricklink 上不存在该零件
[03:51:41] [10125/13737] ✗ 7010 - Bricklink 上不存在该零件
[03:51:45] [10126/13737] ✓ 70132 = 2.39g
[03:51:52] [10127/13737] ✗ 70158 - Bricklink 上不存在该零件
[03:51:57] [10128/13737] ✓ 70163 = 11.0g
[03:52:03] [10129/13737] ✓ 70165 = 2.39g
[03:52:08] [10130/13737] ✓ 702 = 4.39g
[03:52:08] 进度 10130/13737 (73.7%) | 成功 7043 失败 3087 | 成功率 69.5% | 平均 11.1s/个 | 剩余 11.1h
[03:52:14] [10131/13737] ✓ 7026c = 1.0g
[03:52:20] [10132/13737] ✗ 70278 - Bricklink 上不存在该零件
[03:52:25] [10133/13737] ✗ 702a - Bricklink 上不存在该零件
[03:52:31] [10134/13737] ✓ 7032 = 31.0g
[03:52:36] [10135/13737] ✓ 70321 = 76.0g
[03:52:42] [10136/13737] ✗ 7033 - Bricklink 上不存在该零件
[03:52:48] [10137/13737] ✓ 7035 = 11.69g
[03:52:54] [10138/13737] ✗ 70358 - Bricklink 上不存在该零件
[03:52:59] [10139/13737] ✓ 7037 = 0.7g
[03:53:06] [10140/13737] ✗ 70376 - Bricklink 上不存在该零件
[03:53:06] 进度 10140/13737 (73.8%) | 成功 7048 失败 3092 | 成功率 69.5% | 平均 11.1s/个 | 剩余 11.1h
[03:53:12] [10141/13737] ✓ 7039 = 1.6g
[03:53:17] [10142/13737] ✓ 7039b = 1.95g
[03:53:23] [10143/13737] ✓ 7039c = 1.6g
[03:53:27] [10144/13737] ✓ 7039d = 1.6g
[03:53:33] [10145/13737] ✗ 70412 - 未在页面中找到重量数据
[03:53:37] [10146/13737] ✗ 70455 - 未在页面中找到重量数据
[03:53:43] [10147/13737] ✓ 70490 = 8.1g
[03:53:49] [10148/13737] ✓ 70495 = 11.55g
[03:53:56] [10149/13737] ✗ 70496 - Bricklink 上不存在该零件
[03:54:02] [10150/13737] ✗ 7049a - Bricklink 上不存在该零件
[03:54:02] 进度 10150/13737 (73.9%) | 成功 7054 失败 3096 | 成功率 69.5% | 平均 11.1s/个 | 剩余 11.1h
[03:54:07] [10151/13737] ✗ 7049bc01 - Bricklink 上不存在该零件
[03:54:14] [10152/13737] ✗ 7049bc02 - Bricklink 上不存在该零件
[03:54:20] [10153/13737] ✗ 7049bc03 - Bricklink 上不存在该零件
[03:54:26] [10154/13737] ✓ 7052 = 0.23g
[03:54:32] [10155/13737] ✓ 7054 = 0.87g
[03:54:37] [10156/13737] ✗ 7056 - Bricklink 上不存在该零件
[03:54:42] [10157/13737] ✓ 70592 = 0.58g
[03:54:47] [10158/13737] ✗ 70605 - Bricklink 上不存在该零件
[03:54:52] [10159/13737] ✓ 7062 = 7.15g
[03:54:58] [10160/13737] ✓ 7064 = 8.19g
[03:54:58] 进度 10160/13737 (74.0%) | 成功 7059 失败 3101 | 成功率 69.5% | 平均 11.1s/个 | 剩余 11.0h
[03:55:03] [10161/13737] ✓ 70646 = 8.0g
[03:55:07] [10162/13737] ✓ 7065 = 3.44g
[03:55:12] [10163/13737] ✓ 70675 = 2.6g
[03:55:18] [10164/13737] ✓ 70676 = 10.3g
[03:55:24] [10165/13737] ✓ 7068 = 1.52g
[03:55:31] [10166/13737] ✓ 70681 = 0.72g
[03:55:37] [10167/13737] ✓ 70682 = 7.9g
[03:55:42] [10168/13737] ✓ 70683 = 16.0g
[03:55:49] [10169/13737] ✗ 70694c01 - Bricklink 上不存在该零件
[03:55:55] [10170/13737] ✗ 70694c02 - Bricklink 上不存在该零件
[03:55:55] 进度 10170/13737 (74.0%) | 成功 7067 失败 3103 | 成功率 69.5% | 平均 11.1s/个 | 剩余 11.0h
[03:56:02] [10171/13737] ✗ 70694c03 - Bricklink 上不存在该零件
[03:56:08] [10172/13737] ✗ 70694c04 - Bricklink 上不存在该零件
[03:56:13] [10173/13737] ✓ 70695 = 14.52g
[03:56:17] [10174/13737] ✓ 70697 = 0.1g
[03:56:23] [10175/13737] ✗ 70720 - Bricklink 上不存在该零件
[03:56:29] [10176/13737] ✗ 70720c01 - Bricklink 上不存在该零件
[03:56:34] [10177/13737] ✗ 70746 - Bricklink 上不存在该零件
[03:56:40] [10178/13737] ✓ 7077 = 0.9g
[03:56:46] [10179/13737] ✓ 7078 = 0.45g
[03:56:51] [10180/13737] ✓ 7081 = 18.0g
[03:56:51] 进度 10180/13737 (74.1%) | 成功 7072 失败 3108 | 成功率 69.5% | 平均 11.1s/个 | 剩余 10.9h
[03:56:56] [10181/13737] ✓ 70880 = 2.4g
[03:57:01] [10182/13737] ✓ 709 = 4.1g
[03:57:07] [10183/13737] ✓ 70922 = 0.66g
[03:57:12] [10184/13737] ✓ 70928 = 328.0g
[03:57:19] [10185/13737] ✗ 70928b - Bricklink 上不存在该零件
[03:57:25] [10186/13737] ✓ 70930 = 312.0g
[03:57:30] [10187/13737] ✓ 70931 = 336.0g
[03:57:35] [10188/13737] ✓ 70942 = 0.42g
[03:57:41] [10189/13737] ✗ 70943c01 - Bricklink 上不存在该零件
[03:57:48] [10190/13737] ✗ 70943c02 - Bricklink 上不存在该零件
[03:57:48] 进度 10190/13737 (74.2%) | 成功 7079 失败 3111 | 成功率 69.5% | 平均 11.1s/个 | 剩余 10.9h
[03:57:55] [10191/13737] ✗ 70946c01 - Bricklink 上不存在该零件
[03:57:59] [10192/13737] ✓ 7095 = 3.8g
[03:58:05] [10193/13737] ✓ 70954 = 0.8g
[03:58:11] [10194/13737] ✓ 7096 = 1.55g
[03:58:16] [10195/13737] ✓ 70961 = 1.54g
[03:58:21] [10196/13737] ✓ 70962 = 2.0g
[03:58:26] [10197/13737] ✓ 70967 = 0.31g
[03:58:31] [10198/13737] ✓ 70997 = 2.05g
[03:58:37] [10199/13737] ✓ 710 = 12.5g
[03:58:44] [10200/13737] ✓ 7101 = 1.63g
[03:58:44] 进度 10200/13737 (74.3%) | 成功 7088 失败 3112 | 成功率 69.5% | 平均 11.1s/个 | 剩余 10.9h
[03:58:50] [10201/13737] ✓ 71015 = 0.95g
[03:58:57] [10202/13737] ✗ 7102 - Bricklink 上不存在该零件
[03:59:03] [10203/13737] ✓ 7103 = 1.72g
[03:59:07] [10204/13737] ✓ 7105 = 1.52g
[03:59:13] [10205/13737] ✗ 71059 - Bricklink 上不存在该零件
[03:59:18] [10206/13737] ✓ 71060 = 0.85g
[03:59:25] [10207/13737] ✗ 71060a - Bricklink 上不存在该零件
[03:59:29] [10208/13737] ✓ 71073 = 0.88g
[03:59:36] [10209/13737] ✓ 71075 = 0.5g
[03:59:41] [10210/13737] ✓ 71076 = 0.35g
[03:59:41] 进度 10210/13737 (74.3%) | 成功 7095 失败 3115 | 成功率 69.5% | 平均 11.1s/个 | 剩余 10.8h
[03:59:47] [10211/13737] ✗ 71082 - Bricklink 上不存在该零件
[03:59:54] [10212/13737] ✗ 71084 - Bricklink 上不存在该零件
[04:00:01] [10213/13737] ✗ 71093 - Bricklink 上不存在该零件
[04:00:07] [10214/13737] ✗ 71094 - Bricklink 上不存在该零件
[04:00:13] [10215/13737] ✓ 711 = 4.2g
[04:00:17] [10216/13737] ✓ 71100 = 3.65g
[04:00:24] [10217/13737] ✗ 71128 - Bricklink 上不存在该零件
[04:00:29] [10218/13737] ✗ 71137 - Bricklink 上不存在该零件
[04:00:35] [10219/13737] ✓ 71140 = 293.0g
[04:00:42] [10220/13737] ✗ 71151 - Bricklink 上不存在该零件
[04:00:42] 进度 10220/13737 (74.4%) | 成功 7098 失败 3122 | 成功率 69.5% | 平均 11.1s/个 | 剩余 10.8h
[04:00:46] [10221/13737] ✓ 71155 = 1.57g
[04:00:52] [10222/13737] ✗ 71156 - Bricklink 上不存在该零件
[04:00:57] [10223/13737] ✓ 71182 = 0.33g
[04:01:04] [10224/13737] ✗ 71183 - Bricklink 上不存在该零件
[04:01:09] [10225/13737] ✓ 71184 = 0.38g
[04:01:15] [10226/13737] ✓ 71186 = 0.6g
[04:01:22] [10227/13737] ✗ 71189 - Bricklink 上不存在该零件
[04:01:27] [10228/13737] ✓ 71190 = 4.83g
[04:01:34] [10229/13737] ✓ 71191 = 1.43g
[04:01:39] [10230/13737] ✓ 712 = 4.25g
[04:01:39] 进度 10230/13737 (74.5%) | 成功 7105 失败 3125 | 成功率 69.5% | 平均 11.1s/个 | 剩余 10.8h
[04:01:45] [10231/13737] ✓ 71229 = 1.23g
[04:01:50] [10232/13737] ✓ 71232 = 2.0g
[04:01:55] [10233/13737] ✓ 71242 = 1.96g
[04:02:01] [10234/13737] ✓ 71247 = 3.9g
[04:02:05] [10235/13737] ✓ 71249 = 1.5g
[04:02:10] [10236/13737] ✓ 71250 = 1.91g
[04:02:15] [10237/13737] ✓ 71251 = 1.43g
[04:02:20] [10238/13737] ✓ 71253 = 7.27g
[04:02:26] [10239/13737] ✓ 71256 = 2.64g
[04:02:32] [10240/13737] ✓ 71257 = 1.2g
[04:02:32] 进度 10240/13737 (74.5%) | 成功 7115 失败 3125 | 成功率 69.5% | 平均 11.0s/个 | 剩余 10.7h
[04:02:38] [10241/13737] ✓ 7126 = 0.39g
[04:02:42] [10242/13737] ✓ 71260 = 4.24g
[04:02:47] [10243/13737] ✓ 71263 = 7.22g
[04:02:52] [10244/13737] ✓ 71265 = 0.3g
[04:02:58] [10245/13737] ✓ 71268 = 0.83g
[04:03:04] [10246/13737] ✓ 71271 = 7.47g
[04:03:09] [10247/13737] ✓ 71273 = 1.91g
[04:03:15] [10248/13737] ✓ 71279 = 0.9g
[04:03:20] [10249/13737] ✓ 71294 = 540.0g
[04:03:26] [10250/13737] ✓ 71294b = 570.0g
[04:03:26] 进度 10250/13737 (74.6%) | 成功 7125 失败 3125 | 成功率 69.5% | 平均 11.0s/个 | 剩余 10.7h
[04:03:32] [10251/13737] ✗ 712a - Bricklink 上不存在该零件
[04:03:37] [10252/13737] ✗ 712b - Bricklink 上不存在该零件
[04:03:42] [10253/13737] ✓ 713 = 4.25g
[04:03:48] [10254/13737] ✓ 71306 = 2.23g
[04:03:53] [10255/13737] ✓ 71308 = 1.33g
[04:03:58] [10256/13737] ✓ 7131 = 2.47g
[04:04:03] [10257/13737] ✓ 7133 = 0.77g
[04:04:09] [10258/13737] ✓ 7134 = 0.63g
[04:04:15] [10259/13737] ✓ 71341 = 1.72g
[04:04:22] [10260/13737] ✗ 71342 - Bricklink 上不存在该零件
[04:04:23] 进度 10260/13737 (74.7%) | 成功 7132 失败 3128 | 成功率 69.5% | 平均 11.0s/个 | 剩余 10.7h
[04:04:27] [10261/13737] ✓ 71347 = 7.0g
[04:04:32] [10262/13737] ✓ 71348 = 0.16g
[04:04:37] [10263/13737] ✓ 71370c01 = 178.0g
[04:04:42] [10264/13737] ✗ 71371 - Bricklink 上不存在该零件
[04:04:48] [10265/13737] ✗ 71372 - Bricklink 上不存在该零件
[04:04:55] [10266/13737] ✗ 713a - Bricklink 上不存在该零件
[04:05:01] [10267/13737] ✗ 713b - Bricklink 上不存在该零件
[04:05:06] [10268/13737] ✓ 71402 = 110.0g
[04:05:11] [10269/13737] ✓ 71418 = 1.46g
[04:05:18] [10270/13737] ✓ 71427c01 = 41.27g
[04:05:18] 进度 10270/13737 (74.8%) | 成功 7138 失败 3132 | 成功率 69.5% | 平均 11.0s/个 | 剩余 10.6h
[04:05:26] [10271/13737] ✗ 71431 - Bricklink 上不存在该零件
[04:05:31] [10272/13737] ✓ 71476 = 4.0g
[04:05:37] [10273/13737] ✗ 71479 - Bricklink 上不存在该零件
[04:05:43] [10274/13737] ✗ 71481 - Bricklink 上不存在该零件
[04:05:50] [10275/13737] ✗ 71484 - Bricklink 上不存在该零件
[04:05:56] [10276/13737] ✗ 71490c01 - Bricklink 上不存在该零件
[04:06:02] [10277/13737] ✗ 71490c02 - Bricklink 上不存在该零件
[04:06:07] [10278/13737] ✓ 715 = 4.52g
[04:06:13] [10279/13737] ✗ 71509 - Bricklink 上不存在该零件
[04:06:20] [10280/13737] ✗ 71527 - Bricklink 上不存在该零件
[04:06:20] 进度 10280/13737 (74.8%) | 成功 7140 失败 3140 | 成功率 69.5% | 平均 11.0s/个 | 剩余 10.6h
[04:06:26] [10281/13737] ✗ 71594c01 - Bricklink 上不存在该零件
[04:06:31] [10282/13737] ✓ 715a = 4.2g
[04:06:37] [10283/13737] ✗ 716 - Bricklink 上不存在该零件
[04:06:44] [10284/13737] ✗ 71603 - Bricklink 上不存在该零件
[04:06:49] [10285/13737] ✓ 71610 = 89.2g
[04:06:55] [10286/13737] ✗ 71646c01 - Bricklink 上不存在该零件
[04:07:01] [10287/13737] ✓ 71648 = 1.46g
[04:07:08] [10288/13737] ✗ 71650 - Bricklink 上不存在该零件
[04:07:13] [10289/13737] ✓ 71663 = 1.03g
[04:07:18] [10290/13737] ✓ 71664 = 1.46g
[04:07:18] 进度 10290/13737 (74.9%) | 成功 7145 失败 3145 | 成功率 69.4% | 平均 11.0s/个 | 剩余 10.6h
[04:07:24] [10291/13737] ✓ 71666 = 0.6g
[04:07:29] [10292/13737] ✓ 71670 = 0.18g
[04:07:34] [10293/13737] ✓ 71675 = 0.3g
[04:07:39] [10294/13737] ✓ 71676 = 0.8g
[04:07:44] [10295/13737] ✓ 71677 = 0.79g
[04:07:50] [10296/13737] ✓ 71682 = 1.0g
[04:07:56] [10297/13737] ✓ 71689 = 4.1g
[04:08:02] [10298/13737] ✓ 71708 = 1.2g
[04:08:07] [10299/13737] ✓ 71709 = 4.19g
[04:08:13] [10300/13737] ✓ 71710 = 3.86g
[04:08:13] 进度 10300/13737 (75.0%) | 成功 7155 失败 3145 | 成功率 69.5% | 平均 11.0s/个 | 剩余 10.5h
[04:08:18] [10301/13737] ✓ 71716 = 0.78g
[04:08:22] [10302/13737] ✓ 71720 = 22.5g
[04:08:26] [10303/13737] ✓ 71721 = 42.6g
[04:08:31] [10304/13737] ✓ 71722 = 86.8g
[04:08:36] [10305/13737] ✓ 71727 = 60.0g
[04:08:41] [10306/13737] ✗ 71731 - Bricklink 上不存在该零件
[04:08:48] [10307/13737] ✗ 71735 - Bricklink 上不存在该零件
[04:08:54] [10308/13737] ✓ 71740 = 24.68g
[04:09:00] [10309/13737] ✓ 71752 = 0.85g
[04:09:05] [10310/13737] ✓ 71757 = 0.78g
[04:09:05] 进度 10310/13737 (75.1%) | 成功 7163 失败 3147 | 成功率 69.5% | 平均 11.0s/个 | 剩余 10.5h
[04:09:11] [10311/13737] ✓ 71762 = 0.41g
[04:09:16] [10312/13737] ✓ 71763 = 1.0g
[04:09:22] [10313/13737] ✓ 71764 = 2.67g
[04:09:26] [10314/13737] ✓ 71766 = 3.23g
[04:09:34] [10315/13737] ✗ 71768 - Bricklink 上不存在该零件
[04:09:39] [10316/13737] ✓ 71769 = 2.0g
[04:09:45] [10317/13737] ✓ 71770 = 0.61g
[04:09:50] [10318/13737] ✓ 71771 = 5.0g
[04:09:56] [10319/13737] ✓ 71772 = 19.11g
[04:10:01] [10320/13737] ✓ 7178 = 3.04g
[04:10:01] 进度 10320/13737 (75.1%) | 成功 7172 失败 3148 | 成功率 69.5% | 平均 11.0s/个 | 剩余 10.4h
[04:10:06] [10321/13737] ✓ 71793 = 93.0g
[04:10:12] [10322/13737] ✓ 71797 = 237.0g
[04:10:19] [10323/13737] ✗ 71803 - 未在页面中找到重量数据
[04:10:26] [10324/13737] ✗ 71831 - Bricklink 上不存在该零件
[04:10:32] [10325/13737] ✗ 71831c52 - Bricklink 上不存在该零件
[04:10:38] [10326/13737] ✗ 71831c82 - Bricklink 上不存在该零件
[04:10:43] [10327/13737] ✓ 71840 = 0.1g
[04:10:48] [10328/13737] ✓ 71841 = 0.17g
[04:10:55] [10329/13737] ✗ 71845 - Bricklink 上不存在该零件
[04:10:59] [10330/13737] ✓ 71846 = 80.3g
[04:10:59] 进度 10330/13737 (75.2%) | 成功 7177 失败 3153 | 成功率 69.5% | 平均 11.0s/个 | 剩余 10.4h
[04:11:04] [10331/13737] ✓ 7185 = 0.24g
[04:11:10] [10332/13737] ✗ 71853 - Bricklink 上不存在该零件
[04:11:15] [10333/13737] ✗ 71861 - Bricklink 上不存在该零件
[04:11:22] [10334/13737] ✗ 71865 - Bricklink 上不存在该零件
[04:11:28] [10335/13737] ✗ 7188 - Bricklink 上不存在该零件
[04:11:35] [10336/13737] ✗ 71882 - Bricklink 上不存在该零件
[04:11:39] [10337/13737] ✗ 71934 - 未在页面中找到重量数据
[04:11:45] [10338/13737] ✗ 71940 - Bricklink 上不存在该零件
[04:11:50] [10339/13737] ✓ 7195 = 0.7g
[04:11:56] [10340/13737] ✓ 71958 = 56.0g
[04:11:56] 进度 10340/13737 (75.3%) | 成功 7180 失败 3160 | 成功率 69.4% | 平均 11.0s/个 | 剩余 10.4h
[04:12:01] [10341/13737] ✓ 71958c01 = 89.0g
[04:12:07] [10342/13737] ✓ 7196 = 0.32g
[04:12:13] [10343/13737] ✗ 71962 - Bricklink 上不存在该零件
[04:12:18] [10344/13737] ✓ 71965 = 7.37g
[04:12:24] [10345/13737] ✓ 71966 = 1.59g
[04:12:30] [10346/13737] ✓ 71972 = 6.0g
[04:12:35] [10347/13737] ✗ 71978c01 - Bricklink 上不存在该零件
[04:12:41] [10348/13737] ✗ 71980c01 - Bricklink 上不存在该零件
[04:12:47] [10349/13737] ✗ 71981 - Bricklink 上不存在该零件
[04:12:52] [10350/13737] ✓ 7199 = 0.08g
[04:12:52] 进度 10350/13737 (75.3%) | 成功 7186 失败 3164 | 成功率 69.4% | 平均 11.0s/个 | 剩余 10.3h
[04:12:57] [10351/13737] ✓ 72008 = 0.79g
[04:13:03] [10352/13737] ✓ 7201 = 0.6g
[04:13:09] [10353/13737] ✓ 7202 = 3.27g
[04:13:14] [10354/13737] ✓ 72024 = 11.4g
[04:13:20] [10355/13737] ✗ 72040 - Bricklink 上不存在该零件
[04:13:26] [10356/13737] ✓ 72045 = 24.84g
[04:13:32] [10357/13737] ✗ 72048 - Bricklink 上不存在该零件
[04:13:38] [10358/13737] ✓ 7205 = 0.84g
[04:13:44] [10359/13737] ✗ 72058 - Bricklink 上不存在该零件
[04:13:49] [10360/13737] ✗ 72058c01 - Bricklink 上不存在该零件
[04:13:49] 进度 10360/13737 (75.4%) | 成功 7192 失败 3168 | 成功率 69.4% | 平均 11.0s/个 | 剩余 10.3h
[04:13:56] [10361/13737] ✓ 7206 = 0.84g
[04:14:01] [10362/13737] ✓ 72064 = 6.0g
[04:14:06] [10363/13737] ✓ 72065 = 4.0g
[04:14:11] [10364/13737] ✓ 7207 = 1.83g
[04:14:16] [10365/13737] ✓ 72071 = 2.26g
[04:14:22] [10366/13737] ✓ 72073 = 4.18g
[04:14:28] [10367/13737] ✓ 72075 = 1.3g
[04:14:32] [10368/13737] ✓ 72092 = 4.11g
[04:14:37] [10369/13737] ✓ 721 = 14.33g
[04:14:43] [10370/13737] ✓ 72102 = 1.47g
[04:14:43] 进度 10370/13737 (75.5%) | 成功 7202 失败 3168 | 成功率 69.5% | 平均 11.0s/个 | 剩余 10.3h
[04:14:47] [10371/13737] ✓ 72104 = 4.91g
[04:14:54] [10372/13737] ✗ 72105 - Bricklink 上不存在该零件
[04:14:58] [10373/13737] ✓ 7211 = 1.4g
[04:15:04] [10374/13737] ✓ 72110 = 229.0g
[04:15:10] [10375/13737] ✗ 72111c01 - 未在页面中找到重量数据
[04:15:16] [10376/13737] ✓ 72113c01 = 93.0g
[04:15:22] [10377/13737] ✓ 7212 = 2.95g
[04:15:28] [10378/13737] ✗ 72124 - Bricklink 上不存在该零件
[04:15:34] [10379/13737] ✗ 72132 - Bricklink 上不存在该零件
[04:15:40] [10380/13737] ✓ 72134 = 10.4g
[04:15:40] 进度 10380/13737 (75.6%) | 成功 7208 失败 3172 | 成功率 69.4% | 平均 11.0s/个 | 剩余 10.2h
[04:15:46] [10381/13737] ✓ 72156 = 26.7g
[04:15:51] [10382/13737] ✓ 7217 = 2.0g
[04:15:56] [10383/13737] ✓ 7218 = 0.06g
[04:16:01] [10384/13737] ✓ 7219 = 29.0g
[04:16:07] [10385/13737] ✓ 722 = 0.68g
[04:16:13] [10386/13737] ✓ 7220 = 2.23g
[04:16:19] [10387/13737] ✗ 72201 - Bricklink 上不存在该零件
[04:16:25] [10388/13737] ✗ 72206 - Bricklink 上不存在该零件
[04:16:30] [10389/13737] ✓ 7221 = 0.61g
[04:16:36] [10390/13737] ✓ 72210 = 2.18g
[04:16:36] 进度 10390/13737 (75.6%) | 成功 7216 失败 3174 | 成功率 69.5% | 平均 11.0s/个 | 剩余 10.2h
[04:16:41] [10391/13737] ✓ 72210a = 0.25g
[04:16:46] [10392/13737] ✓ 72210b = 0.27g
[04:16:50] [10393/13737] ✓ 7222 = 0.6g
[04:16:56] [10394/13737] ✓ 7229 = 0.69g
[04:17:00] [10395/13737] ✓ 723 = 1.75g
[04:17:06] [10396/13737] ✓ 7230 = 6.22g
[04:17:11] [10397/13737] ✓ 72306 = 1.7g
[04:17:16] [10398/13737] ✓ 72326 = 1.8g
[04:17:21] [10399/13737] ✓ 72329 = 1.1g
[04:17:26] [10400/13737] ✓ 7234 = 0.5g
[04:17:26] 进度 10400/13737 (75.7%) | 成功 7226 失败 3174 | 成功率 69.5% | 平均 11.0s/个 | 剩余 10.2h
[04:17:31] [10401/13737] ✓ 7236 = 3.47g
[04:17:36] [10402/13737] ✓ 72362 = 5.24g
[04:17:40] [10403/13737] ✓ 723a = 0.5g
[04:17:46] [10404/13737] ✓ 7241 = 2.0g
[04:17:51] [10405/13737] ✗ 72418 - Bricklink 上不存在该零件
[04:17:56] [10406/13737] ✓ 7244 = 0.55g
[04:18:02] [10407/13737] ✓ 7245 = 11.33g
[04:18:07] [10408/13737] ✓ 72454 = 3.38g
[04:18:13] [10409/13737] ✗ 72465 - Bricklink 上不存在该零件
[04:18:19] [10410/13737] ✓ 72475 = 5.85g
[04:18:19] 进度 10410/13737 (75.8%) | 成功 7234 失败 3176 | 成功率 69.5% | 平均 11.0s/个 | 剩余 10.1h
[04:18:24] [10411/13737] ✓ 7249 = 4.53g
[04:18:29] [10412/13737] ✓ 72490c01 = 123.0g
[04:18:34] [10413/13737] ✓ 7251 = 0.98g
[04:18:39] [10414/13737] ✓ 72515 = 1.13g
[04:18:46] [10415/13737] ✗ 72534 - Bricklink 上不存在该零件
[04:18:51] [10416/13737] ✓ 72538 = 537.4g
[04:18:56] [10417/13737] ✓ 7256 = 3.33g
[04:19:00] [10418/13737] ✓ 72562 = 2.0g
[04:19:05] [10419/13737] ✓ 72563 = 2.03g
[04:19:10] [10420/13737] ✓ 72564 = 1.0g
[04:19:10] 进度 10420/13737 (75.9%) | 成功 7243 失败 3177 | 成功率 69.5% | 平均 11.0s/个 | 剩余 10.1h
[04:19:15] [10421/13737] ✓ 72565 = 5.9g
[04:19:20] [10422/13737] ✓ 72567 = 0.94g
[04:19:25] [10423/13737] ✓ 72569 = 1.95g
[04:19:32] [10424/13737] ✗ 72581 - Bricklink 上不存在该零件
[04:19:38] [10425/13737] ✗ 72601 - Bricklink 上不存在该零件
[04:19:44] [10426/13737] ✗ 7260ledc01 - Bricklink 上不存在该零件
[04:19:50] [10427/13737] ✓ 7261 = 1.19g
[04:19:57] [10428/13737] ✗ 72635c01 - Bricklink 上不存在该零件
[04:20:01] [10429/13737] ✓ 7264 = 0.34g
[04:20:07] [10430/13737] ✗ 72642 - Bricklink 上不存在该零件
[04:20:07] 进度 10430/13737 (75.9%) | 成功 7248 失败 3182 | 成功率 69.5% | 平均 10.9s/个 | 剩余 10.1h
[04:20:13] [10431/13737] ✓ 72665 = 2.5g
[04:20:18] [10432/13737] ✗ 72728 - Bricklink 上不存在该零件
[04:20:24] [10433/13737] ✓ 7274 = 6.87g
[04:20:29] [10434/13737] ✓ 7276 = 0.73g
[04:20:35] [10435/13737] ✓ 728 = 13.17g
[04:20:42] [10436/13737] ✗ 72824 - Bricklink 上不存在该零件
[04:20:47] [10437/13737] ✓ 72826 = 3.33g
[04:20:52] [10438/13737] ✓ 72835 = 1.0g
[04:20:57] [10439/13737] ✓ 72869 = 0.46g
[04:21:03] [10440/13737] ✗ 72881 - Bricklink 上不存在该零件
[04:21:04] 进度 10440/13737 (76.0%) | 成功 7255 失败 3185 | 成功率 69.5% | 平均 10.9s/个 | 剩余 10.0h
[04:21:09] [10441/13737] ✗ 72882 - Bricklink 上不存在该零件
[04:21:15] [10442/13737] ✗ 72892 - Bricklink 上不存在该零件
[04:21:19] [10443/13737] ✓ 729 = 22.49g
[04:21:23] [10444/13737] ✓ 72944 = 1.49g
[04:21:28] [10445/13737] ✓ 72945 = 1.93g
[04:21:35] [10446/13737] ✗ 72946 - Bricklink 上不存在该零件
[04:21:40] [10447/13737] ✗ 72949 - 未在页面中找到重量数据
[04:21:45] [10448/13737] ✓ 72950 = 0.62g
[04:21:51] [10449/13737] ✗ 72965 - Bricklink 上不存在该零件
[04:21:58] [10450/13737] ✗ 73002 - Bricklink 上不存在该零件
[04:21:58] 进度 10450/13737 (76.1%) | 成功 7259 失败 3191 | 成功率 69.5% | 平均 10.9s/个 | 剩余 10.0h
[04:22:03] [10451/13737] ✓ 7301 = 4.13g
[04:22:09] [10452/13737] ✓ 7302 = 0.46g
[04:22:16] [10453/13737] ✓ 73037 = 5.16g
[04:22:21] [10454/13737] ✓ 73037c01 = 6.9g
[04:22:26] [10455/13737] ✓ 73037c02 = 5.76g
[04:22:33] [10456/13737] ✓ 7307 = 0.71g
[04:22:38] [10457/13737] ✓ 73071 = 1.9g
[04:22:44] [10458/13737] ✓ 7309 = 0.35g
[04:22:50] [10459/13737] ✓ 73090a = 55.65g
[04:22:55] [10460/13737] ✓ 73090b = 53.3g
[04:22:55] 进度 10460/13737 (76.1%) | 成功 7269 失败 3191 | 成功率 69.5% | 平均 10.9s/个 | 剩余 10.0h
[04:23:00] [10461/13737] ✓ 73092 = 3.03g
[04:23:06] [10462/13737] ✗ 73095 - Bricklink 上不存在该零件
[04:23:12] [10463/13737] ✗ 73099 - Bricklink 上不存在该零件
[04:23:17] [10464/13737] ✓ 7310 = 0.29g
[04:23:22] [10465/13737] ✓ 73109 = 0.9g
[04:23:27] [10466/13737] ✓ 7311 = 1.6g
[04:23:32] [10467/13737] ✓ 73110 = 5.69g
[04:23:38] [10468/13737] ✓ 73111 = 3.0g
[04:23:43] [10469/13737] ✓ 73112 = 13.3g
[04:23:49] [10470/13737] ✓ 73116 = 0.95g
[04:23:49] 进度 10470/13737 (76.2%) | 成功 7277 失败 3193 | 成功率 69.5% | 平均 10.9s/个 | 剩余 9.9h
[04:23:55] [10471/13737] ✓ 73117 = 0.56g
[04:23:59] [10472/13737] ✓ 7312 = 0.79g
[04:24:06] [10473/13737] ✗ 73129 - Bricklink 上不存在该零件
[04:24:11] [10474/13737] ✓ 7313 = 0.03g
[04:24:17] [10475/13737] ✗ 73194c01 - Bricklink 上不存在该零件
[04:24:24] [10476/13737] ✗ 73194c02 - Bricklink 上不存在该零件
[04:24:31] [10477/13737] ✗ 73194c03 - Bricklink 上不存在该零件
[04:24:37] [10478/13737] ✗ 73194c04 - Bricklink 上不存在该零件
[04:24:42] [10479/13737] ✓ 73213 = 1.59g
[04:24:47] [10480/13737] ✓ 7323 = 5.7g
[04:24:47] 进度 10480/13737 (76.3%) | 成功 7282 失败 3198 | 成功率 69.5% | 平均 10.9s/个 | 剩余 9.9h
[04:24:53] [10481/13737] ✓ 73230 = 0.2g
[04:24:59] [10482/13737] ✓ 73231 = 0.42g
[04:25:04] [10483/13737] ✓ 7324 = 0.76g
[04:25:09] [10484/13737] ✓ 73241 = 8.0g
[04:25:15] [10485/13737] ✓ 73272 = 1.37g
[04:25:21] [10486/13737] ✓ 7329 = 0.81g
[04:25:26] [10487/13737] ✓ 733 = 16.6g
[04:25:31] [10488/13737] ✓ 73304 = 2.01g
[04:25:37] [10489/13737] ✗ 73312 - Bricklink 上不存在该零件
[04:25:44] [10490/13737] ✗ 73313 - Bricklink 上不存在该零件
[04:25:44] 进度 10490/13737 (76.4%) | 成功 7290 失败 3200 | 成功率 69.5% | 平均 10.9s/个 | 剩余 9.8h
[04:25:50] [10491/13737] ✗ 73352 - Bricklink 上不存在该零件
[04:25:56] [10492/13737] ✗ 73389 - Bricklink 上不存在该零件
[04:26:03] [10493/13737] ✗ 73398 - Bricklink 上不存在该零件
[04:26:08] [10494/13737] ✓ 733ex = 18.0g
[04:26:15] [10495/13737] ✓ 7343 = 3.67g
[04:26:21] [10496/13737] ✓ 7344 = 12.95g
[04:26:25] [10497/13737] ✓ 7345 = 14.14g
[04:26:30] [10498/13737] ✓ 7348 = 1.66g
[04:26:35] [10499/13737] ✓ 735 = 3.0g
[04:26:41] [10500/13737] ✓ 73507 = 2.8g
[04:26:41] 进度 10500/13737 (76.4%) | 成功 7297 失败 3203 | 成功率 69.5% | 平均 10.9s/个 | 剩余 9.8h
[04:26:45] [10501/13737] ✓ 73527 = 0.06g
[04:26:50] [10502/13737] ✓ 7353 = 1.39g
[04:26:55] [10503/13737] ✓ 73538 = 98.0g
[04:27:00] [10504/13737] ✓ 7353a = 0.2g
[04:27:06] [10505/13737] ✓ 7353b = 0.11g
[04:27:12] [10506/13737] ✓ 7353c = 0.13g
[04:27:17] [10507/13737] ✓ 7353d = 0.12g
[04:27:23] [10508/13737] ✓ 7353e = 0.08g
[04:27:29] [10509/13737] ✓ 7353f = 0.27g
[04:27:34] [10510/13737] ✓ 7353g = 0.12g
[04:27:34] 进度 10510/13737 (76.5%) | 成功 7307 失败 3203 | 成功率 69.5% | 平均 10.9s/个 | 剩余 9.8h
[04:27:40] [10511/13737] ✓ 7353h = 0.12g
[04:27:44] [10512/13737] ✓ 73540 = 39.0g
[04:27:51] [10513/13737] ✗ 73549 - Bricklink 上不存在该零件
[04:27:57] [10514/13737] ✓ 73550 = 66.0g
[04:28:02] [10515/13737] ✓ 73552 = 64.0g
[04:28:06] [10516/13737] ✓ 73556 = 8.0g
[04:28:12] [10517/13737] ✓ 73562 = 1.56g
[04:28:18] [10518/13737] ✗ 73564 - Bricklink 上不存在该零件
[04:28:23] [10519/13737] ✓ 73568 = 18.1g
[04:28:30] [10520/13737] ✗ 73572c01 - Bricklink 上不存在该零件
[04:28:30] 进度 10520/13737 (76.6%) | 成功 7314 失败 3206 | 成功率 69.5% | 平均 10.9s/个 | 剩余 9.7h
[04:28:37] [10521/13737] ✗ 73572c02 - Bricklink 上不存在该零件
[04:28:42] [10522/13737] ✗ 73572c03 - Bricklink 上不存在该零件
[04:28:48] [10523/13737] ✗ 73572c04 - Bricklink 上不存在该零件
[04:28:53] [10524/13737] ✗ 73572c05 - Bricklink 上不存在该零件
[04:29:00] [10525/13737] ✗ 73572c06 - Bricklink 上不存在该零件
[04:29:05] [10526/13737] ✓ 73590c01a = 0.65g
[04:29:10] [10527/13737] ✓ 73590c01b = 0.65g
[04:29:15] [10528/13737] ✓ 73590c02a = 0.6g
[04:29:21] [10529/13737] ✓ 73590c02b = 0.75g
[04:29:26] [10530/13737] ✓ 73590c02c = 0.65g
[04:29:26] 进度 10530/13737 (76.7%) | 成功 7319 失败 3211 | 成功率 69.5% | 平均 10.9s/个 | 剩余 9.7h
[04:29:31] [10531/13737] ✓ 73590c03a = 0.76g
[04:29:35] [10532/13737] ✓ 73590c03b = 0.76g
[04:29:41] [10533/13737] ✓ 73642 = 25.0g
[04:29:45] [10534/13737] ✓ 7368 = 0.55g
[04:29:51] [10535/13737] ✓ 73681 = 0.77g
[04:29:57] [10536/13737] ✓ 73682 = 1.52g
[04:30:03] [10537/13737] ✓ 7369 = 0.69g
[04:30:08] [10538/13737] ✓ 73696 = 74.5g
[04:30:14] [10539/13737] ✓ 73697 = 73.2g
[04:30:19] [10540/13737] ✓ 736c02 = 33.0g
[04:30:19] 进度 10540/13737 (76.7%) | 成功 7329 失败 3211 | 成功率 69.5% | 平均 10.9s/个 | 剩余 9.7h
[04:30:24] [10541/13737] ✓ 737 = 1.34g
[04:30:30] [10542/13737] ✓ 7370 = 0.89g
[04:30:35] [10543/13737] ✓ 7372 = 0.6g
[04:30:40] [10544/13737] ✓ 7373 = 0.33g
[04:30:46] [10545/13737] ✓ 7374 = 0.42g
[04:30:51] [10546/13737] ✓ 7375 = 0.15g
[04:30:57] [10547/13737] ✓ 73763 = 2.55g
[04:31:02] [10548/13737] ✓ 73764 = 1.75g
[04:31:08] [10549/13737] ✓ 73766 = 4.12g
[04:31:13] [10550/13737] ✓ 73766a = 0.28g
[04:31:13] 进度 10550/13737 (76.8%) | 成功 7339 失败 3211 | 成功率 69.6% | 平均 10.9s/个 | 剩余 9.6h
[04:31:18] [10551/13737] ✓ 73766b = 0.6g
[04:31:23] [10552/13737] ✓ 73766c = 0.5g
[04:31:28] [10553/13737] ✓ 73766d = 0.4g
[04:31:34] [10554/13737] ✓ 73767 = 0.78g
[04:31:40] [10555/13737] ✓ 737ac01 = 4.55g
[04:31:46] [10556/13737] ✓ 737ac02 = 4.55g
[04:31:52] [10557/13737] ✓ 737b = 1.2g
[04:31:57] [10558/13737] ✓ 737bc01 = 2.16g
[04:32:02] [10559/13737] ✓ 737c01 = 2.22g
[04:32:08] [10560/13737] ✓ 73825 = 0.39g
[04:32:08] 进度 10560/13737 (76.9%) | 成功 7349 失败 3211 | 成功率 69.6% | 平均 10.9s/个 | 剩余 9.6h
[04:32:13] [10561/13737] ✓ 73828 = 0.71g
[04:32:19] [10562/13737] ✓ 73831 = 0.82g
[04:32:25] [10563/13737] ✓ 73832 = 4.52g
[04:32:31] [10564/13737] ✓ 73878 = 1.6g
[04:32:36] [10565/13737] ✗ 7389 - Bricklink 上不存在该零件
[04:32:42] [10566/13737] ✗ 739 - Bricklink 上不存在该零件
[04:32:48] [10567/13737] ✗ 73983 - Bricklink 上不存在该零件
[04:32:53] [10568/13737] ✗ 73983c01 - Bricklink 上不存在该零件
[04:33:00] [10569/13737] ✗ 73983c02 - Bricklink 上不存在该零件
[04:33:06] [10570/13737] ✓ 740 = 1540.0g
[04:33:06] 进度 10570/13737 (76.9%) | 成功 7354 失败 3216 | 成功率 69.6% | 平均 10.9s/个 | 剩余 9.6h
[04:33:11] [10571/13737] ✗ 7403 - Bricklink 上不存在该零件
[04:33:16] [10572/13737] ✓ 741 = 2.98g
[04:33:22] [10573/13737] ✓ 74163 = 17.61g
[04:33:28] [10574/13737] ✗ 74164 - Bricklink 上不存在该零件
[04:33:34] [10575/13737] ✓ 74166 = 22.27g
[04:33:39] [10576/13737] ✓ 74169 = 0.96g
[04:33:44] [10577/13737] ✓ 742 = 5.46g
[04:33:51] [10578/13737] ✗ 74201c01 - Bricklink 上不存在该零件
[04:33:56] [10579/13737] ✗ 74201c02 - Bricklink 上不存在该零件
[04:34:01] [10580/13737] ✓ 7421 = 1.28g
[04:34:02] 进度 10580/13737 (77.0%) | 成功 7360 失败 3220 | 成功率 69.6% | 平均 10.9s/个 | 剩余 9.5h
[04:34:07] [10581/13737] ✗ 74214 - Bricklink 上不存在该零件
[04:34:14] [10582/13737] ✗ 7425 - Bricklink 上不存在该零件
[04:34:20] [10583/13737] ✓ 7426 = 4.67g
[04:34:26] [10584/13737] ✗ 74261 - Bricklink 上不存在该零件
[04:34:32] [10585/13737] ✓ 743 = 14.04g
[04:34:39] [10586/13737] ✗ 7435 - Bricklink 上不存在该零件
[04:34:44] [10587/13737] ✓ 744 = 18.64g
[04:34:49] [10588/13737] ✓ 7441 = 0.8g
[04:34:54] [10589/13737] ✓ 7442 = 19.97g
[04:35:00] [10590/13737] ✓ 7443 = 0.42g
[04:35:00] 进度 10590/13737 (77.1%) | 成功 7366 失败 3224 | 成功率 69.6% | 平均 10.9s/个 | 剩余 9.5h
[04:35:06] [10591/13737] ✗ 74503 - Bricklink 上不存在该零件
[04:35:12] [10592/13737] ✗ 74503c375 - Bricklink 上不存在该零件
[04:35:18] [10593/13737] ✓ 7452 = 1.29g
[04:35:22] [10594/13737] ✓ 74528 = 0.68g
[04:35:28] [10595/13737] ✗ 74564c01 - Bricklink 上不存在该零件
[04:35:34] [10596/13737] ✗ 74564c02 - Bricklink 上不存在该零件
[04:35:41] [10597/13737] ✗ 74580 - Bricklink 上不存在该零件
[04:35:48] [10598/13737] ✗ 74584 - Bricklink 上不存在该零件
[04:35:55] [10599/13737] ✓ 74587 = 16.6g
[04:36:00] [10600/13737] ✓ 74611 = 6.42g
[04:36:00] 进度 10600/13737 (77.2%) | 成功 7370 失败 3230 | 成功率 69.5% | 平均 10.9s/个 | 剩余 9.5h
[04:36:05] [10601/13737] ✓ 74662 = 0.09g
[04:36:10] [10602/13737] ✓ 74664 = 0.08g
[04:36:16] [10603/13737] ✗ 7467bk01 - Bricklink 上不存在该零件
[04:36:23] [10604/13737] ✗ 7468bk01 - Bricklink 上不存在该零件
[04:36:29] [10605/13737] ✓ 74698 = 0.5g
[04:36:34] [10606/13737] ✓ 74699 = 4.5g
[04:36:40] [10607/13737] ✗ 7469bk01 - Bricklink 上不存在该零件
[04:36:46] [10608/13737] ✗ 747 - Bricklink 上不存在该零件
[04:36:52] [10609/13737] ✗ 74701c01 - Bricklink 上不存在该零件
[04:36:58] [10610/13737] ✗ 7470bk01 - Bricklink 上不存在该零件
[04:36:58] 进度 10610/13737 (77.2%) | 成功 7374 失败 3236 | 成功率 69.5% | 平均 10.9s/个 | 剩余 9.4h
[04:37:03] [10611/13737] ✗ 7471bk01 - Bricklink 上不存在该零件
[04:37:10] [10612/13737] ✗ 74746 - Bricklink 上不存在该零件
[04:37:16] [10613/13737] ✗ 74747 - Bricklink 上不存在该零件
[04:37:22] [10614/13737] ✗ 74844 - Bricklink 上不存在该零件
[04:37:29] [10615/13737] ✗ 74847 - Bricklink 上不存在该零件
[04:37:36] [10616/13737] ✗ 74864 - Bricklink 上不存在该零件
[04:37:42] [10617/13737] ✗ 74864c02 - Bricklink 上不存在该零件
[04:37:48] [10618/13737] ✗ 74867 - Bricklink 上不存在该零件
[04:37:54] [10619/13737] ✓ 749 = 2.5g
[04:38:01] [10620/13737] ✗ 74940 - Bricklink 上不存在该零件
[04:38:01] 进度 10620/13737 (77.3%) | 成功 7375 失败 3245 | 成功率 69.4% | 平均 10.9s/个 | 剩余 9.4h
[04:38:07] [10621/13737] ✗ 74941c01 - Bricklink 上不存在该零件
[04:38:14] [10622/13737] ✗ 74957 - Bricklink 上不存在该零件
[04:38:19] [10623/13737] ✓ 74967 = 0.25g
[04:38:25] [10624/13737] ✗ 74981 - Bricklink 上不存在该零件
[04:38:30] [10625/13737] ✗ 74982 - Bricklink 上不存在该零件
[04:38:35] [10626/13737] ✓ 74996 = 0.18g
[04:38:41] [10627/13737] ✓ 74997 = 0.21g
[04:38:46] [10628/13737] ✓ 74998 = 0.15g
[04:38:51] [10629/13737] ✗ 75 - 未在页面中找到重量数据
[04:38:57] [10630/13737] ✗ 75020 - Bricklink 上不存在该零件
[04:38:57] 进度 10630/13737 (77.4%) | 成功 7379 失败 3251 | 成功率 69.4% | 平均 10.8s/个 | 剩余 9.4h
[04:39:02] [10631/13737] ✓ 7504 = 0.22g
[04:39:08] [10632/13737] ✓ 7508 = 0.45g
[04:39:14] [10633/13737] ✗ 75084 - Bricklink 上不存在该零件
[04:39:20] [10634/13737] ✓ 751 = 0.55g
[04:39:26] [10635/13737] ✓ 7511 = 0.81g
[04:39:34] [10636/13737] ✗ 75175c01 - Bricklink 上不存在该零件
[04:39:39] [10637/13737] ✓ 752 = 0.09g
[04:39:45] [10638/13737] ✗ 75215 - Bricklink 上不存在该零件
[04:39:50] [10639/13737] ✓ 75266 = 30.0g
[04:39:55] [10640/13737] ✓ 7527 = 1.32g
[04:39:55] 进度 10640/13737 (77.5%) | 成功 7386 失败 3254 | 成功率 69.4% | 平均 10.8s/个 | 剩余 9.3h
[04:40:01] [10641/13737] ✗ 753 - Bricklink 上不存在该零件
[04:40:08] [10642/13737] ✗ 75347 - Bricklink 上不存在该零件
[04:40:12] [10643/13737] ✓ 75355 = 4.73g
[04:40:21] [10644/13737] ✓ 7547 = 1.07g
[04:40:28] [10645/13737] ✗ 75473c01 - Bricklink 上不存在该零件
[04:40:34] [10646/13737] ✗ 75473c02 - Bricklink 上不存在该零件
[04:40:40] [10647/13737] ✗ 75473c03 - Bricklink 上不存在该零件
[04:40:45] [10648/13737] ✓ 7549 = 0.58g
[04:40:49] [10649/13737] ✓ 75512 = 0.23g
[04:40:55] [10650/13737] ✓ 75513 = 0.42g
[04:40:55] 进度 10650/13737 (77.5%) | 成功 7391 失败 3259 | 成功率 69.4% | 平均 10.8s/个 | 剩余 9.3h
[04:41:00] [10651/13737] ✓ 75522 = 2.4g
[04:41:06] [10652/13737] ✓ 7553 = 6.2g
[04:41:13] [10653/13737] ✗ 75533 - Bricklink 上不存在该零件
[04:41:18] [10654/13737] ✓ 75535 = 0.38g
[04:41:25] [10655/13737] ✗ 75536 - Bricklink 上不存在该零件
[04:41:30] [10656/13737] ✓ 75537 = 2.64g
[04:41:36] [10657/13737] ✓ 75538 = 18.91g
[04:41:41] [10658/13737] ✓ 75539 = 4.08g
[04:41:47] [10659/13737] ✗ 75541 - Bricklink 上不存在该零件
[04:41:53] [10660/13737] ✗ 75542 - Bricklink 上不存在该零件
[04:41:53] 进度 10660/13737 (77.6%) | 成功 7397 失败 3263 | 成功率 69.4% | 平均 10.8s/个 | 剩余 9.3h
[04:41:59] [10661/13737] ✗ 75556 - Bricklink 上不存在该零件
[04:42:05] [10662/13737] ✗ 75556a - Bricklink 上不存在该零件
[04:42:11] [10663/13737] ✗ 75556b - Bricklink 上不存在该零件
[04:42:19] [10664/13737] ✗ 75556c - Bricklink 上不存在该零件
[04:42:25] [10665/13737] ✗ 75556d - Bricklink 上不存在该零件
[04:42:31] [10666/13737] ✗ 75556e - Bricklink 上不存在该零件
[04:42:37] [10667/13737] ✗ 75562 - Bricklink 上不存在该零件
[04:42:44] [10668/13737] ✗ 75580 - Bricklink 上不存在该零件
[04:42:50] [10669/13737] ✗ 75596 - Bricklink 上不存在该零件
[04:42:55] [10670/13737] ✓ 75604 = 0.27g
[04:42:55] 进度 10670/13737 (77.7%) | 成功 7398 失败 3272 | 成功率 69.3% | 平均 10.8s/个 | 剩余 9.2h
[04:43:00] [10671/13737] ✓ 75648 = 2.0g
[04:43:06] [10672/13737] ✗ 7567 - Bricklink 上不存在该零件
[04:43:11] [10673/13737] ✓ 75674 = 0.07g
[04:43:15] [10674/13737] ✓ 75675 = 7.0g
[04:43:22] [10675/13737] ✓ 7571 = 3.52g
[04:43:28] [10676/13737] ✗ 75722 - Bricklink 上不存在该零件
[04:43:34] [10677/13737] ✗ 75726 - Bricklink 上不存在该零件
[04:43:40] [10678/13737] ✗ 75732c01 - Bricklink 上不存在该零件
[04:43:46] [10679/13737] ✗ 75732c02 - Bricklink 上不存在该零件
[04:43:52] [10680/13737] ✗ 75732c03 - Bricklink 上不存在该零件
[04:43:52] 进度 10680/13737 (77.7%) | 成功 7402 失败 3278 | 成功率 69.3% | 平均 10.8s/个 | 剩余 9.2h
[04:43:57] [10681/13737] ✓ 7574 = 0.4g
[04:44:02] [10682/13737] ✓ 7575 = 2.76g
[04:44:09] [10683/13737] ✗ 75775 - Bricklink 上不存在该零件
[04:44:15] [10684/13737] ✓ 75867 = 0.7g
[04:44:20] [10685/13737] ✓ 75872 = 0.8g
[04:44:24] [10686/13737] ✓ 75887 = 0.12g
[04:44:30] [10687/13737] ✗ 758c01 - Bricklink 上不存在该零件
[04:44:36] [10688/13737] ✗ 758c02 - Bricklink 上不存在该零件
[04:44:43] [10689/13737] ✗ 758c03 - Bricklink 上不存在该零件
[04:44:48] [10690/13737] ✓ 75902 = 0.58g
[04:44:48] 进度 10690/13737 (77.8%) | 成功 7408 失败 3282 | 成功率 69.3% | 平均 10.8s/个 | 剩余 9.2h
[04:44:53] [10691/13737] ✓ 75904 = 0.64g
[04:44:58] [10692/13737] ✓ 7591 = 3.19g
[04:45:05] [10693/13737] ✓ 75937 = 1.5g
[04:45:11] [10694/13737] ✗ 75940 - Bricklink 上不存在该零件
[04:45:16] [10695/13737] ✓ 759464 = 10.5g
[04:45:23] [10696/13737] ✗ 759528c00 - Bricklink 上不存在该零件
[04:45:29] [10697/13737] ✗ 759528c01 - Bricklink 上不存在该零件
[04:45:35] [10698/13737] ✗ 759528c02 - Bricklink 上不存在该零件
[04:45:41] [10699/13737] ✗ 759528c03 - Bricklink 上不存在该零件
[04:45:48] [10700/13737] ✗ 759528c04 - Bricklink 上不存在该零件
[04:45:48] 进度 10700/13737 (77.9%) | 成功 7412 失败 3288 | 成功率 69.3% | 平均 10.8s/个 | 剩余 9.1h
[04:45:54] [10701/13737] ✗ 759528c05 - Bricklink 上不存在该零件
[04:46:00] [10702/13737] ✗ 759528c06 - Bricklink 上不存在该零件
[04:46:05] [10703/13737] ✗ 759528c07 - Bricklink 上不存在该零件
[04:46:11] [10704/13737] ✗ 759528c08 - Bricklink 上不存在该零件
[04:46:17] [10705/13737] ✗ 759532 - Bricklink 上不存在该零件
[04:46:22] [10706/13737] ✗ 759533 - Bricklink 上不存在该零件
[04:46:29] [10707/13737] ✗ 75970 - Bricklink 上不存在该零件
[04:46:34] [10708/13737] ✗ 75971 - Bricklink 上不存在该零件
[04:46:40] [10709/13737] ✗ 75974 - Bricklink 上不存在该零件
[04:46:46] [10710/13737] ✗ 75c01 - Bricklink 上不存在该零件
[04:46:46] 进度 10710/13737 (78.0%) | 成功 7412 失败 3298 | 成功率 69.2% | 平均 10.8s/个 | 剩余 9.1h
[04:46:52] [10711/13737] ✓ 75c02 = 0.08g
[04:46:59] [10712/13737] ✓ 75c03 = 0.1g
[04:47:06] [10713/13737] ✓ 75c04 = 0.15g
[04:47:11] [10714/13737] ✓ 75c05 = 0.18g
[04:47:17] [10715/13737] ✓ 75c06 = 0.22g
[04:47:22] [10716/13737] ✓ 75c07 = 0.25g
[04:47:27] [10717/13737] ✓ 75c08 = 0.3g
[04:47:33] [10718/13737] ✓ 75c09 = 0.4g
[04:47:39] [10719/13737] ✓ 75c10 = 0.37g
[04:47:45] [10720/13737] ✓ 75c11 = 0.41g
[04:47:45] 进度 10720/13737 (78.0%) | 成功 7422 失败 3298 | 成功率 69.2% | 平均 10.8s/个 | 剩余 9.1h
[04:47:51] [10721/13737] ✓ 75c12 = 0.44g
[04:47:56] [10722/13737] ✓ 75c13 = 0.47g
[04:48:02] [10723/13737] ✓ 75c14 = 0.5g
[04:48:07] [10724/13737] ✓ 75c15 = 0.33g
[04:48:13] [10725/13737] ✓ 75c16 = 0.57g
[04:48:19] [10726/13737] ✓ 75c17 = 0.7g
[04:48:25] [10727/13737] ✓ 75c18 = 0.7g
[04:48:31] [10728/13737] ✓ 75c19 = 0.71g
[04:48:37] [10729/13737] ✓ 75c20 = 0.73g
[04:48:42] [10730/13737] ✓ 75c21 = 0.95g
[04:48:42] 进度 10730/13737 (78.1%) | 成功 7432 失败 3298 | 成功率 69.3% | 平均 10.8s/个 | 剩余 9.0h
[04:48:49] [10731/13737] ✓ 75c22 = 0.83g
[04:48:54] [10732/13737] ✓ 75c23 = 0.9g
[04:49:00] [10733/13737] ✗ 75c23.75 - Bricklink 上不存在该零件
[04:49:05] [10734/13737] ✓ 75c24 = 0.9g
[04:49:11] [10735/13737] ✓ 75c25 = 0.93g
[04:49:17] [10736/13737] ✓ 75c26 = 0.85g
[04:49:21] [10737/13737] ✓ 75c27 = 1.01g
[04:49:27] [10738/13737] ✓ 75c28 = 1.3g
[04:49:32] [10739/13737] ✓ 75c29 = 1.3g
[04:49:37] [10740/13737] ✓ 75c30 = 1.06g
[04:49:37] 进度 10740/13737 (78.2%) | 成功 7441 失败 3299 | 成功率 69.3% | 平均 10.8s/个 | 剩余 9.0h
[04:49:44] [10741/13737] ✓ 75c31 = 1.15g
[04:49:49] [10742/13737] ✓ 75c32 = 1.23g
[04:49:54] [10743/13737] ✓ 75c33 = 1.26g
[04:50:00] [10744/13737] ✓ 75c34 = 1.4g
[04:50:05] [10745/13737] ✓ 75c36 = 1.31g
[04:50:11] [10746/13737] ✓ 75c38 = 1.4g
[04:50:18] [10747/13737] ✓ 75c40 = 1.5g
[04:50:23] [10748/13737] ✓ 75c43 = 1.65g
[04:50:28] [10749/13737] ✓ 75c44 = 1.65g
[04:50:33] [10750/13737] ✓ 75c45 = 1.69g
[04:50:33] 进度 10750/13737 (78.3%) | 成功 7451 失败 3299 | 成功率 69.3% | 平均 10.8s/个 | 剩余 9.0h
[04:50:40] [10751/13737] ✓ 75c47 = 1.85g
[04:50:45] [10752/13737] ✓ 75c49 = 1.9g
[04:50:51] [10753/13737] ✓ 75c53 = 2.0g
[04:50:57] [10754/13737] ✓ 75c66 = 2.4g
[04:51:04] [10755/13737] ✗ 76019 - Bricklink 上不存在该零件
[04:51:09] [10756/13737] ✗ 76041c01 - Bricklink 上不存在该零件
[04:51:15] [10757/13737] ✗ 76041c02 - Bricklink 上不存在该零件
[04:51:22] [10758/13737] ✗ 76041c03 - Bricklink 上不存在该零件
[04:51:29] [10759/13737] ✗ 76041c04 - Bricklink 上不存在该零件
[04:51:35] [10760/13737] ✗ 76048c01 - Bricklink 上不存在该零件
[04:51:35] 进度 10760/13737 (78.3%) | 成功 7455 失败 3305 | 成功率 69.3% | 平均 10.8s/个 | 剩余 8.9h
[04:51:42] [10761/13737] ✗ 76070 - Bricklink 上不存在该零件
[04:51:48] [10762/13737] ✗ 76077 - Bricklink 上不存在该零件
[04:51:54] [10763/13737] ✗ 76079 - Bricklink 上不存在该零件
[04:51:59] [10764/13737] ✓ 7608 = 10.5g
[04:52:05] [10765/13737] ✗ 76087 - Bricklink 上不存在该零件
[04:52:10] [10766/13737] ✓ 7609 = 2.61g
[04:52:15] [10767/13737] ✗ 76091 - Bricklink 上不存在该零件
[04:52:20] [10768/13737] ✓ 7610 = 0.57g
[04:52:26] [10769/13737] ✗ 76110c01 - Bricklink 上不存在该零件
[04:52:33] [10770/13737] ✗ 76110c02 - Bricklink 上不存在该零件
[04:52:33] 进度 10770/13737 (78.4%) | 成功 7458 失败 3312 | 成功率 69.2% | 平均 10.8s/个 | 剩余 8.9h
[04:52:40] [10771/13737] ✗ 76110c03 - Bricklink 上不存在该零件
[04:52:45] [10772/13737] ✗ 76110c04 - Bricklink 上不存在该零件
[04:52:52] [10773/13737] ✗ 76110c05 - Bricklink 上不存在该零件
[04:52:58] [10774/13737] ✓ 7613 = 1.94g
[04:53:04] [10775/13737] ✗ 76138 - Bricklink 上不存在该零件
[04:53:11] [10776/13737] ✗ 76147 - Bricklink 上不存在该零件
[04:53:16] [10777/13737] ✓ 7616 = 6.8g
[04:53:21] [10778/13737] ✓ 76177 = 2.66g
[04:53:28] [10779/13737] ✗ 76179 - Bricklink 上不存在该零件
[04:53:34] [10780/13737] ✗ 76192c01 - Bricklink 上不存在该零件
[04:53:35] 进度 10780/13737 (78.5%) | 成功 7461 失败 3319 | 成功率 69.2% | 平均 10.8s/个 | 剩余 8.9h
[04:53:41] [10781/13737] ✗ 76204 - Bricklink 上不存在该零件
[04:53:48] [10782/13737] ✗ 76244 - Bricklink 上不存在该零件
[04:53:56] [10783/13737] ✗ 76247 - Bricklink 上不存在该零件
[04:54:01] [10784/13737] ✗ 76299 - Bricklink 上不存在该零件
[04:54:07] [10785/13737] ✗ 76319 - Bricklink 上不存在该零件
[04:54:14] [10786/13737] ✗ 76320c01 - Bricklink 上不存在该零件
[04:54:19] [10787/13737] ✗ 76320c02 - Bricklink 上不存在该零件
[04:54:26] [10788/13737] ✗ 76356 - Bricklink 上不存在该零件
[04:54:34] [10789/13737] ✗ 76371 - Bricklink 上不存在该零件
[04:54:41] [10790/13737] ✗ 76381 - Bricklink 上不存在该零件
[04:54:41] 进度 10790/13737 (78.5%) | 成功 7461 失败 3329 | 成功率 69.1% | 平均 10.8s/个 | 剩余 8.8h
[04:54:46] [10791/13737] ✗ 76385 - Bricklink 上不存在该零件
[04:54:52] [10792/13737] ✗ 76396 - Bricklink 上不存在该零件
[04:54:59] [10793/13737] ✗ 76430 - Bricklink 上不存在该零件
[04:55:04] [10794/13737] ✗ 76451 - Bricklink 上不存在该零件
[04:55:10] [10795/13737] ✓ 7652 = 4.43g
[04:55:16] [10796/13737] ✓ 7653 = 10.1g
[04:55:22] [10797/13737] ✗ 76537 - Bricklink 上不存在该零件
[04:55:28] [10798/13737] ✓ 7654 = 2.55g
[04:55:34] [10799/13737] ✓ 7656 = 3.42g
[04:55:38] [10800/13737] ✓ 7658 = 3.42g
[04:55:38] 进度 10800/13737 (78.6%) | 成功 7466 失败 3334 | 成功率 69.1% | 平均 10.8s/个 | 剩余 8.8h
[04:55:44] [10801/13737] ✓ 765c01 = 0.64g
[04:55:49] [10802/13737] ✓ 765c15 = 1.53g
[04:55:54] [10803/13737] ✓ 765c28 = 3.5g
[04:55:59] [10804/13737] ✓ 765c96 = 7.0g
[04:56:03] [10805/13737] ✓ 7660 = 1.67g
[04:56:08] [10806/13737] ✓ 7664 = 6.15g
[04:56:14] [10807/13737] ✓ 7665 = 1.73g
[04:56:22] [10808/13737] ✗ 76676 - Bricklink 上不存在该零件
[04:56:26] [10809/13737] ✓ 766c01 = 1.9g
[04:56:32] [10810/13737] ✓ 766c14 = 3.9g
[04:56:32] 进度 10810/13737 (78.7%) | 成功 7475 失败 3335 | 成功率 69.1% | 平均 10.8s/个 | 剩余 8.8h
[04:56:37] [10811/13737] ✓ 766c190 = 13.5g
[04:56:42] [10812/13737] ✓ 766c28 = 5.0g
[04:56:48] [10813/13737] ✓ 766c375 = 22.6g
[04:56:53] [10814/13737] ✓ 766c96 = 8.5g
[04:56:59] [10815/13737] ✗ 767 - Bricklink 上不存在该零件
[04:57:04] [10816/13737] ✓ 76700 = 0.55g
[04:57:09] [10817/13737] ✓ 7673 = 24.6g
[04:57:14] [10818/13737] ✓ 7674 = 0.8g
[04:57:20] [10819/13737] ✓ 76755 = 1.17g
[04:57:25] [10820/13737] ✓ 76764 = 0.19g
[04:57:26] 进度 10820/13737 (78.8%) | 成功 7484 失败 3336 | 成功率 69.2% | 平均 10.8s/个 | 剩余 8.7h
[04:57:32] [10821/13737] ✓ 76766 = 3.24g
[04:57:37] [10822/13737] ✓ 76768 = 2.0g
[04:57:42] [10823/13737] ✓ 76776 = 11.2g
[04:57:48] [10824/13737] ✓ 76790 = 0.04g
[04:57:54] [10825/13737] ✗ 76793a - Bricklink 上不存在该零件
[04:58:01] [10826/13737] ✗ 76793b - Bricklink 上不存在该零件
[04:58:07] [10827/13737] ✗ 76793c01 - Bricklink 上不存在该零件
[04:58:14] [10828/13737] ✓ 76795 = 2.7g
[04:58:19] [10829/13737] ✓ 76796 = 3.15g
[04:58:26] [10830/13737] ✓ 76797 = 1.33g
[04:58:26] 进度 10830/13737 (78.8%) | 成功 7491 失败 3339 | 成功率 69.2% | 平均 10.8s/个 | 剩余 8.7h
[04:58:31] [10831/13737] ✓ 76798 = 7.48g
[04:58:38] [10832/13737] ✗ 76799a - Bricklink 上不存在该零件
[04:58:44] [10833/13737] ✗ 76799b - Bricklink 上不存在该零件
[04:58:50] [10834/13737] ✗ 76799c - Bricklink 上不存在该零件
[04:58:57] [10835/13737] ✗ 76799c01 - Bricklink 上不存在该零件
[04:59:04] [10836/13737] ✗ 76799d - Bricklink 上不存在该零件
[04:59:10] [10837/13737] ✗ 76799e - Bricklink 上不存在该零件
[04:59:17] [10838/13737] ✗ 76799f - Bricklink 上不存在该零件
[04:59:22] [10839/13737] ✓ 768 = 9.0g
[04:59:26] [10840/13737] ✓ 7684 = 1.0g
[04:59:26] 进度 10840/13737 (78.9%) | 成功 7494 失败 3346 | 成功率 69.1% | 平均 10.8s/个 | 剩余 8.7h
[04:59:32] [10841/13737] ✓ 7688 = 0.91g
[04:59:38] [10842/13737] ✗ 769 - Bricklink 上不存在该零件
[04:59:42] [10843/13737] ✓ 76918 = 0.76g
[04:59:48] [10844/13737] ✓ 76919 = 1.36g
[04:59:54] [10845/13737] ✓ 76923 = 4.04g
[05:00:00] [10846/13737] ✓ 76925 = 0.61g
[05:00:06] [10847/13737] ✓ 76959 = 1.22g
[05:00:12] [10848/13737] ✓ 7706 = 4.7g
[05:00:34] [10849/13737] ✗ 7707 - <urlopen error [Errno 8] nodename nor servname provided, or not known>
[05:00:39] [10850/13737] ✗ 77071 - <urlopen error [Errno 8] nodename nor servname provided, or not known>
[05:00:39] 进度 10850/13737 (79.0%) | 成功 7501 失败 3349 | 成功率 69.1% | 平均 10.7s/个 | 剩余 8.6h
[05:00:45] [10851/13737] ✗ 7708 - <urlopen error [Errno 8] nodename nor servname provided, or not known>
[05:00:50] [10852/13737] ✗ 77083 - <urlopen error [Errno 8] nodename nor servname provided, or not known>
[05:00:57] [10853/13737] ✗ 77086 - <urlopen error [Errno 8] nodename nor servname provided, or not known>
[05:01:02] [10854/13737] ✗ 7710 - <urlopen error [Errno 8] nodename nor servname provided, or not known>
[05:01:08] [10855/13737] ✗ 77107 - <urlopen error [Errno 8] nodename nor servname provided, or not known>
[05:01:13] [10856/13737] ✗ 77108 - <urlopen error [Errno 8] nodename nor servname provided, or not known>
[05:01:20] [10857/13737] ✗ 7711 - <urlopen error [Errno 8] nodename nor servname provided, or not known>
[05:01:26] [10858/13737] ✗ 7712 - <urlopen error [Errno 8] nodename nor servname provided, or not known>
[05:01:31] [10859/13737] ✗ 77127 - <urlopen error [Errno 8] nodename nor servname provided, or not known>
[05:01:39] [10860/13737] ✗ 77180 - <urlopen error [Errno 8] nodename nor servname provided, or not known>
[05:01:39] 进度 10860/13737 (79.1%) | 成功 7501 失败 3359 | 成功率 69.1% | 平均 10.7s/个 | 剩余 8.6h
[05:01:45] [10861/13737] ✗ 77181 - <urlopen error [Errno 8] nodename nor servname provided, or not known>
[05:01:50] [10862/13737] ✗ 77182 - <urlopen error [Errno 8] nodename nor servname provided, or not known>
[05:01:56] [10863/13737] ✗ 77183 - <urlopen error [Errno 8] nodename nor servname provided, or not known>
[05:02:02] [10864/13737] ✗ 77184 - <urlopen error [Errno 8] nodename nor servname provided, or not known>
[05:02:08] [10865/13737] ✗ 77192 - <urlopen error [Errno 8] nodename nor servname provided, or not known>
[05:02:13] [10866/13737] ✗ 77193 - <urlopen error [Errno 8] nodename nor servname provided, or not known>
[05:02:19] [10867/13737] ✗ 772 - <urlopen error [Errno 8] nodename nor servname provided, or not known>
[05:02:25] [10868/13737] ✗ 77257 - <urlopen error [Errno 8] nodename nor servname provided, or not known>
[05:02:31] [10869/13737] ✗ 77258 - <urlopen error [Errno 8] nodename nor servname provided, or not known>
[05:02:38] [10870/13737] ✗ 77263 - <urlopen error [Errno 8] nodename nor servname provided, or not known>
[05:02:38] 进度 10870/13737 (79.1%) | 成功 7501 失败 3369 | 成功率 69.0% | 平均 10.7s/个 | 剩余 8.6h
[05:02:45] [10871/13737] ✗ 7727 - <urlopen error [Errno 8] nodename nor servname provided, or not known>
[05:02:51] [10872/13737] ✗ 77274 - <urlopen error [Errno 8] nodename nor servname provided, or not known>
[05:02:57] [10873/13737] ✗ 7729 - <urlopen error [Errno 8] nodename nor servname provided, or not known>
[05:03:03] [10874/13737] ✗ 77309 - <urlopen error [Errno 8] nodename nor servname provided, or not known>
[05:03:11] [10875/13737] ✗ 77359 - <urlopen error [Errno 8] nodename nor servname provided, or not known>
[05:03:17] [10876/13737] ✗ 77360 - <urlopen error [Errno 8] nodename nor servname provided, or not known>
[05:03:23] [10877/13737] ✗ 7737 - <urlopen error [Errno 8] nodename nor servname provided, or not known>
[05:03:28] [10878/13737] ✗ 77374 - <urlopen error [Errno 8] nodename nor servname provided, or not known>
[05:03:36] [10879/13737] ✗ 7738 - <urlopen error [Errno 8] nodename nor servname provided, or not known>
[05:03:42] [10880/13737] ✗ 7741 - <urlopen error [Errno 8] nodename nor servname provided, or not known>
[05:03:42] 进度 10880/13737 (79.2%) | 成功 7501 失败 3379 | 成功率 68.9% | 平均 10.7s/个 | 剩余 8.5h
[05:03:47] [10881/13737] ✗ 77485 - <urlopen error [Errno 8] nodename nor servname provided, or not known>
[05:03:52] [10882/13737] ✗ 77486 - <urlopen error [Errno 8] nodename nor servname provided, or not known>
[05:03:58] [10883/13737] ✗ 77493a - <urlopen error [Errno 8] nodename nor servname provided, or not known>
[05:04:03] [10884/13737] ✗ 77493b - <urlopen error [Errno 8] nodename nor servname provided, or not known>
[05:04:10] [10885/13737] ✗ 77493c01 - <urlopen error [Errno 8] nodename nor servname provided, or not known>
[05:04:17] [10886/13737] ✗ 77533 - <urlopen error [Errno 8] nodename nor servname provided, or not known>
[05:04:22] [10887/13737] ✗ 77535 - <urlopen error [Errno 8] nodename nor servname provided, or not known>
[05:04:28] [10888/13737] ✗ 77562 - <urlopen error [Errno 8] nodename nor servname provided, or not known>
[05:04:34] [10889/13737] ✗ 7757 - <urlopen error [Errno 8] nodename nor servname provided, or not known>
[05:04:40] [10890/13737] ✗ 7759 - <urlopen error [Errno 8] nodename nor servname provided, or not known>
[05:04:40] 进度 10890/13737 (79.3%) | 成功 7501 失败 3389 | 成功率 68.9% | 平均 10.7s/个 | 剩余 8.5h
[05:04:47] [10891/13737] ✗ 77590 - <urlopen error [Errno 8] nodename nor servname provided, or not known>
[05:04:53] [10892/13737] ✗ 77598 - <urlopen error [Errno 8] nodename nor servname provided, or not known>
[05:04:59] [10893/13737] ✗ 776 - <urlopen error [Errno 8] nodename nor servname provided, or not known>
[05:05:05] [10894/13737] ✗ 777 - <urlopen error [Errno 8] nodename nor servname provided, or not known>
[05:05:12] [10895/13737] ✗ 7776 - <urlopen error [Errno 8] nodename nor servname provided, or not known>
[05:05:18] [10896/13737] ✗ 77765 - <urlopen error [Errno 8] nodename nor servname provided, or not known>
[05:05:23] [10897/13737] ✗ 77787 - <urlopen error [Errno 8] nodename nor servname provided, or not known>
[05:05:28] [10898/13737] ✗ 77808 - <urlopen error [Errno 8] nodename nor servname provided, or not known>
[05:05:35] [10899/13737] ✗ 77813 - <urlopen error [Errno 8] nodename nor servname provided, or not known>
[05:05:41] [10900/13737] ✗ 77822 - <urlopen error [Errno 8] nodename nor servname provided, or not known>
[05:05:41] 进度 10900/13737 (79.3%) | 成功 7501 失败 3399 | 成功率 68.8% | 平均 10.7s/个 | 剩余 8.5h
[05:05:46] [10901/13737] ✗ 77823 - <urlopen error [Errno 8] nodename nor servname provided, or not known>
[05:05:52] [10902/13737] ✗ 77834 - <urlopen error [Errno 8] nodename nor servname provided, or not known>
[05:05:58] [10903/13737] ✗ 77844 - <urlopen error [Errno 8] nodename nor servname provided, or not known>
[05:06:05] [10904/13737] ✗ 77845 - <urlopen error [Errno 8] nodename nor servname provided, or not known>
[05:06:12] [10905/13737] ✗ 77850 - <urlopen error [Errno 8] nodename nor servname provided, or not known>
[05:06:17] [10906/13737] ✗ 77859 - <urlopen error [Errno 8] nodename nor servname provided, or not known>
[05:06:24] [10907/13737] ✗ 77860 - <urlopen error [Errno 8] nodename nor servname provided, or not known>
[05:06:30] [10908/13737] ✗ 77861 - <urlopen error [Errno 8] nodename nor servname provided, or not known>
[05:06:37] [10909/13737] ✗ 77892 - <urlopen error [Errno 8] nodename nor servname provided, or not known>
[05:06:42] [10910/13737] ✗ 7796 - <urlopen error [Errno 8] nodename nor servname provided, or not known>
[05:06:42] 进度 10910/13737 (79.4%) | 成功 7501 失败 3409 | 成功率 68.8% | 平均 10.7s/个 | 剩余 8.4h
[05:06:48] [10911/13737] ✗ 7797 - <urlopen error [Errno 8] nodename nor servname provided, or not known>
[05:06:53] [10912/13737] ✗ 77999 - <urlopen error [Errno 8] nodename nor servname provided, or not known>
[05:06:59] [10913/13737] ✗ 78 - <urlopen error [Errno 8] nodename nor servname provided, or not known>
[05:07:05] [10914/13737] ✗ 780 - <urlopen error [Errno 8] nodename nor servname provided, or not known>
[05:07:11] [10915/13737] ✗ 78009 - <urlopen error [Errno 8] nodename nor servname provided, or not known>
[05:07:18] [10916/13737] ✗ 781 - <urlopen error [Errno 8] nodename nor servname provided, or not known>
[05:07:24] [10917/13737] ✗ 78124 - <urlopen error [Errno 8] nodename nor servname provided, or not known>
[05:07:31] [10918/13737] ✗ 78132 - <urlopen error [Errno 8] nodename nor servname provided, or not known>
[05:07:37] [10919/13737] ✗ 78168 - <urlopen error [Errno 8] nodename nor servname provided, or not known>
[05:07:43] [10920/13737] ✗ 78169 - <urlopen error [Errno 8] nodename nor servname provided, or not known>
[05:07:43] 进度 10920/13737 (79.5%) | 成功 7501 失败 3419 | 成功率 68.7% | 平均 10.7s/个 | 剩余 8.4h
[05:07:49] [10921/13737] ✗ 78171 - <urlopen error [Errno 8] nodename nor servname provided, or not known>
[05:07:54] [10922/13737] ✗ 78229 - <urlopen error [Errno 8] nodename nor servname provided, or not known>
[05:08:01] [10923/13737] ✗ 78230 - <urlopen error [Errno 8] nodename nor servname provided, or not known>
[05:08:07] [10924/13737] ✗ 7825 - <urlopen error [Errno 8] nodename nor servname provided, or not known>
[05:08:13] [10925/13737] ✗ 78256 - <urlopen error [Errno 8] nodename nor servname provided, or not known>
[05:08:19] [10926/13737] ✗ 78257 - <urlopen error [Errno 8] nodename nor servname provided, or not known>
[05:08:24] [10927/13737] ✗ 78258 - <urlopen error [Errno 8] nodename nor servname provided, or not known>
[05:08:29] [10928/13737] ✗ 7826 - <urlopen error [Errno 8] nodename nor servname provided, or not known>
[05:08:36] [10929/13737] ✗ 78265 - <urlopen error [Errno 8] nodename nor servname provided, or not known>
[05:08:42] [10930/13737] ✗ 78267a - <urlopen error [Errno 8] nodename nor servname provided, or not known>
[05:08:42] 进度 10930/13737 (79.6%) | 成功 7501 失败 3429 | 成功率 68.6% | 平均 10.7s/个 | 剩余 8.4h
[05:08:47] [10931/13737] ✗ 7827 - <urlopen error [Errno 8] nodename nor servname provided, or not known>
[05:08:53] [10932/13737] ✗ 78278 - <urlopen error [Errno 8] nodename nor servname provided, or not known>
[05:09:00] [10933/13737] ✗ 7828 - <urlopen error [Errno 8] nodename nor servname provided, or not known>
[05:09:05] [10934/13737] ✗ 7829 - <urlopen error [Errno 8] nodename nor servname provided, or not known>
[05:09:11] [10935/13737] ✗ 78298 - <urlopen error [Errno 8] nodename nor servname provided, or not known>
[05:09:16] [10936/13737] ✗ 7830 - <urlopen error [Errno 8] nodename nor servname provided, or not known>
[05:09:24] [10937/13737] ✗ 78301 - <urlopen error [Errno 8] nodename nor servname provided, or not known>
[05:09:29] [10938/13737] ✗ 78302 - <urlopen error [Errno 8] nodename nor servname provided, or not known>
[05:09:34] [10939/13737] ✗ 78329 - <urlopen error [Errno 8] nodename nor servname provided, or not known>
[05:09:39] [10940/13737] ✗ 78331 - <urlopen error [Errno 8] nodename nor servname provided, or not known>
[05:09:39] 进度 10940/13737 (79.6%) | 成功 7501 失败 3439 | 成功率 68.6% | 平均 10.7s/个 | 剩余 8.3h
[05:09:45] [10941/13737] ✗ 78333 - <urlopen error [Errno 8] nodename nor servname provided, or not known>
[05:09:52] [10942/13737] ✗ 7834 - <urlopen error [Errno 8] nodename nor servname provided, or not known>
[05:09:59] [10943/13737] ✗ 7835 - <urlopen error [Errno 8] nodename nor servname provided, or not known>
[05:10:04] [10944/13737] ✗ 7836 - <urlopen error [Errno 8] nodename nor servname provided, or not known>
[05:10:10] [10945/13737] ✗ 784 - <urlopen error [Errno 8] nodename nor servname provided, or not known>
[05:10:16] [10946/13737] ✗ 7840 - <urlopen error [Errno 8] nodename nor servname provided, or not known>
[05:10:22] [10947/13737] ✗ 7842 - <urlopen error [Errno 8] nodename nor servname provided, or not known>
[05:10:28] [10948/13737] ✗ 78442 - <urlopen error [Errno 8] nodename nor servname provided, or not known>
[05:10:35] [10949/13737] ✗ 78443 - <urlopen error [Errno 8] nodename nor servname provided, or not known>
[05:10:40] [10950/13737] ✗ 78444 - <urlopen error [Errno 8] nodename nor servname provided, or not known>
[05:10:40] 进度 10950/13737 (79.7%) | 成功 7501 失败 3449 | 成功率 68.5% | 平均 10.7s/个 | 剩余 8.3h
[05:10:46] [10951/13737] ✗ 785 - <urlopen error [Errno 8] nodename nor servname provided, or not known>
[05:10:51] [10952/13737] ✗ 78514 - <urlopen error [Errno 8] nodename nor servname provided, or not known>
[05:10:58] [10953/13737] ✗ 7852 - <urlopen error [Errno 8] nodename nor servname provided, or not known>
[05:11:04] [10954/13737] ✗ 78522 - <urlopen error [Errno 8] nodename nor servname provided, or not known>
[05:11:09] [10955/13737] ✗ 78532 - <urlopen error [Errno 8] nodename nor servname provided, or not known>
[05:11:16] [10956/13737] ✗ 78538 - <urlopen error [Errno 8] nodename nor servname provided, or not known>
[05:11:23] [10957/13737] ✗ 78594 - <urlopen error [Errno 8] nodename nor servname provided, or not known>
[05:11:29] [10958/13737] ✗ 78611 - <urlopen error [Errno 8] nodename nor servname provided, or not known>
[05:11:34] [10959/13737] ✗ 7864 - <urlopen error [Errno 8] nodename nor servname provided, or not known>
[05:11:40] [10960/13737] ✗ 7864c01 - <urlopen error [Errno 8] nodename nor servname provided, or not known>
[05:11:40] 进度 10960/13737 (79.8%) | 成功 7501 失败 3459 | 成功率 68.4% | 平均 10.7s/个 | 剩余 8.3h
[05:11:45] [10961/13737] ✗ 78666 - <urlopen error [Errno 8] nodename nor servname provided, or not known>
[05:11:52] [10962/13737] ✗ 78690 - <urlopen error [Errno 8] nodename nor servname provided, or not known>
[05:11:58] [10963/13737] ✗ 787 - <urlopen error [Errno 8] nodename nor servname provided, or not known>
[05:12:05] [10964/13737] ✗ 7871 - <urlopen error [Errno 8] nodename nor servname provided, or not known>
[05:12:11] [10965/13737] ✗ 7874 - <urlopen error [Errno 8] nodename nor servname provided, or not known>
[05:12:18] [10966/13737] ✗ 787c01 - <urlopen error [Errno 8] nodename nor servname provided, or not known>
[05:12:26] [10967/13737] ✗ 787c02 - <urlopen error [Errno 8] nodename nor servname provided, or not known>
[05:12:31] [10968/13737] ✗ 787c03 - <urlopen error [Errno 8] nodename nor servname provided, or not known>
[05:12:37] [10969/13737] ✗ 787c04 - <urlopen error [Errno 8] nodename nor servname provided, or not known>
[05:12:45] [10970/13737] ✗ 787c05 - <urlopen error [Errno 8] nodename nor servname provided, or not known>
[05:12:45] 进度 10970/13737 (79.9%) | 成功 7501 失败 3469 | 成功率 68.4% | 平均 10.7s/个 | 剩余 8.2h
[05:12:51] [10971/13737] ✗ 78801 - <urlopen error [Errno 8] nodename nor servname provided, or not known>
[05:12:57] [10972/13737] ✗ 78820a - <urlopen error [Errno 8] nodename nor servname provided, or not known>
[05:13:04] [10973/13737] ✗ 78820b - <urlopen error [Errno 8] nodename nor servname provided, or not known>
[05:13:09] [10974/13737] ✗ 78820c01 - <urlopen error [Errno 8] nodename nor servname provided, or not known>
[05:13:15] [10975/13737] ✗ 78826 - <urlopen error [Errno 8] nodename nor servname provided, or not known>
[05:13:23] [10976/13737] ✗ 7885 - <urlopen error [Errno 8] nodename nor servname provided, or not known>
[05:13:28] [10977/13737] ✗ 78886 - <urlopen error [Errno 8] nodename nor servname provided, or not known>
[05:13:35] [10978/13737] ✗ 789 - <urlopen error [Errno 8] nodename nor servname provided, or not known>
[05:13:41] [10979/13737] ✗ 7894 - <urlopen error [Errno 8] nodename nor servname provided, or not known>
[05:13:48] [10980/13737] ✗ 78940 - <urlopen error [Errno 8] nodename nor servname provided, or not known>
[05:13:48] 进度 10980/13737 (79.9%) | 成功 7501 失败 3479 | 成功率 68.3% | 平均 10.7s/个 | 剩余 8.2h
[05:13:54] [10981/13737] ✗ 78945 - <urlopen error [Errno 8] nodename nor servname provided, or not known>
[05:14:01] [10982/13737] ✗ 7896 - <urlopen error [Errno 8] nodename nor servname provided, or not known>
[05:14:08] [10983/13737] ✗ 78c02 - <urlopen error [Errno 8] nodename nor servname provided, or not known>
[05:14:14] [10984/13737] ✗ 78c03 - <urlopen error [Errno 8] nodename nor servname provided, or not known>
[05:14:19] [10985/13737] ✗ 78c04 - <urlopen error [Errno 8] nodename nor servname provided, or not known>
[05:14:26] [10986/13737] ✗ 78c05 - <urlopen error [Errno 8] nodename nor servname provided, or not known>
[05:14:33] [10987/13737] ✗ 78c06 - <urlopen error [Errno 8] nodename nor servname provided, or not known>
[05:14:41] [10988/13737] ✗ 78c07 - <urlopen error [Errno 8] nodename nor servname provided, or not known>
[05:14:46] [10989/13737] ✗ 78c08 - <urlopen error [Errno 8] nodename nor servname provided, or not known>
[05:14:53] [10990/13737] ✗ 78c09 - <urlopen error [Errno 8] nodename nor servname provided, or not known>
[05:14:53] 进度 10990/13737 (80.0%) | 成功 7501 失败 3489 | 成功率 68.3% | 平均 10.7s/个 | 剩余 8.2h
[05:14:57] [10991/13737] ✗ 78c10 - <urlopen error [Errno 8] nodename nor servname provided, or not known>
[05:15:02] [10992/13737] ✗ 78c11 - <urlopen error [Errno 8] nodename nor servname provided, or not known>
[05:15:08] [10993/13737] ✗ 78c12 - <urlopen error [Errno 8] nodename nor servname provided, or not known>
[05:15:15] [10994/13737] ✗ 78c13 - <urlopen error [Errno 8] nodename nor servname provided, or not known>
[05:15:21] [10995/13737] ✗ 78c14 - <urlopen error [Errno 8] nodename nor servname provided, or not known>
[05:15:27] [10996/13737] ✗ 78c15 - <urlopen error [Errno 8] nodename nor servname provided, or not known>
[05:15:33] [10997/13737] ✗ 78c16 - <urlopen error [Errno 8] nodename nor servname provided, or not known>
[05:15:38] [10998/13737] ✗ 78c17 - <urlopen error [Errno 8] nodename nor servname provided, or not known>
[05:15:44] [10999/13737] ✗ 78c18 - <urlopen error [Errno 8] nodename nor servname provided, or not known>
[05:15:50] [11000/13737] ✗ 78c19 - <urlopen error [Errno 8] nodename nor servname provided, or not known>
[05:15:50] 进度 11000/13737 (80.1%) | 成功 7501 失败 3499 | 成功率 68.2% | 平均 10.7s/个 | 剩余 8.1h
[05:15:55] [11001/13737] ✗ 78c21 - <urlopen error [Errno 8] nodename nor servname provided, or not known>
[05:16:02] [11002/13737] ✗ 78c23 - <urlopen error [Errno 8] nodename nor servname provided, or not known>
[05:16:10] [11003/13737] ✗ 78c24 - <urlopen error [Errno 8] nodename nor servname provided, or not known>
[05:16:16] [11004/13737] ✗ 78c25 - <urlopen error [Errno 8] nodename nor servname provided, or not known>
[05:16:23] [11005/13737] ✗ 78c26 - <urlopen error [Errno 8] nodename nor servname provided, or not known>
[05:16:27] [11006/13737] ✗ 78c28 - <urlopen error [Errno 8] nodename nor servname provided, or not known>
[05:16:33] [11007/13737] ✗ 78c30 - <urlopen error [Errno 8] nodename nor servname provided, or not known>
[05:16:39] [11008/13737] ✗ 78c31 - <urlopen error [Errno 8] nodename nor servname provided, or not known>
[05:16:45] [11009/13737] ✗ 78c32 - <urlopen error [Errno 8] nodename nor servname provided, or not known>
[05:16:52] [11010/13737] ✗ 790 - <urlopen error [Errno 8] nodename nor servname provided, or not known>
[05:16:52] 进度 11010/13737 (80.1%) | 成功 7501 失败 3509 | 成功率 68.1% | 平均 10.7s/个 | 剩余 8.1h
[05:16:58] [11011/13737] ✗ 7902 - <urlopen error [Errno 8] nodename nor servname provided, or not known>
[05:17:04] [11012/13737] ✗ 7904 - <urlopen error [Errno 8] nodename nor servname provided, or not known>
[05:17:10] [11013/13737] ✗ 7905 - <urlopen error [Errno 8] nodename nor servname provided, or not known>
[05:17:17] [11014/13737] ✗ 791 - <urlopen error [Errno 8] nodename nor servname provided, or not known>
[05:17:25] [11015/13737] ✗ 7910 - <urlopen error [Errno 8] nodename nor servname provided, or not known>
[05:17:30] [11016/13737] ✗ 7916c50 - <urlopen error [Errno 8] nodename nor servname provided, or not known>
[05:17:35] [11017/13737] ✗ 79180 - <urlopen error [Errno 8] nodename nor servname provided, or not known>
[05:17:40] [11018/13737] ✗ 79194 - <urlopen error [Errno 8] nodename nor servname provided, or not known>
[05:17:47] [11019/13737] ✗ 792 - <urlopen error [Errno 8] nodename nor servname provided, or not known>
[05:17:53] [11020/13737] ✗ 79230 - <urlopen error [Errno 8] nodename nor servname provided, or not known>
[05:17:53] 进度 11020/13737 (80.2%) | 成功 7501 失败 3519 | 成功率 68.1% | 平均 10.7s/个 | 剩余 8.1h
[05:17:59] [11021/13737] ✗ 792c01 - <urlopen error [Errno 8] nodename nor servname provided, or not known>
[05:18:05] [11022/13737] ✗ 792c02 - <urlopen error [Errno 8] nodename nor servname provided, or not known>
[05:18:12] [11023/13737] ✗ 792c03 - <urlopen error [Errno 8] nodename nor servname provided, or not known>
[05:18:19] [11024/13737] ✗ 792c04 - <urlopen error [Errno 8] nodename nor servname provided, or not known>
[05:18:25] [11025/13737] ✗ 793 - <urlopen error [Errno 8] nodename nor servname provided, or not known>
[05:18:32] [11026/13737] ✗ 7930 - <urlopen error [Errno 8] nodename nor servname provided, or not known>
[05:18:38] [11027/13737] ✗ 79385 - <urlopen error [Errno 8] nodename nor servname provided, or not known>
[05:18:43] [11028/13737] ✗ 79387 - <urlopen error [Errno 8] nodename nor servname provided, or not known>
[05:18:49] [11029/13737] ✗ 79389 - <urlopen error [Errno 8] nodename nor servname provided, or not known>
[05:18:54] [11030/13737] ✗ 79393 - <urlopen error [Errno 8] nodename nor servname provided, or not known>
[05:18:54] 进度 11030/13737 (80.3%) | 成功 7501 失败 3529 | 成功率 68.0% | 平均 10.7s/个 | 剩余 8.0h
[05:18:59] [11031/13737] ✗ 794 - <urlopen error [Errno 8] nodename nor servname provided, or not known>
[05:19:06] [11032/13737] ✗ 79417 - <urlopen error [Errno 8] nodename nor servname provided, or not known>
[05:19:11] [11033/13737] ✗ 79418 - <urlopen error [Errno 8] nodename nor servname provided, or not known>
[05:19:17] [11034/13737] ✗ 79491 - <urlopen error [Errno 8] nodename nor servname provided, or not known>
[05:19:21] [11035/13737] ✗ 795 - <urlopen error [Errno 8] nodename nor servname provided, or not known>
[05:19:26] [11036/13737] ✗ 79505 - <urlopen error [Errno 8] nodename nor servname provided, or not known>
[05:19:32] [11037/13737] ✗ 79507 - <urlopen error [Errno 8] nodename nor servname provided, or not known>
[05:19:38] [11038/13737] ✗ 7958 - <urlopen error [Errno 8] nodename nor servname provided, or not known>
[05:19:44] [11039/13737] ✗ 79600 - <urlopen error [Errno 8] nodename nor servname provided, or not known>
[05:19:51] [11040/13737] ✗ 79601 - <urlopen error [Errno 8] nodename nor servname provided, or not known>
[05:19:51] 进度 11040/13737 (80.4%) | 成功 7501 失败 3539 | 成功率 67.9% | 平均 10.7s/个 | 剩余 8.0h
[05:19:57] [11041/13737] ✗ 79687 - <urlopen error [Errno 8] nodename nor servname provided, or not known>
[05:20:04] [11042/13737] ✗ 79688 - <urlopen error [Errno 8] nodename nor servname provided, or not known>
[05:20:11] [11043/13737] ✗ 79717c01 - <urlopen error [Errno 8] nodename nor servname provided, or not known>
[05:20:17] [11044/13737] ✗ 79717c02 - <urlopen error [Errno 8] nodename nor servname provided, or not known>
[05:20:24] [11045/13737] ✗ 79717c03 - <urlopen error [Errno 8] nodename nor servname provided, or not known>
[05:20:30] [11046/13737] ✗ 79717c04 - <urlopen error [Errno 8] nodename nor servname provided, or not known>
[05:20:39] [11047/13737] ✓ 79729 = 0.54g
[05:20:47] [11048/13737] ✓ 79730 = 1.86g
[05:20:52] [11049/13737] ✓ 79735 = 0.13g
[05:20:57] [11050/13737] ✓ 79736 = 0.69g
[05:20:57] 进度 11050/13737 (80.4%) | 成功 7505 失败 3545 | 成功率 67.9% | 平均 10.7s/个 | 剩余 8.0h
[05:21:03] [11051/13737] ✓ 79737 = 1.01g
[05:21:08] [11052/13737] ✓ 79741 = 0.08g
[05:21:12] [11053/13737] ✓ 79743 = 0.3g
[05:21:17] [11054/13737] ✓ 79750 = 0.81g
[05:21:22] [11055/13737] ✓ 79751 = 6.9g
[05:21:26] [11056/13737] ✓ 79756 = 0.88g
[05:21:31] [11057/13737] ✓ 79757 = 0.67g
[05:21:37] [11058/13737] ✓ 79759c01 = 8.8g
[05:21:42] [11059/13737] ✓ 79766 = 11.66g
[05:21:46] [11060/13737] ✓ 79767 = 8.87g
[05:21:46] 进度 11060/13737 (80.5%) | 成功 7515 失败 3545 | 成功率 67.9% | 平均 10.7s/个 | 剩余 7.9h
[05:21:50] [11061/13737] ✓ 79768 = 9.7g
[05:21:54] [11062/13737] ✓ 79782 = 19.0g
[05:22:00] [11063/13737] ✓ 79783 = 34.0g
[05:22:04] [11064/13737] ✓ 79784 = 13.5g
[05:22:10] [11065/13737] ✗ 79785 - Bricklink 上不存在该零件
[05:22:15] [11066/13737] ✓ 79786 = 1.57g
[05:22:20] [11067/13737] ✓ 79789 = 20.3g
[05:22:24] [11068/13737] ✓ 7979 = 0.65g
[05:22:28] [11069/13737] ✓ 79790 = 26.1g
[05:22:35] [11070/13737] ✗ 79790book - Bricklink 上不存在该零件
[05:22:35] 进度 11070/13737 (80.6%) | 成功 7523 失败 3547 | 成功率 68.0% | 平均 10.7s/个 | 剩余 7.9h
[05:22:39] [11071/13737] ✓ 79793 = 26.6g
[05:22:44] [11072/13737] ✓ 79794 = 15.2g
[05:22:51] [11073/13737] ✗ 79808 - Bricklink 上不存在该零件
[05:22:58] [11074/13737] ✗ 79811 - Bricklink 上不存在该零件
[05:23:02] [11075/13737] ✓ 79816 = 0.35g
[05:23:07] [11076/13737] ✓ 79846 = 2.27g
[05:23:12] [11077/13737] ✓ 7985 = 0.13g
[05:23:16] [11078/13737] ✓ 79850 = 2.41g
[05:23:21] [11079/13737] ✓ 79851 = 1.63g
[05:23:25] [11080/13737] ✓ 79895 = 4.26g
[05:23:25] 进度 11080/13737 (80.7%) | 成功 7531 失败 3549 | 成功率 68.0% | 平均 10.6s/个 | 剩余 7.9h
[05:23:31] [11081/13737] ✓ 79896 = 3.12g
[05:23:35] [11082/13737] ✓ 79897 = 2.17g
[05:23:39] [11083/13737] ✓ 79973 = 0.33g
[05:23:44] [11084/13737] ✓ 79974 = 0.05g
[05:23:49] [11085/13737] ✓ 79985 = 0.32g
[05:23:54] [11086/13737] ✓ 79987 = 0.6g
[05:23:59] [11087/13737] ✓ 79994 = 9.09g
[05:24:03] [11088/13737] ✓ 79996 = 4.6g
[05:24:09] [11089/13737] ✓ 79998 = 6.0g
[05:24:14] [11090/13737] ✓ 799c800 = 4.3g
[05:24:14] 进度 11090/13737 (80.7%) | 成功 7541 失败 3549 | 成功率 68.0% | 平均 10.6s/个 | 剩余 7.8h
[05:24:20] [11091/13737] ✓ 7b = 0.93g
[05:24:25] [11092/13737] ✓ 8 = 1.0g
[05:24:30] [11093/13737] ✓ 800 = 3.34g
[05:24:36] [11094/13737] ✓ 80015 = 1.11g
[05:24:41] [11095/13737] ✓ 80017 = 5.35g
[05:24:46] [11096/13737] ✓ 80029 = 2.5g
[05:24:52] [11097/13737] ✓ 80031 = 11.74g
[05:24:57] [11098/13737] ✗ 80039 - Bricklink 上不存在该零件
[05:25:03] [11099/13737] ✗ 80045 - Bricklink 上不存在该零件
[05:25:09] [11100/13737] ✗ 80045a - Bricklink 上不存在该零件
[05:25:09] 进度 11100/13737 (80.8%) | 成功 7548 失败 3552 | 成功率 68.0% | 平均 10.6s/个 | 剩余 7.8h
[05:25:13] [11101/13737] ✓ 8006 = 0.75g
[05:25:19] [11102/13737] ✗ 801 - Bricklink 上不存在该零件
[05:25:23] [11103/13737] ✓ 80130 = 0.33g
[05:25:29] [11104/13737] ✗ 80133 - Bricklink 上不存在该零件
[05:25:35] [11105/13737] ✗ 80134 - Bricklink 上不存在该零件
[05:25:40] [11106/13737] ✓ 80166 = 37.4g
[05:25:45] [11107/13737] ✓ 80177 = 0.78g
[05:25:49] [11108/13737] ✓ 80178 = 0.78g
[05:25:54] [11109/13737] ✓ 80179 = 0.12g
[05:26:00] [11110/13737] ✗ 801a - Bricklink 上不存在该零件
[05:26:00] 进度 11110/13737 (80.9%) | 成功 7554 失败 3556 | 成功率 68.0% | 平均 10.6s/个 | 剩余 7.8h
[05:26:07] [11111/13737] ✗ 802 - Bricklink 上不存在该零件
[05:26:12] [11112/13737] ✓ 80222 = 4.5g
[05:26:15] [11113/13737] ✓ 80267 = 2.35g
[05:26:20] [11114/13737] ✓ 80268 = 2.35g
[05:26:26] [11115/13737] ✓ 80271 = 2.7g
[05:26:31] [11116/13737] ✓ 80272 = 2.7g
[05:26:37] [11117/13737] ✓ 80273 = 5.0g
[05:26:43] [11118/13737] ✓ 80274 = 1.61g
[05:26:48] [11119/13737] ✓ 80278 = 1.61g
[05:26:54] [11120/13737] ✓ 80279 = 26.26g
[05:26:54] 进度 11120/13737 (80.9%) | 成功 7563 失败 3557 | 成功率 68.0% | 平均 10.6s/个 | 剩余 7.7h
[05:26:59] [11121/13737] ✓ 80284 = 5.0g
[05:27:05] [11122/13737] ✓ 80285 = 4.73g
[05:27:09] [11123/13737] ✓ 80286 = 2.0g
[05:27:13] [11124/13737] ✓ 80295 = 3.08g
[05:27:19] [11125/13737] ✗ 802a - Bricklink 上不存在该零件
[05:27:24] [11126/13737] ✓ 803 = 5.0g
[05:27:29] [11127/13737] ✓ 80324 = 0.45g
[05:27:34] [11128/13737] ✓ 80326 = 0.5g
[05:27:38] [11129/13737] ✓ 80334 = 2.05g
[05:27:43] [11130/13737] ✓ 80336 = 3.73g
[05:27:43] 进度 11130/13737 (81.0%) | 成功 7572 失败 3558 | 成功率 68.0% | 平均 10.6s/个 | 剩余 7.7h
[05:27:47] [11131/13737] ✓ 80337 = 1.95g
[05:27:52] [11132/13737] ✓ 80390 = 3.8g
[05:27:56] [11133/13737] ✓ 80394 = 13.04g
[05:28:01] [11134/13737] ✓ 804 = 5.4g
[05:28:06] [11135/13737] ✓ 80400 = 9.33g
[05:28:11] [11136/13737] ✓ 80428 = 41.23g
[05:28:16] [11137/13737] ✓ 80429 = 0.77g
[05:28:21] [11138/13737] ✓ 80431 = 1.2g
[05:28:26] [11139/13737] ✓ 80436 = 0.82g
[05:28:31] [11140/13737] ✓ 80437 = 0.03g
[05:28:31] 进度 11140/13737 (81.1%) | 成功 7582 失败 3558 | 成功率 68.1% | 平均 10.6s/个 | 剩余 7.7h
[05:28:36] [11141/13737] ✓ 80440 = 2.75g
[05:28:40] [11142/13737] ✓ 80477 = 0.38g
[05:28:45] [11143/13737] ✓ 80481 = 6.41g
[05:28:50] [11144/13737] ✓ 80487 = 2.04g
[05:28:55] [11145/13737] ✓ 80488 = 2.01g
[05:29:00] [11146/13737] ✓ 80497 = 0.82g
[05:29:06] [11147/13737] ✓ 805 = 8.0g
[05:29:10] [11148/13737] ✓ 80500 = 0.51g
[05:29:14] [11149/13737] ✓ 80501 = 1.48g
[05:29:19] [11150/13737] ✓ 80514 = 13.0g
[05:29:19] 进度 11150/13737 (81.2%) | 成功 7592 失败 3558 | 成功率 68.1% | 平均 10.6s/个 | 剩余 7.6h
[05:29:23] [11151/13737] ✓ 80515 = 121.0g
[05:29:27] [11152/13737] ✓ 80516 = 120.0g
[05:29:33] [11153/13737] ✓ 80516c01 = 241.0g
[05:29:38] [11154/13737] ✓ 80519 = 0.53g
[05:29:43] [11155/13737] ✓ 80542 = 10.95g
[05:29:48] [11156/13737] ✓ 80543 = 1.78g
[05:29:54] [11157/13737] ✓ 80545 = 1.75g
[05:29:59] [11158/13737] ✓ 80562 = 1.0g
[05:30:05] [11159/13737] ✓ 80563 = 1.76g
[05:30:09] [11160/13737] ✓ 80564 = 7.0g
[05:30:09] 进度 11160/13737 (81.2%) | 成功 7602 失败 3558 | 成功率 68.1% | 平均 10.6s/个 | 剩余 7.6h
[05:30:13] [11161/13737] ✓ 80566 = 7.0g
[05:30:18] [11162/13737] ✓ 80567 = 3.64g
[05:30:23] [11163/13737] ✓ 80573 = 12.7g
[05:30:28] [11164/13737] ✓ 806 = 10.0g
[05:30:32] [11165/13737] ✓ 80674 = 0.27g
[05:30:38] [11166/13737] ✓ 80677 = 0.53g
[05:30:42] [11167/13737] ✓ 80681 = 0.23g
[05:30:48] [11168/13737] ✓ 80682 = 0.53g
[05:30:54] [11169/13737] ✓ 80683 = 2.19g
[05:30:59] [11170/13737] ✓ 80685 = 5.18g
[05:30:59] 进度 11170/13737 (81.3%) | 成功 7612 失败 3558 | 成功率 68.1% | 平均 10.6s/个 | 剩余 7.6h
[05:31:05] [11171/13737] ✓ 80686 = 0.53g
[05:31:09] [11172/13737] ✓ 80700 = 1.95g
[05:31:16] [11173/13737] ✗ 80731 - Bricklink 上不存在该零件
[05:31:23] [11174/13737] ✗ 80737 - Bricklink 上不存在该零件
[05:31:29] [11175/13737] ✓ 80792 = 0.8g
[05:31:33] [11176/13737] ✓ 80796 = 1.43g
[05:31:38] [11177/13737] ✓ 80835 = 1.15g
[05:31:43] [11178/13737] ✓ 809 = 67.0g
[05:31:47] [11179/13737] ✓ 80908 = 1.13g
[05:31:52] [11180/13737] ✓ 80909 = 33.43g
[05:31:53] 进度 11180/13737 (81.4%) | 成功 7620 失败 3560 | 成功率 68.2% | 平均 10.6s/个 | 剩余 7.5h
[05:31:58] [11181/13737] ✓ 80910 = 1.14g
[05:32:03] [11182/13737] ✓ 80911 = 1.47g
[05:32:08] [11183/13737] ✓ 811 = 31.0g
[05:32:15] [11184/13737] ✗ 8113cdb01 - Bricklink 上不存在该零件
[05:32:22] [11185/13737] ✗ 8114cdb01 - Bricklink 上不存在该零件
[05:32:26] [11186/13737] ✓ 812 = 4.3g
[05:32:32] [11187/13737] ✓ 813 = 25.0g
[05:32:38] [11188/13737] ✗ 81344 - Bricklink 上不存在该零件
[05:32:43] [11189/13737] ✓ 81346 = 1.0g
[05:32:47] [11190/13737] ✓ 813a = 25.0g
[05:32:47] 进度 11190/13737 (81.5%) | 成功 7627 失败 3563 | 成功率 68.2% | 平均 10.6s/个 | 剩余 7.5h
[05:32:53] [11191/13737] ✓ 814 = 0.8g
[05:32:57] [11192/13737] ✓ 815 = 2.5g
[05:33:01] [11193/13737] ✓ 815c01 = 3.6g
[05:33:05] [11194/13737] ✓ 815c02 = 3.6g
[05:33:10] [11195/13737] ✓ 816 = 0.3g
[05:33:16] [11196/13737] ✗ 8166cdb01 - Bricklink 上不存在该零件
[05:33:21] [11197/13737] ✓ 817c01 = 9.5g
[05:33:27] [11198/13737] ✓ 817c02 = 10.0g
[05:33:31] [11199/13737] ✓ 818 = 4.68g
[05:33:36] [11200/13737] ✓ 81911 = 1.13g
[05:33:36] 进度 11200/13737 (81.5%) | 成功 7636 失败 3564 | 成功率 68.2% | 平均 10.6s/个 | 剩余 7.5h
[05:33:42] [11201/13737] ✓ 820 = 21.0g
[05:33:46] [11202/13737] ✓ 820a = 15.5g
[05:33:51] [11203/13737] ✓ 820b = 2.06g
[05:33:56] [11204/13737] ✓ 821 = 2.0g
[05:34:03] [11205/13737] ✗ 821a - Bricklink 上不存在该零件
[05:34:10] [11206/13737] ✗ 821b - Bricklink 上不存在该零件
[05:34:17] [11207/13737] ✗ 822 - Bricklink 上不存在该零件
[05:34:23] [11208/13737] ✓ 82252 = 0.62g
[05:34:27] [11209/13737] ✓ 82253 = 2.54g
[05:34:32] [11210/13737] ✓ 82254 = 2.54g
[05:34:32] 进度 11210/13737 (81.6%) | 成功 7643 失败 3567 | 成功率 68.2% | 平均 10.6s/个 | 剩余 7.4h
[05:34:38] [11211/13737] ✗ 82282 - Bricklink 上不存在该零件
[05:34:42] [11212/13737] ✓ 822a = 2.0g
[05:34:47] [11213/13737] ✓ 822ac01 = 4.38g
[05:34:51] [11214/13737] ✓ 822ac02 = 4.5g
[05:34:56] [11215/13737] ✓ 822b = 2.5g
[05:35:00] [11216/13737] ✓ 822bc01 = 4.85g
[05:35:07] [11217/13737] ✗ 822e - Bricklink 上不存在该零件
[05:35:12] [11218/13737] ✗ 823c01 - Bricklink 上不存在该零件
[05:35:17] [11219/13737] ✓ 824 = 8.0g
[05:35:24] [11220/13737] ✗ 82449 - Bricklink 上不存在该零件
[05:35:24] 进度 11220/13737 (81.7%) | 成功 7649 失败 3571 | 成功率 68.2% | 平均 10.6s/个 | 剩余 7.4h
[05:35:30] [11221/13737] ✗ 82449a - Bricklink 上不存在该零件
[05:35:36] [11222/13737] ✗ 82449b - Bricklink 上不存在该零件
[05:35:42] [11223/13737] ✗ 82449c - Bricklink 上不存在该零件
[05:35:48] [11224/13737] ✗ 82449d - Bricklink 上不存在该零件
[05:35:53] [11225/13737] ✓ 825 = 2.3g
[05:35:58] [11226/13737] ✗ 82530 - Bricklink 上不存在该零件
[05:36:04] [11227/13737] ✗ 82530a - Bricklink 上不存在该零件
[05:36:11] [11228/13737] ✗ 82530b - Bricklink 上不存在该零件
[05:36:17] [11229/13737] ✗ 82530c - Bricklink 上不存在该零件
[05:36:24] [11230/13737] ✗ 82530d - Bricklink 上不存在该零件
[05:36:24] 进度 11230/13737 (81.8%) | 成功 7650 失败 3580 | 成功率 68.1% | 平均 10.6s/个 | 剩余 7.4h
[05:36:30] [11231/13737] ✗ 82545 - Bricklink 上不存在该零件
[05:36:36] [11232/13737] ✗ 82545a - Bricklink 上不存在该零件
[05:36:42] [11233/13737] ✗ 82545b - Bricklink 上不存在该零件
[05:36:47] [11234/13737] ✗ 82545c - Bricklink 上不存在该零件
[05:36:51] [11235/13737] ✓ 82562 = 18.0g
[05:36:56] [11236/13737] ✓ 826 = 2.3g
[05:37:01] [11237/13737] ✓ 827 = 11.0g
[05:37:06] [11238/13737] ✓ 828 = 4.2g
[05:37:13] [11239/13737] ✗ 83079 - Bricklink 上不存在该零件
[05:37:20] [11240/13737] ✗ 83085 - Bricklink 上不存在该零件
[05:37:20] 进度 11240/13737 (81.8%) | 成功 7654 失败 3586 | 成功率 68.1% | 平均 10.6s/个 | 剩余 7.3h
[05:37:25] [11241/13737] ✗ 83087 - Bricklink 上不存在该零件
[05:37:32] [11242/13737] ✗ 83152 - Bricklink 上不存在该零件
[05:37:38] [11243/13737] ✗ 83197 - 未在页面中找到重量数据
[05:37:44] [11244/13737] ✗ 83197a - Bricklink 上不存在该零件
[05:37:50] [11245/13737] ✓ 83345 = 1.0g
[05:37:55] [11246/13737] ✓ 83353 = 0.06g
[05:38:00] [11247/13737] ✓ 83496 = 4.52g
[05:38:05] [11248/13737] ✓ 83497 = 0.82g
[05:38:10] [11249/13737] ✓ 837 = 10.14g
[05:38:15] [11250/13737] ✓ 838 = 1.3g
[05:38:15] 进度 11250/13737 (81.9%) | 成功 7660 失败 3590 | 成功率 68.1% | 平均 10.6s/个 | 剩余 7.3h
[05:38:19] [11251/13737] ✓ 839 = 8.8g
[05:38:25] [11252/13737] ✓ 83970 = 0.69g
[05:38:30] [11253/13737] ✓ 840c01 = 4.0g
[05:38:35] [11254/13737] ✓ 841 = 8.4g
[05:38:40] [11255/13737] ✓ 84191 = 57.0g
[05:38:45] [11256/13737] ✓ 84192 = 19.0g
[05:38:49] [11257/13737] ✓ 84193 = 13.0g
[05:38:54] [11258/13737] ✓ 84194 = 19.0g
[05:38:59] [11259/13737] ✓ 84195 = 4.5g
[05:39:03] [11260/13737] ✓ 842 = 0.5g
[05:39:03] 进度 11260/13737 (82.0%) | 成功 7670 失败 3590 | 成功率 68.1% | 平均 10.6s/个 | 剩余 7.3h
[05:39:08] [11261/13737] ✓ 84205 = 13.63g
[05:39:14] [11262/13737] ✗ 8428cd - Bricklink 上不存在该零件
[05:39:18] [11263/13737] ✓ 843 = 1.1g
[05:39:25] [11264/13737] ✗ 84349 - Bricklink 上不存在该零件
[05:39:30] [11265/13737] ✓ 84433 = 0.11g
[05:39:37] [11266/13737] ✗ 8457tapentsc - Bricklink 上不存在该零件
[05:39:44] [11267/13737] ✗ 8457tapepal - Bricklink 上不存在该零件
[05:39:49] [11268/13737] ✓ 84599 = 82.0g
[05:39:56] [11269/13737] ✗ 84605 - Bricklink 上不存在该零件
[05:40:01] [11270/13737] ✗ 84612 - Bricklink 上不存在该零件
[05:40:01] 进度 11270/13737 (82.0%) | 成功 7674 失败 3596 | 成功率 68.1% | 平均 10.6s/个 | 剩余 7.2h
[05:40:06] [11271/13737] ✓ 84622 = 0.5g
[05:40:12] [11272/13737] ✓ 84624 = 0.6g
[05:40:18] [11273/13737] ✗ 84638c02 - Bricklink 上不存在该零件
[05:40:24] [11274/13737] ✗ 84638c03 - Bricklink 上不存在该零件
[05:40:28] [11275/13737] ✓ 84772 = 23.04g
[05:40:34] [11276/13737] ✓ 8479bar01 = 62.0g
[05:40:39] [11277/13737] ✓ 84866 = 3.5g
[05:40:44] [11278/13737] ✓ 84867 = 0.82g
[05:40:48] [11279/13737] ✓ 84868 = 0.43g
[05:40:54] [11280/13737] ✗ 84943 - Bricklink 上不存在该零件
[05:40:54] 进度 11280/13737 (82.1%) | 成功 7681 失败 3599 | 成功率 68.1% | 平均 10.6s/个 | 剩余 7.2h
[05:41:01] [11281/13737] ✗ 84943a - Bricklink 上不存在该零件
[05:41:07] [11282/13737] ✓ 84954 = 3.74g
[05:41:13] [11283/13737] ✗ 8496cdb01 - Bricklink 上不存在该零件
[05:41:17] [11284/13737] ✓ 850 = 4.5g
[05:41:24] [11285/13737] ✗ 85043 - Bricklink 上不存在该零件
[05:41:28] [11286/13737] ✓ 85046c01 = 6.8g
[05:41:35] [11287/13737] ✗ 850791cb02 - Bricklink 上不存在该零件
[05:41:42] [11288/13737] ✓ 85080 = 0.94g
[05:41:47] [11289/13737] ✓ 850c01 = 9.0g
[05:41:51] [11290/13737] ✓ 850c02 = 4.83g
[05:41:51] 进度 11290/13737 (82.2%) | 成功 7687 失败 3603 | 成功率 68.1% | 平均 10.5s/个 | 剩余 7.2h
[05:41:56] [11291/13737] ✓ 85195 = 1.9g
[05:42:00] [11292/13737] ✓ 851a = 2.9g
[05:42:06] [11293/13737] ✓ 851b = 3.07g
[05:42:10] [11294/13737] ✓ 852 = 1.6g
[05:42:15] [11295/13737] ✗ 852001stor - Bricklink 上不存在该零件
[05:42:21] [11296/13737] ✗ 85204 - Bricklink 上不存在该零件
[05:42:27] [11297/13737] ✗ 85205 - Bricklink 上不存在该零件
[05:42:34] [11298/13737] ✗ 852132board - Bricklink 上不存在该零件
[05:42:41] [11299/13737] ✗ 852293stor - Bricklink 上不存在该零件
[05:42:47] [11300/13737] ✗ 852906 - Bricklink 上不存在该零件
[05:42:47] 进度 11300/13737 (82.3%) | 成功 7691 失败 3609 | 成功率 68.1% | 平均 10.5s/个 | 剩余 7.1h
[05:42:54] [11301/13737] ✗ 853175coinbox - Bricklink 上不存在该零件
[05:42:59] [11302/13737] ✓ 85345 = 14.0g
[05:43:04] [11303/13737] ✓ 85347 = 8.0g
[05:43:10] [11304/13737] ✓ 85348 = 36.0g
[05:43:15] [11305/13737] ✗ 85351 - Bricklink 上不存在该零件
[05:43:20] [11306/13737] ✓ 85355 = 5.0g
[05:43:27] [11307/13737] ✗ 853569book - Bricklink 上不存在该零件
[05:43:32] [11308/13737] ✗ 853650cdb01 - Bricklink 上不存在该零件
[05:43:38] [11309/13737] ✗ 853702cdb01 - Bricklink 上不存在该零件
[05:43:44] [11310/13737] ✗ 853798book - Bricklink 上不存在该零件
[05:43:44] 进度 11310/13737 (82.3%) | 成功 7695 失败 3615 | 成功率 68.0% | 平均 10.5s/个 | 剩余 7.1h
[05:43:50] [11311/13737] ✗ 853917book - Bricklink 上不存在该零件
[05:43:57] [11312/13737] ✗ 853967 - Bricklink 上不存在该零件
[05:44:01] [11313/13737] ✗ 85450 - 未在页面中找到重量数据
[05:44:06] [11314/13737] ✓ 85451 = 8.0g
[05:44:10] [11315/13737] ✓ 85452 = 6.0g
[05:44:16] [11316/13737] ✓ 85453 = 10.0g
[05:44:20] [11317/13737] ✓ 85454 = 4.0g
[05:44:24] [11318/13737] ✓ 85455 = 4.0g
[05:44:29] [11319/13737] ✓ 85456 = 6.0g
[05:44:33] [11320/13737] ✓ 85457 = 2.0g
[05:44:33] 进度 11320/13737 (82.4%) | 成功 7702 失败 3618 | 成功率 68.0% | 平均 10.5s/个 | 剩余 7.1h
[05:44:39] [11321/13737] ✓ 85458 = 5.0g
[05:44:43] [11322/13737] ✓ 85459 = 4.0g
[05:44:47] [11323/13737] ✓ 85460 = 2.0g
[05:44:52] [11324/13737] ✓ 85461 = 4.0g
[05:44:56] [11325/13737] ✓ 85489 = 7.0g
[05:45:03] [11326/13737] ✗ 85543 - Bricklink 上不存在该零件
[05:45:10] [11327/13737] ✗ 85544 - Bricklink 上不存在该零件
[05:45:17] [11328/13737] ✗ 85545 - Bricklink 上不存在该零件
[05:45:25] [11329/13737] ✗ 85546 - Bricklink 上不存在该零件
[05:45:30] [11330/13737] ✗ 85557 - Bricklink 上不存在该零件
[05:45:30] 进度 11330/13737 (82.5%) | 成功 7707 失败 3623 | 成功率 68.0% | 平均 10.5s/个 | 剩余 7.0h
[05:45:37] [11331/13737] ✗ 85557c01 - Bricklink 上不存在该零件
[05:45:43] [11332/13737] ✗ 85558 - Bricklink 上不存在该零件
[05:45:49] [11333/13737] ✓ 85559c01 = 8.8g
[05:45:54] [11334/13737] ✓ 85559c02 = 8.0g
[05:45:58] [11335/13737] ✓ 85559c03 = 8.6g
[05:46:04] [11336/13737] ✗ 85606 - Bricklink 上不存在该零件
[05:46:09] [11337/13737] ✓ 85607 = 0.66g
[05:46:13] [11338/13737] ✓ 85651 = 1.5g
[05:46:19] [11339/13737] ✓ 85718 = 1.0g
[05:46:24] [11340/13737] ✓ 85755c01 = 21.0g
[05:46:24] 进度 11340/13737 (82.6%) | 成功 7714 失败 3626 | 成功率 68.0% | 平均 10.5s/个 | 剩余 7.0h
[05:46:28] [11341/13737] ✓ 85756 = 8.0g
[05:46:35] [11342/13737] ✗ 85759 - Bricklink 上不存在该零件
[05:46:40] [11343/13737] ✓ 85760 = 7.1g
[05:46:46] [11344/13737] ✗ 85761 - Bricklink 上不存在该零件
[05:46:51] [11345/13737] ✓ 85764c01 = 16.0g
[05:46:55] [11346/13737] ✓ 85764c02 = 16.0g
[05:47:00] [11347/13737] ✓ 85765 = 8.1g
[05:47:05] [11348/13737] ✗ 85766 - Bricklink 上不存在该零件
[05:47:11] [11349/13737] ✓ 85769 = 7.82g
[05:47:16] [11350/13737] ✗ 85770 - Bricklink 上不存在该零件
[05:47:16] 进度 11350/13737 (82.6%) | 成功 7720 失败 3630 | 成功率 68.0% | 平均 10.5s/个 | 剩余 7.0h
[05:47:22] [11351/13737] ✓ 85772 = 8.0g
[05:47:29] [11352/13737] ✗ 85773 - Bricklink 上不存在该零件
[05:47:34] [11353/13737] ✓ 85775c01 = 13.0g
[05:47:39] [11354/13737] ✓ 85776 = 7.5g
[05:47:46] [11355/13737] ✗ 85777 - Bricklink 上不存在该零件
[05:47:50] [11356/13737] ✓ 85779 = 6.8g
[05:47:58] [11357/13737] ✗ 85780 - Bricklink 上不存在该零件
[05:48:05] [11358/13737] ✗ 85800 - Bricklink 上不存在该零件
[05:48:11] [11359/13737] ✗ 85824 - Bricklink 上不存在该零件
[05:48:17] [11360/13737] ✗ 85825 - Bricklink 上不存在该零件
[05:48:17] 进度 11360/13737 (82.7%) | 成功 7724 失败 3636 | 成功率 68.0% | 平均 10.5s/个 | 剩余 6.9h
[05:48:22] [11361/13737] ✓ 85834 = 3.2g
[05:48:26] [11362/13737] ✓ 85841 = 7.27g
[05:48:32] [11363/13737] ✗ 85842 - Bricklink 上不存在该零件
[05:48:38] [11364/13737] ✓ 85861 = 0.1g
[05:48:43] [11365/13737] ✓ 85863 = 0.63g
[05:48:48] [11366/13737] ✓ 85940 = 0.5g
[05:48:53] [11367/13737] ✓ 85941 = 4.1g
[05:48:58] [11368/13737] ✓ 85942 = 0.64g
[05:49:03] [11369/13737] ✓ 85943 = 1.34g
[05:49:07] [11370/13737] ✓ 85944 = 0.63g
[05:49:08] 进度 11370/13737 (82.8%) | 成功 7733 失败 3637 | 成功率 68.0% | 平均 10.5s/个 | 剩余 6.9h
[05:49:13] [11371/13737] ✓ 85945 = 0.85g
[05:49:20] [11372/13737] ✗ 85947 - Bricklink 上不存在该零件
[05:49:26] [11373/13737] ✗ 85951 - Bricklink 上不存在该零件
[05:49:31] [11374/13737] ✓ 85959 = 1.1g
[05:49:35] [11375/13737] ✓ 85961 = 0.8g
[05:49:41] [11376/13737] ✓ 85962 = 14.7g
[05:49:46] [11377/13737] ✓ 85969 = 1.21g
[05:49:51] [11378/13737] ✓ 85970 = 2.2g
[05:49:57] [11379/13737] ✗ 85973 - Bricklink 上不存在该零件
[05:50:03] [11380/13737] ✓ 85974 = 0.81g
[05:50:03] 进度 11380/13737 (82.8%) | 成功 7740 失败 3640 | 成功率 68.0% | 平均 10.5s/个 | 剩余 6.9h
[05:50:07] [11381/13737] ✓ 85975 = 0.29g
[05:50:13] [11382/13737] ✓ 85976 = 13.8g
[05:50:17] [11383/13737] ✓ 85977 = 16.2g
[05:50:22] [11384/13737] ✓ 85983 = 3.63g
[05:50:29] [11385/13737] ✓ 85984 = 0.35g
[05:50:35] [11386/13737] ✗ 86035 - Bricklink 上不存在该零件
[05:50:40] [11387/13737] ✓ 86038 = 0.18g
[05:50:44] [11388/13737] ✓ 86055 = 0.75g
[05:50:49] [11389/13737] ✓ 86056 = 0.75g
[05:50:54] [11390/13737] ✓ 86057 = 0.21g
[05:50:54] 进度 11390/13737 (82.9%) | 成功 7749 失败 3641 | 成功率 68.0% | 平均 10.5s/个 | 剩余 6.8h
[05:50:59] [11391/13737] ✓ 86058 = 0.21g
[05:51:05] [11392/13737] ✓ 86059 = 0.48g
[05:51:09] [11393/13737] ✓ 86123 = 0.84g
[05:51:15] [11394/13737] ✓ 86124 = 0.69g
[05:51:20] [11395/13737] ✓ 86125 = 4.49g
[05:51:25] [11396/13737] ✓ 86125a = 0.48g
[05:51:30] [11397/13737] ✓ 86125b = 0.2g
[05:51:35] [11398/13737] ✓ 86125c = 0.34g
[05:51:39] [11399/13737] ✓ 86125d = 0.28g
[05:51:44] [11400/13737] ✓ 86125e = 0.25g
[05:51:44] 进度 11400/13737 (83.0%) | 成功 7759 失败 3641 | 成功率 68.1% | 平均 10.5s/个 | 剩余 6.8h
[05:51:50] [11401/13737] ✓ 86146 = 0.62g
[05:51:55] [11402/13737] ✓ 86148 = 2.29g
[05:52:01] [11403/13737] ✓ 86185 = 0.65g
[05:52:05] [11404/13737] ✓ 86208 = 0.33g
[05:52:10] [11405/13737] ✓ 86297 = 0.6g
[05:52:16] [11406/13737] ✓ 86301 = 0.05g
[05:52:21] [11407/13737] ✓ 86444 = 98.0g
[05:52:27] [11408/13737] ✓ 86500 = 2.6g
[05:52:33] [11409/13737] ✗ 86501 - Bricklink 上不存在该零件
[05:52:39] [11410/13737] ✗ 86594 - Bricklink 上不存在该零件
[05:52:39] 进度 11410/13737 (83.1%) | 成功 7767 失败 3643 | 成功率 68.1% | 平均 10.5s/个 | 剩余 6.8h
[05:52:46] [11411/13737] ✗ 86599 - Bricklink 上不存在该零件
[05:52:53] [11412/13737] ✗ 86601 - Bricklink 上不存在该零件
[05:52:58] [11413/13737] ✓ 86652 = 6.72g
[05:53:05] [11414/13737] ✗ 867 - Bricklink 上不存在该零件
[05:53:11] [11415/13737] ✓ 86876 = 0.75g
[05:53:15] [11416/13737] ✓ 86879 = 0.87g
[05:53:22] [11417/13737] ✓ 86996 = 0.29g
[05:53:26] [11418/13737] ✓ 87058 = 42.0g
[05:53:32] [11419/13737] ✓ 87079 = 0.9g
[05:53:36] [11420/13737] ✓ 87080 = 2.5g
[05:53:36] 进度 11420/13737 (83.1%) | 成功 7774 失败 3646 | 成功率 68.1% | 平均 10.5s/个 | 剩余 6.8h
[05:53:41] [11421/13737] ✓ 87081 = 3.04g
[05:53:47] [11422/13737] ✓ 87082 = 0.5g
[05:53:51] [11423/13737] ✓ 87083 = 0.59g
[05:53:56] [11424/13737] ✓ 87084 = 9.59g
[05:54:01] [11425/13737] ✓ 87086 = 2.5g
[05:54:06] [11426/13737] ✓ 87087 = 0.45g
[05:54:10] [11427/13737] ✓ 871 = 0.9g
[05:54:16] [11428/13737] ✓ 87321 = 4.0g
[05:54:20] [11429/13737] ✓ 87322 = 23.5g
[05:54:25] [11430/13737] ✓ 87326 = 40.0g
[05:54:25] 进度 11430/13737 (83.2%) | 成功 7784 失败 3646 | 成功率 68.1% | 平均 10.5s/个 | 剩余 6.7h
[05:54:29] [11431/13737] ✓ 87375 = 8.72g
[05:54:34] [11432/13737] ✓ 87407 = 0.8g
[05:54:38] [11433/13737] ✓ 87408 = 1.54g
[05:54:43] [11434/13737] ✓ 87414 = 0.5g
[05:54:48] [11435/13737] ✓ 87421 = 3.7g
[05:54:53] [11436/13737] ✓ 87513 = 28.4g
[05:54:57] [11437/13737] ✓ 87544 = 1.22g
[05:55:02] [11438/13737] ✓ 87552 = 1.05g
[05:55:05] [11439/13737] ✓ 87555 = 0.67g
[05:55:11] [11440/13737] ✓ 87559 = 9.25g
[05:55:11] 进度 11440/13737 (83.3%) | 成功 7794 失败 3646 | 成功率 68.1% | 平均 10.5s/个 | 剩余 6.7h
[05:55:17] [11441/13737] ✗ 87562 - Bricklink 上不存在该零件
[05:55:23] [11442/13737] ✗ 87568 - Bricklink 上不存在该零件
[05:55:27] [11443/13737] ✓ 87572 = 1.0g
[05:55:34] [11444/13737] ✗ 87574 - Bricklink 上不存在该零件
[05:55:40] [11445/13737] ✗ 87576 - Bricklink 上不存在该零件
[05:55:46] [11446/13737] ✗ 87577 - Bricklink 上不存在该零件
[05:55:51] [11447/13737] ✓ 87578 = 79.0g
[05:55:57] [11448/13737] ✓ 87580 = 0.52g
[05:56:01] [11449/13737] ✓ 87585 = 0.39g
[05:56:06] [11450/13737] ✓ 87587 = 0.95g
[05:56:06] 进度 11450/13737 (83.4%) | 成功 7799 失败 3651 | 成功率 68.1% | 平均 10.5s/个 | 剩余 6.7h
[05:56:14] [11451/13737] ✗ 8760 - Bricklink 上不存在该零件
[05:56:19] [11452/13737] ✓ 87601 = 6.3g
[05:56:24] [11453/13737] ✓ 87606 = 5.9g
[05:56:29] [11454/13737] ✓ 87609 = 2.24g
[05:56:34] [11455/13737] ✓ 87610 = 0.59g
[05:56:40] [11456/13737] ✓ 87611 = 8.0g
[05:56:45] [11457/13737] ✓ 87612 = 2.0g
[05:56:49] [11458/13737] ✓ 87613 = 9.0g
[05:56:54] [11459/13737] ✓ 87614 = 7.0g
[05:56:59] [11460/13737] ✓ 87615 = 7.0g
[05:56:59] 进度 11460/13737 (83.4%) | 成功 7808 失败 3652 | 成功率 68.1% | 平均 10.5s/个 | 剩余 6.6h
[05:57:04] [11461/13737] ✓ 87616 = 12.0g
[05:57:10] [11462/13737] ✓ 87617 = 1.1g
[05:57:15] [11463/13737] ✓ 87618 = 0.7g
[05:57:20] [11464/13737] ✓ 87619 = 4.0g
[05:57:25] [11465/13737] ✓ 87620 = 1.0g
[05:57:30] [11466/13737] ✗ 87621 - Bricklink 上不存在该零件
[05:57:35] [11467/13737] ✓ 87654 = 66.0g
[05:57:42] [11468/13737] ✗ 87655 - Bricklink 上不存在该零件
[05:57:48] [11469/13737] ✗ 87662 - Bricklink 上不存在该零件
[05:57:54] [11470/13737] ✗ 87684 - Bricklink 上不存在该零件
[05:57:54] 进度 11470/13737 (83.5%) | 成功 7814 失败 3656 | 成功率 68.1% | 平均 10.5s/个 | 剩余 6.6h
[05:58:00] [11471/13737] ✗ 87685 - Bricklink 上不存在该零件
[05:58:06] [11472/13737] ✗ 87686 - Bricklink 上不存在该零件
[05:58:13] [11473/13737] ✗ 87687 - Bricklink 上不存在该零件
[05:58:19] [11474/13737] ✗ 87692 - Bricklink 上不存在该零件
[05:58:26] [11475/13737] ✗ 87693 - Bricklink 上不存在该零件
[05:58:33] [11476/13737] ✗ 87694 - Bricklink 上不存在该零件
[05:58:40] [11477/13737] ✗ 87695 - Bricklink 上不存在该零件
[05:58:46] [11478/13737] ✗ 87696 - Bricklink 上不存在该零件
[05:58:50] [11479/13737] ✓ 87697 = 1.98g
[05:59:00] [11480/13737] ✗ 87702c01 - Bricklink 上不存在该零件
[05:59:00] 进度 11480/13737 (83.6%) | 成功 7815 失败 3665 | 成功率 68.1% | 平均 10.5s/个 | 剩余 6.6h
[05:59:07] [11481/13737] ✗ 87708 - Bricklink 上不存在该零件
[05:59:12] [11482/13737] ✗ 877186 - Bricklink 上不存在该零件
[05:59:18] [11483/13737] ✓ 87745 = 0.8g
[05:59:23] [11484/13737] ✓ 87747 = 0.2g
[05:59:30] [11485/13737] ✗ 87748 - Bricklink 上不存在该零件
[05:59:36] [11486/13737] ✓ 87749 = 4.07g
[05:59:41] [11487/13737] ✓ 87750 = 2.6g
[05:59:46] [11488/13737] ✓ 87751 = 1.55g
[05:59:52] [11489/13737] ✓ 87752 = 3.7g
[05:59:58] [11490/13737] ✓ 87754 = 1.64g
[05:59:58] 进度 11490/13737 (83.6%) | 成功 7822 失败 3668 | 成功率 68.1% | 平均 10.5s/个 | 剩余 6.5h
[06:00:03] [11491/13737] ✓ 87761 = 1.8g
[06:00:08] [11492/13737] ✗ 8777370163 - Bricklink 上不存在该零件
[06:00:14] [11493/13737] ✗ 8777370201 - Bricklink 上不存在该零件
[06:00:20] [11494/13737] ✓ 87777 = 0.25g
[06:00:26] [11495/13737] ✗ 87780 - Bricklink 上不存在该零件
[06:00:31] [11496/13737] ✓ 87781 = 0.98g
[06:00:36] [11497/13737] ✓ 87785 = 3.78g
[06:00:42] [11498/13737] ✓ 87788 = 2.4g
[06:00:48] [11499/13737] ✓ 87789 = 1.95g
[06:00:52] [11500/13737] ✓ 87790 = 1.8g
[06:00:52] 进度 11500/13737 (83.7%) | 成功 7829 失败 3671 | 成功率 68.1% | 平均 10.5s/个 | 剩余 6.5h
[06:00:57] [11501/13737] ✓ 87791 = 2.0g
[06:01:01] [11502/13737] ✓ 87792 = 9.0g
[06:01:05] [11503/13737] ✓ 87794 = 11.0g
[06:01:10] [11504/13737] ✓ 87796 = 3.1g
[06:01:14] [11505/13737] ✓ 87797 = 4.5g
[06:01:18] [11506/13737] ✓ 87798 = 2.9g
[06:01:23] [11507/13737] ✓ 87799 = 1.5g
[06:01:27] [11508/13737] ✓ 87801 = 7.7g
[06:01:32] [11509/13737] ✓ 87802 = 2.5g
[06:01:36] [11510/13737] ✓ 87805 = 2.1g
[06:01:36] 进度 11510/13737 (83.8%) | 成功 7839 失败 3671 | 成功率 68.1% | 平均 10.4s/个 | 剩余 6.5h
[06:01:40] [11511/13737] ✓ 87807 = 5.7g
[06:01:44] [11512/13737] ✓ 87808 = 2.6g
[06:01:49] [11513/13737] ✓ 87809 = 8.8g
[06:01:53] [11514/13737] ✓ 87810 = 7.0g
[06:01:59] [11515/13737] ✓ 87811 = 2.4g
[06:02:05] [11516/13737] ✗ 87812 - Bricklink 上不存在该零件
[06:02:10] [11517/13737] ✓ 87814 = 2.3g
[06:02:14] [11518/13737] ✓ 87815 = 8.3g
[06:02:20] [11519/13737] ✓ 87816 = 7.6g
[06:02:25] [11520/13737] ✓ 87817 = 2.6g
[06:02:25] 进度 11520/13737 (83.9%) | 成功 7848 失败 3672 | 成功率 68.1% | 平均 10.4s/个 | 剩余 6.4h
[06:02:30] [11521/13737] ✓ 87820 = 5.0g
[06:02:35] [11522/13737] ✓ 87821 = 2.0g
[06:02:39] [11523/13737] ✓ 87822 = 2.0g
[06:02:45] [11524/13737] ✓ 87823 = 2.0g
[06:02:49] [11525/13737] ✓ 87824 = 2.0g
[06:02:54] [11526/13737] ✓ 87826 = 4.0g
[06:02:59] [11527/13737] ✓ 87827 = 2.0g
[06:03:03] [11528/13737] ✓ 87828 = 2.0g
[06:03:08] [11529/13737] ✓ 87831 = 3.0g
[06:03:13] [11530/13737] ✓ 87837 = 1.7g
[06:03:13] 进度 11530/13737 (83.9%) | 成功 7858 失败 3672 | 成功率 68.2% | 平均 10.4s/个 | 剩余 6.4h
[06:03:19] [11531/13737] ✓ 87838 = 14.0g
[06:03:23] [11532/13737] ✓ 87839 = 4.0g
[06:03:28] [11533/13737] ✓ 87840 = 5.0g
[06:03:33] [11534/13737] ✓ 87841 = 3.9g
[06:03:39] [11535/13737] ✓ 87842 = 5.8g
[06:03:44] [11536/13737] ✓ 87844 = 2.7g
[06:03:49] [11537/13737] ✓ 87845 = 8.2g
[06:03:55] [11538/13737] ✓ 87846 = 2.8g
[06:04:00] [11539/13737] ✓ 87847 = 6.3g
[06:04:04] [11540/13737] ✓ 87848 = 6.5g
[06:04:04] 进度 11540/13737 (84.0%) | 成功 7868 失败 3672 | 成功率 68.2% | 平均 10.4s/个 | 剩余 6.4h
[06:04:09] [11541/13737] ✓ 879 = 2.93g
[06:04:14] [11542/13737] ✓ 87913 = 2.01g
[06:04:20] [11543/13737] ✓ 87926 = 10.2g
[06:04:25] [11544/13737] ✓ 87941 = 28.0g
[06:04:33] [11545/13737] ✓ 87943 = 21.0g
[06:04:38] [11546/13737] ✓ 87944 = 7.0g
[06:04:44] [11547/13737] ✓ 87957 = 0.5g
[06:04:49] [11548/13737] ✗ 87969 - Bricklink 上不存在该零件
[06:04:56] [11549/13737] ✗ 87971 - Bricklink 上不存在该零件
[06:05:01] [11550/13737] ✓ 87989 = 0.1g
[06:05:01] 进度 11550/13737 (84.1%) | 成功 7876 失败 3674 | 成功率 68.2% | 平均 10.4s/个 | 剩余 6.3h
[06:05:06] [11551/13737] ✓ 87990 = 0.61g
[06:05:12] [11552/13737] ✓ 87991 = 0.59g
[06:05:16] [11553/13737] ✓ 87992 = 1.09g
[06:05:21] [11554/13737] ✓ 87993 = 0.41g
[06:05:26] [11555/13737] ✓ 87994 = 0.2g
[06:05:32] [11556/13737] ✓ 87995 = 1.23g
[06:05:38] [11557/13737] ✓ 87997 = 0.62g
[06:05:42] [11558/13737] ✓ 87998 = 0.37g
[06:05:47] [11559/13737] ✓ 87999 = 0.74g
[06:05:53] [11560/13737] ✓ 879c02 = 2.8g
[06:05:53] 进度 11560/13737 (84.2%) | 成功 7886 失败 3674 | 成功率 68.2% | 平均 10.4s/个 | 剩余 6.3h
[06:05:59] [11561/13737] ✓ 879c03 = 2.88g
[06:06:03] [11562/13737] ✓ 879c04 = 2.88g
[06:06:07] [11563/13737] ✓ 88000 = 0.86g
[06:06:13] [11564/13737] ✗ 880006 - Bricklink 上不存在该零件
[06:06:17] [11565/13737] ✓ 88001 = 0.97g
[06:06:22] [11566/13737] ✓ 88066 = 0.63g
[06:06:27] [11567/13737] ✓ 88067 = 7.8g
[06:06:33] [11568/13737] ✓ 88068 = 5.8g
[06:06:41] [11569/13737] ✗ 88072 - Bricklink 上不存在该零件
[06:06:46] [11570/13737] ✓ 88076 = 5.9g
[06:06:46] 进度 11570/13737 (84.2%) | 成功 7894 失败 3676 | 成功率 68.2% | 平均 10.4s/个 | 剩余 6.3h
[06:06:52] [11571/13737] ✓ 88283 = 0.57g
[06:06:57] [11572/13737] ✓ 88284 = 0.44g
[06:07:02] [11573/13737] ✓ 88286 = 0.81g
[06:07:05] [11574/13737] ✓ 88287 = 1.28g
[06:07:11] [11575/13737] ✗ 88288 - Bricklink 上不存在该零件
[06:07:16] [11576/13737] ✓ 88289 = 1.07g
[06:07:20] [11577/13737] ✓ 88290 = 0.34g
[06:07:26] [11578/13737] ✓ 88292 = 1.04g
[06:07:31] [11579/13737] ✓ 88293 = 2.88g
[06:07:36] [11580/13737] ✓ 88295 = 0.26g
[06:07:36] 进度 11580/13737 (84.3%) | 成功 7903 失败 3677 | 成功率 68.2% | 平均 10.4s/个 | 剩余 6.2h
[06:07:42] [11581/13737] ✗ 88323 - Bricklink 上不存在该零件
[06:07:47] [11582/13737] ✓ 88393 = 3.32g
[06:07:53] [11583/13737] ✓ 88431 = 0.26g
[06:07:57] [11584/13737] ✓ 88432 = 0.35g
[06:08:02] [11585/13737] ✓ 88489 = 0.43g
[06:08:06] [11586/13737] ✓ 88496 = 7.0g
[06:08:10] [11587/13737] ✓ 884b = 105.0g
[06:08:15] [11588/13737] ✓ 884c = 105.0g
[06:08:21] [11589/13737] ✗ 88514 - Bricklink 上不存在该零件
[06:08:25] [11590/13737] ✓ 88516 = 18.4g
[06:08:25] 进度 11590/13737 (84.4%) | 成功 7911 失败 3679 | 成功率 68.3% | 平均 10.4s/个 | 剩余 6.2h
[06:08:30] [11591/13737] ✓ 88517 = 17.7g
[06:08:37] [11592/13737] ✗ 88519 - Bricklink 上不存在该零件
[06:08:42] [11593/13737] ✓ 88646 = 1.52g
[06:08:47] [11594/13737] ✓ 88686 = 0.05g
[06:08:52] [11595/13737] ✓ 88687 = 0.23g
[06:08:59] [11596/13737] ✗ 88694 - Bricklink 上不存在该零件
[06:09:03] [11597/13737] ✓ 88695 = 0.1g
[06:09:09] [11598/13737] ✓ 88704 = 0.24g
[06:09:15] [11599/13737] ✓ 88738 = 6.95g
[06:09:19] [11600/13737] ✓ 88811 = 0.18g
[06:09:19] 进度 11600/13737 (84.4%) | 成功 7919 失败 3681 | 成功率 68.3% | 平均 10.4s/个 | 剩余 6.2h
[06:09:24] [11601/13737] ✓ 88812 = 0.17g
[06:09:31] [11602/13737] ✗ 8888 - Bricklink 上不存在该零件
[06:09:37] [11603/13737] ✗ 8889 - Bricklink 上不存在该零件
[06:09:43] [11604/13737] ✗ 8890 - Bricklink 上不存在该零件
[06:09:51] [11605/13737] ✗ 8891 - Bricklink 上不存在该零件
[06:09:58] [11606/13737] ✗ 88929 - Bricklink 上不存在该零件
[06:10:03] [11607/13737] ✓ 88930 = 1.36g
[06:10:07] [11608/13737] ✓ 88954 = 2.4g
[06:10:11] [11609/13737] ✓ 88964 = 0.11g
[06:10:15] [11610/13737] ✓ 890 = 0.4g
[06:10:15] 进度 11610/13737 (84.5%) | 成功 7924 失败 3686 | 成功率 68.3% | 平均 10.4s/个 | 剩余 6.1h
[06:10:20] [11611/13737] ✓ 89079 = 0.3g
[06:10:26] [11612/13737] ✓ 89140 = 0.1g
[06:10:30] [11613/13737] ✓ 89157 = 6.3g
[06:10:37] [11614/13737] ✗ 89158 - Bricklink 上不存在该零件
[06:10:42] [11615/13737] ✓ 89159 = 0.28g
[06:10:49] [11616/13737] ✗ 89187 - Bricklink 上不存在该零件
[06:10:54] [11617/13737] ✓ 89195 = 26.0g
[06:10:59] [11618/13737] ✗ 89199 - Bricklink 上不存在该零件
[06:11:03] [11619/13737] ✓ 89201 = 3.49g
[06:11:09] [11620/13737] ✗ 89278 - Bricklink 上不存在该零件
[06:11:09] 进度 11620/13737 (84.6%) | 成功 7930 失败 3690 | 成功率 68.2% | 平均 10.4s/个 | 剩余 6.1h
[06:11:15] [11621/13737] ✗ 89390c01 - Bricklink 上不存在该零件
[06:11:19] [11622/13737] ✓ 89391c01 = 84.0g
[06:11:24] [11623/13737] ✓ 89398 = 5.3g
[06:11:31] [11624/13737] ✗ 89416 - Bricklink 上不存在该零件
[06:11:38] [11625/13737] ✗ 89465 - Bricklink 上不存在该零件
[06:11:43] [11626/13737] ✓ 89509 = 4.0g
[06:11:47] [11627/13737] ✓ 89519 = 13.3g
[06:11:53] [11628/13737] ✓ 89520 = 0.6g
[06:11:58] [11629/13737] ✓ 89522 = 0.1g
[06:12:04] [11630/13737] ✓ 89523 = 10.43g
[06:12:04] 进度 11630/13737 (84.7%) | 成功 7937 失败 3693 | 成功率 68.2% | 平均 10.4s/个 | 剩余 6.1h
[06:12:08] [11631/13737] ✓ 89524 = 1.4g
[06:12:15] [11632/13737] ✗ 896 - Bricklink 上不存在该零件
[06:12:21] [11633/13737] ✗ 89616 - Bricklink 上不存在该零件
[06:12:28] [11634/13737] ✗ 89617 - Bricklink 上不存在该零件
[06:12:34] [11635/13737] ✗ 89618 - Bricklink 上不存在该零件
[06:12:40] [11636/13737] ✗ 89619 - Bricklink 上不存在该零件
[06:12:44] [11637/13737] ✓ 89648 = 3.0g
[06:12:49] [11638/13737] ✓ 89649 = 2.0g
[06:12:55] [11639/13737] ✓ 89650 = 2.06g
[06:12:59] [11640/13737] ✓ 89651 = 2.4g
[06:12:59] 进度 11640/13737 (84.7%) | 成功 7942 失败 3698 | 成功率 68.2% | 平均 10.4s/个 | 剩余 6.1h
[06:13:04] [11641/13737] ✓ 89652 = 1.0g
[06:13:09] [11642/13737] ✓ 89668 = 55.0g
[06:13:14] [11643/13737] ✓ 89678 = 0.1g
[06:13:19] [11644/13737] ✓ 89679 = 0.32g
[06:13:24] [11645/13737] ✓ 89681 = 3.2g
[06:13:29] [11646/13737] ✓ 89762 = 4.48g
[06:13:34] [11647/13737] ✓ 89801 = 1.8g
[06:13:41] [11648/13737] ✗ 89812 - Bricklink 上不存在该零件
[06:13:47] [11649/13737] ✗ 89813 - Bricklink 上不存在该零件
[06:13:51] [11650/13737] ✓ 89849 = 6.0g
[06:13:52] 进度 11650/13737 (84.8%) | 成功 7950 失败 3700 | 成功率 68.2% | 平均 10.4s/个 | 剩余 6.0h
[06:13:56] [11651/13737] ✓ 89862 = 20.0g
[06:14:00] [11652/13737] ✓ 89895 = 1.16g
[06:14:04] [11653/13737] ✓ 89898 = 1.74g
[06:14:09] [11654/13737] ✓ 89899 = 1.74g
[06:14:15] [11655/13737] ✗ 89908 - Bricklink 上不存在该零件
[06:14:20] [11656/13737] ✓ 89917 = 0.56g
[06:14:25] [11657/13737] ✓ 89918 = 0.69g
[06:14:32] [11658/13737] ✗ 89953c01 - Bricklink 上不存在该零件
[06:14:38] [11659/13737] ✗ 89953c02 - Bricklink 上不存在该零件
[06:14:45] [11660/13737] ✗ 89954c01 - Bricklink 上不存在该零件
[06:14:45] 进度 11660/13737 (84.9%) | 成功 7956 失败 3704 | 成功率 68.2% | 平均 10.4s/个 | 剩余 6.0h
[06:14:51] [11661/13737] ✗ 89954c02 - Bricklink 上不存在该零件
[06:14:58] [11662/13737] ✗ 89973 - Bricklink 上不存在该零件
[06:15:05] [11663/13737] ✗ 89974 - Bricklink 上不存在该零件
[06:15:09] [11664/13737] ✓ 89992 = 0.15g
[06:15:14] [11665/13737] ✓ 89993 = 0.2g
[06:15:18] [11666/13737] ✓ 90001 = 3.6g
[06:15:22] [11667/13737] ✓ 90005 = 0.07g
[06:15:29] [11668/13737] ✗ 900093 - Bricklink 上不存在该零件
[06:15:36] [11669/13737] ✗ 900581 - Bricklink 上不存在该零件
[06:15:39] [11670/13737] ✓ 90109 = 21.0g
[06:15:39] 进度 11670/13737 (85.0%) | 成功 7961 失败 3709 | 成功率 68.2% | 平均 10.4s/个 | 剩余 6.0h
[06:15:45] [11671/13737] ✗ 90187c01 - Bricklink 上不存在该零件
[06:15:50] [11672/13737] ✓ 90190 = 1.3g
[06:15:55] [11673/13737] ✓ 90192 = 0.02g
[06:16:00] [11674/13737] ✓ 90193 = 0.53g
[06:16:07] [11675/13737] ✗ 90194 - Bricklink 上不存在该零件
[06:16:13] [11676/13737] ✓ 90195 = 0.74g
[06:16:20] [11677/13737] ✗ 901956 - Bricklink 上不存在该零件
[06:16:25] [11678/13737] ✗ 901957 - Bricklink 上不存在该零件
[06:16:31] [11679/13737] ✓ 90199 = 0.8g
[06:16:37] [11680/13737] ✗ 90200c01 - Bricklink 上不存在该零件
[06:16:37] 进度 11680/13737 (85.0%) | 成功 7966 失败 3714 | 成功率 68.2% | 平均 10.4s/个 | 剩余 5.9h
[06:16:41] [11681/13737] ✓ 90201 = 4.2g
[06:16:46] [11682/13737] ✓ 90202 = 0.5g
[06:16:50] [11683/13737] ✓ 90203 = 1.3g
[06:16:56] [11684/13737] ✗ 902097 - Bricklink 上不存在该零件
[06:17:02] [11685/13737] ✗ 902221 - Bricklink 上不存在该零件
[06:17:07] [11686/13737] ✗ 902222 - Bricklink 上不存在该零件
[06:17:14] [11687/13737] ✗ 90254 - Bricklink 上不存在该零件
[06:17:20] [11688/13737] ✗ 90255 - Bricklink 上不存在该零件
[06:17:26] [11689/13737] ✓ 90258 = 1.31g
[06:17:30] [11690/13737] ✓ 90265 = 3.4g
[06:17:30] 进度 11690/13737 (85.1%) | 成功 7971 失败 3719 | 成功率 68.2% | 平均 10.4s/个 | 剩余 5.9h
[06:17:34] [11691/13737] ✓ 90322 = 0.42g
[06:17:38] [11692/13737] ✓ 90370 = 0.15g
[06:17:43] [11693/13737] ✓ 90386 = 0.4g
[06:17:49] [11694/13737] ✗ 90388 - Bricklink 上不存在该零件
[06:17:54] [11695/13737] ✓ 90390 = 0.39g
[06:17:59] [11696/13737] ✓ 90392 = 0.84g
[06:18:04] [11697/13737] ✓ 90395 = 0.63g
[06:18:09] [11698/13737] ✓ 90396 = 1.15g
[06:18:15] [11699/13737] ✓ 90397 = 1.54g
[06:18:20] [11700/13737] ✓ 90398 = 0.19g
[06:18:20] 进度 11700/13737 (85.2%) | 成功 7980 失败 3720 | 成功率 68.2% | 平均 10.4s/个 | 剩余 5.9h
[06:18:25] [11701/13737] ✓ 90460 = 1.23g
[06:18:32] [11702/13737] ✗ 90462 - Bricklink 上不存在该零件
[06:18:40] [11703/13737] ✗ 90463 - Bricklink 上不存在该零件
[06:18:45] [11704/13737] ✓ 90498 = 14.0g
[06:18:51] [11705/13737] ✗ 90508 - Bricklink 上不存在该零件
[06:18:56] [11706/13737] ✓ 90509 = 0.54g
[06:19:02] [11707/13737] ✗ 90538 - Bricklink 上不存在该零件
[06:19:08] [11708/13737] ✓ 90540 = 0.11g
[06:19:12] [11709/13737] ✓ 90541 = 0.82g
[06:19:17] [11710/13737] ✓ 90605 = 3.2g
[06:19:17] 进度 11710/13737 (85.2%) | 成功 7986 失败 3724 | 成功率 68.2% | 平均 10.4s/个 | 剩余 5.8h
[06:19:21] [11711/13737] ✓ 90607 = 2.6g
[06:19:26] [11712/13737] ✓ 90608 = 2.3g
[06:19:31] [11713/13737] ✓ 90609 = 2.0g
[06:19:36] [11714/13737] ✓ 90611 = 1.5g
[06:19:41] [11715/13737] ✓ 90612 = 1.3g
[06:19:45] [11716/13737] ✓ 90613 = 3.63g
[06:19:50] [11717/13737] ✓ 90615 = 3.0g
[06:19:54] [11718/13737] ✓ 90616 = 2.7g
[06:20:00] [11719/13737] ✓ 90617 = 2.3g
[06:20:04] [11720/13737] ✓ 90622 = 1.9g
[06:20:04] 进度 11720/13737 (85.3%) | 成功 7996 失败 3724 | 成功率 68.2% | 平均 10.4s/个 | 剩余 5.8h
[06:20:09] [11721/13737] ✓ 90623 = 8.9g
[06:20:15] [11722/13737] ✓ 90625 = 8.1g
[06:20:20] [11723/13737] ✓ 90626 = 6.9g
[06:20:24] [11724/13737] ✓ 90630 = 2.2g
[06:20:29] [11725/13737] ✓ 90634 = 2.9g
[06:20:35] [11726/13737] ✓ 90636 = 4.0g
[06:20:40] [11727/13737] ✓ 90638 = 3.3g
[06:20:46] [11728/13737] ✓ 90639 = 2.8g
[06:20:52] [11729/13737] ✓ 90640 = 2.3g
[06:20:56] [11730/13737] ✓ 90641 = 1.8g
[06:20:56] 进度 11730/13737 (85.4%) | 成功 8006 失败 3724 | 成功率 68.3% | 平均 10.4s/个 | 剩余 5.8h
[06:21:01] [11731/13737] ✓ 90649 = 6.7g
[06:21:05] [11732/13737] ✓ 90650 = 3.3g
[06:21:11] [11733/13737] ✓ 90652 = 4.7g
[06:21:16] [11734/13737] ✓ 90661 = 5.1g
[06:21:22] [11735/13737] ✗ 90754 - Bricklink 上不存在该零件
[06:21:27] [11736/13737] ✓ 90826 = 0.55g
[06:21:31] [11737/13737] ✓ 90840 = 4.7g
[06:21:36] [11738/13737] ✓ 90981 = 1.51g
[06:21:42] [11739/13737] ✓ 91049 = 0.37g
[06:21:47] [11740/13737] ✓ 911 = 47.0g
[06:21:47] 进度 11740/13737 (85.5%) | 成功 8015 失败 3725 | 成功率 68.3% | 平均 10.3s/个 | 剩余 5.7h
[06:21:53] [11741/13737] ✓ 91176 = 7.0g
[06:21:58] [11742/13737] ✓ 911b = 10.0g
[06:22:04] [11743/13737] ✓ 912 = 14.0g
[06:22:08] [11744/13737] ✓ 91347 = 1.5g
[06:22:13] [11745/13737] ✓ 91405 = 35.0g
[06:22:19] [11746/13737] ✓ 91501 = 0.5g
[06:22:25] [11747/13737] ✓ 91526 = 22.96g
[06:22:31] [11748/13737] ✓ 91884 = 0.5g
[06:22:38] [11749/13737] ✗ 919 - Bricklink 上不存在该零件
[06:22:44] [11750/13737] ✓ 91968c01 = 5.8g
[06:22:44] 进度 11750/13737 (85.5%) | 成功 8024 失败 3726 | 成功率 68.3% | 平均 10.3s/个 | 剩余 5.7h
[06:22:49] [11751/13737] ✓ 91988 = 3.89g
[06:22:54] [11752/13737] ✓ 92002 = 16.0g
[06:23:01] [11753/13737] ✗ 92004 - Bricklink 上不存在该零件
[06:23:06] [11754/13737] ✓ 92005 = 12.0g
[06:23:11] [11755/13737] ✓ 92006 = 22.0g
[06:23:16] [11756/13737] ✓ 92007 = 13.0g
[06:23:21] [11757/13737] ✓ 92009 = 4.4g
[06:23:27] [11758/13737] ✓ 92011 = 6.7g
[06:23:30] [11759/13737] ✓ 92013 = 1.98g
[06:23:36] [11760/13737] ✗ 92015 - Bricklink 上不存在该零件
[06:23:37] 进度 11760/13737 (85.6%) | 成功 8032 失败 3728 | 成功率 68.3% | 平均 10.3s/个 | 剩余 5.7h
[06:23:43] [11761/13737] ✗ 92016 - Bricklink 上不存在该零件
[06:23:49] [11762/13737] ✗ 92018 - Bricklink 上不存在该零件
[06:23:56] [11763/13737] ✗ 92019 - Bricklink 上不存在该零件
[06:24:01] [11764/13737] ✓ 92081 = 0.36g
[06:24:06] [11765/13737] ✓ 92082 = 1.3g
[06:24:10] [11766/13737] ✓ 92083 = 0.93g
[06:24:16] [11767/13737] ✓ 92084 = 1.4g
[06:24:20] [11768/13737] ✓ 92086 = 22.0g
[06:24:26] [11769/13737] ✓ 92088 = 20.94g
[06:24:31] [11770/13737] ✓ 92092 = 1.2g
[06:24:31] 进度 11770/13737 (85.7%) | 成功 8039 失败 3731 | 成功率 68.3% | 平均 10.3s/个 | 剩余 5.6h
[06:24:36] [11771/13737] ✓ 92094 = 23.9g
[06:24:41] [11772/13737] ✓ 92099 = 3.1g
[06:24:47] [11773/13737] ✓ 92107 = 4.0g
[06:24:53] [11774/13737] ✗ 9213 - Bricklink 上不存在该零件
[06:24:58] [11775/13737] ✓ 92198 = 0.6g
[06:25:02] [11776/13737] ✓ 92199 = 0.7g
[06:25:08] [11777/13737] ✓ 92201 = 3.0g
[06:25:12] [11778/13737] ✓ 92202 = 3.2g
[06:25:17] [11779/13737] ✓ 92203 = 2.0g
[06:25:22] [11780/13737] ✓ 92204 = 2.5g
[06:25:22] 进度 11780/13737 (85.8%) | 成功 8048 失败 3732 | 成功率 68.3% | 平均 10.3s/个 | 剩余 5.6h
[06:25:26] [11781/13737] ✓ 92205 = 2.8g
[06:25:31] [11782/13737] ✓ 92206 = 2.6g
[06:25:36] [11783/13737] ✓ 92207 = 2.4g
[06:25:42] [11784/13737] ✓ 92208 = 1.8g
[06:25:48] [11785/13737] ✓ 92209 = 2.3g
[06:25:52] [11786/13737] ✓ 92210 = 2.3g
[06:25:56] [11787/13737] ✓ 92211 = 2.2g
[06:26:02] [11788/13737] ✓ 92213 = 4.8g
[06:26:07] [11789/13737] ✓ 92214 = 4.1g
[06:26:12] [11790/13737] ✓ 92215 = 6.0g
[06:26:12] 进度 11790/13737 (85.8%) | 成功 8058 失败 3732 | 成功率 68.3% | 平均 10.3s/个 | 剩余 5.6h
[06:26:16] [11791/13737] ✓ 92216 = 2.1g
[06:26:21] [11792/13737] ✓ 92217 = 1.9g
[06:26:25] [11793/13737] ✓ 92218 = 1.0g
[06:26:29] [11794/13737] ✓ 92219 = 2.1g
[06:26:34] [11795/13737] ✓ 92220 = 0.7g
[06:26:38] [11796/13737] ✓ 92221 = 3.0g
[06:26:43] [11797/13737] ✓ 92222 = 1.7g
[06:26:49] [11798/13737] ✓ 92223 = 6.0g
[06:26:54] [11799/13737] ✓ 92224 = 4.7g
[06:27:00] [11800/13737] ✓ 92225 = 2.8g
[06:27:00] 进度 11800/13737 (85.9%) | 成功 8068 失败 3732 | 成功率 68.4% | 平均 10.3s/个 | 剩余 5.6h
[06:27:05] [11801/13737] ✓ 92226 = 2.9g
[06:27:10] [11802/13737] ✓ 92227 = 3.1g
[06:27:14] [11803/13737] ✓ 92228 = 2.8g
[06:27:20] [11804/13737] ✓ 92229 = 3.9g
[06:27:25] [11805/13737] ✓ 92230 = 3.5g
[06:27:30] [11806/13737] ✓ 92231 = 3.6g
[06:27:34] [11807/13737] ✓ 92232 = 2.8g
[06:27:39] [11808/13737] ✓ 92233 = 6.1g
[06:27:44] [11809/13737] ✓ 92234 = 1.0g
[06:27:48] [11810/13737] ✓ 92235 = 1.0g
[06:27:48] 进度 11810/13737 (86.0%) | 成功 8078 失败 3732 | 成功率 68.4% | 平均 10.3s/个 | 剩余 5.5h
[06:27:53] [11811/13737] ✓ 92238 = 3.4g
[06:28:00] [11812/13737] ✗ 92254 - Bricklink 上不存在该零件
[06:28:05] [11813/13737] ✓ 92255 = 1.18g
[06:28:10] [11814/13737] ✓ 92256 = 1.13g
[06:28:15] [11815/13737] ✓ 92257 = 0.84g
[06:28:21] [11816/13737] ✓ 92258 = 0.8g
[06:28:25] [11817/13737] ✓ 92259 = 0.65g
[06:28:31] [11818/13737] ✓ 92262 = 0.94g
[06:28:37] [11819/13737] ✓ 92263 = 0.94g
[06:28:42] [11820/13737] ✓ 92279 = 4.5g
[06:28:43] 进度 11820/13737 (86.0%) | 成功 8087 失败 3733 | 成功率 68.4% | 平均 10.3s/个 | 剩余 5.5h
[06:28:47] [11821/13737] ✓ 92280 = 0.4g
[06:28:53] [11822/13737] ✗ 92290 - Bricklink 上不存在该零件
[06:28:58] [11823/13737] ✓ 92338 = 0.33g
[06:29:02] [11824/13737] ✓ 92339 = 22.0g
[06:29:08] [11825/13737] ✓ 92340 = 20.5g
[06:29:12] [11826/13737] ✓ 92355 = 3.69g
[06:29:17] [11827/13737] ✓ 92402 = 7.0g
[06:29:21] [11828/13737] ✓ 92409 = 0.78g
[06:29:27] [11829/13737] ✗ 92410 - Bricklink 上不存在该零件
[06:29:33] [11830/13737] ✓ 92438 = 17.0g
[06:29:33] 进度 11830/13737 (86.1%) | 成功 8095 失败 3735 | 成功率 68.4% | 平均 10.3s/个 | 剩余 5.5h
[06:29:39] [11831/13737] ✗ 9244 - Bricklink 上不存在该零件
[06:29:45] [11832/13737] ✗ 9244a - Bricklink 上不存在该零件
[06:29:51] [11833/13737] ✓ 92453 = 21.0g
[06:29:56] [11834/13737] ✓ 92474 = 2.26g
[06:30:01] [11835/13737] ✓ 92512 = 3.81g
[06:30:06] [11836/13737] ✗ 92534 - Bricklink 上不存在该零件
[06:30:12] [11837/13737] ✗ 92539 - Bricklink 上不存在该零件
[06:30:18] [11838/13737] ✗ 92548 - Bricklink 上不存在该零件
[06:30:24] [11839/13737] ✗ 92549 - Bricklink 上不存在该零件
[06:30:29] [11840/13737] ✓ 92579 = 5.7g
[06:30:29] 进度 11840/13737 (86.2%) | 成功 8099 失败 3741 | 成功率 68.4% | 平均 10.3s/个 | 剩余 5.4h
[06:30:34] [11841/13737] ✓ 92580 = 5.7g
[06:30:40] [11842/13737] ✓ 92582 = 0.75g
[06:30:45] [11843/13737] ✓ 92583 = 4.0g
[06:30:49] [11844/13737] ✓ 92584 = 8.5g
[06:30:54] [11845/13737] ✓ 92585 = 0.34g
[06:30:59] [11846/13737] ✓ 92586 = 2.18g
[06:31:04] [11847/13737] ✓ 92589 = 2.04g
[06:31:09] [11848/13737] ✓ 92590 = 0.82g
[06:31:14] [11849/13737] ✓ 92591 = 13.0g
[06:31:20] [11850/13737] ✓ 92593 = 0.61g
[06:31:20] 进度 11850/13737 (86.3%) | 成功 8109 失败 3741 | 成功率 68.4% | 平均 10.3s/个 | 剩余 5.4h
[06:31:25] [11851/13737] ✓ 92690 = 0.2g
[06:31:30] [11852/13737] ✓ 92691 = 0.38g
[06:31:36] [11853/13737] ✓ 92692 = 0.91g
[06:31:43] [11854/13737] ✗ 92693 - Bricklink 上不存在该零件
[06:31:49] [11855/13737] ✗ 926957 - Bricklink 上不存在该零件
[06:31:55] [11856/13737] ✓ 92710 = 24.0g
[06:31:59] [11857/13737] ✓ 92710c01 = 63.0g
[06:32:04] [11858/13737] ✓ 92710c02 = 63.0g
[06:32:09] [11859/13737] ✓ 92710c03 = 64.0g
[06:32:14] [11860/13737] ✓ 92710c04 = 63.0g
[06:32:14] 进度 11860/13737 (86.3%) | 成功 8117 失败 3743 | 成功率 68.4% | 平均 10.3s/个 | 剩余 5.4h
[06:32:19] [11861/13737] ✓ 92710c05 = 64.0g
[06:32:24] [11862/13737] ✓ 92711 = 39.0g
[06:32:29] [11863/13737] ✓ 92715c01 = 19.5g
[06:32:33] [11864/13737] ✓ 92738 = 0.23g
[06:32:38] [11865/13737] ✓ 92746 = 0.5g
[06:32:43] [11866/13737] ✓ 92747 = 0.6g
[06:32:48] [11867/13737] ✓ 92758 = 0.6g
[06:32:55] [11868/13737] ✗ 92761 - Bricklink 上不存在该零件
[06:33:01] [11869/13737] ✓ 92790 = 0.26g
[06:33:06] [11870/13737] ✓ 92814 = 0.51g
[06:33:06] 进度 11870/13737 (86.4%) | 成功 8126 失败 3744 | 成功率 68.5% | 平均 10.3s/个 | 剩余 5.3h
[06:33:12] [11871/13737] ✗ 92817c01 - Bricklink 上不存在该零件
[06:33:17] [11872/13737] ✓ 92832 = 8.97g
[06:33:22] [11873/13737] ✓ 92842 = 0.8g
[06:33:28] [11874/13737] ✓ 92847 = 15.52g
[06:33:34] [11875/13737] ✗ 92851 - Bricklink 上不存在该零件
[06:33:38] [11876/13737] ✓ 92862 = 0.33g
[06:33:42] [11877/13737] ✓ 92865 = 0.25g
[06:33:46] [11878/13737] ✓ 92906 = 0.45g
[06:33:52] [11879/13737] ✓ 92907 = 1.1g
[06:33:58] [11880/13737] ✓ 92908 = 5.5g
[06:33:58] 进度 11880/13737 (86.5%) | 成功 8134 失败 3746 | 成功率 68.5% | 平均 10.3s/个 | 剩余 5.3h
[06:34:02] [11881/13737] ✓ 92908c01 = 8.0g
[06:34:07] [11882/13737] ✓ 92909 = 2.5g
[06:34:11] [11883/13737] ✓ 92910 = 5.0g
[06:34:17] [11884/13737] ✓ 92911 = 3.5g
[06:34:22] [11885/13737] ✓ 92912 = 52.0g
[06:34:28] [11886/13737] ✗ 92925c01 - Bricklink 上不存在该零件
[06:34:33] [11887/13737] ✓ 92926 = 1.8g
[06:34:40] [11888/13737] ✗ 92937c01 - Bricklink 上不存在该零件
[06:34:46] [11889/13737] ✗ 92937c02 - Bricklink 上不存在该零件
[06:34:52] [11890/13737] ✗ 92938 - Bricklink 上不存在该零件
[06:34:52] 进度 11890/13737 (86.6%) | 成功 8140 失败 3750 | 成功率 68.5% | 平均 10.3s/个 | 剩余 5.3h
[06:34:56] [11891/13737] ✓ 92944 = 0.49g
[06:35:01] [11892/13737] ✓ 92946 = 0.42g
[06:35:06] [11893/13737] ✓ 92947 = 0.98g
[06:35:12] [11894/13737] ✓ 92950 = 1.64g
[06:35:17] [11895/13737] ✓ 93055 = 0.38g
[06:35:22] [11896/13737] ✓ 93056 = 0.58g
[06:35:28] [11897/13737] ✓ 93058 = 0.13g
[06:35:35] [11898/13737] ✗ 93058b - Bricklink 上不存在该零件
[06:35:40] [11899/13737] ✓ 93059 = 0.42g
[06:35:44] [11900/13737] ✓ 93060 = 1.25g
[06:35:44] 进度 11900/13737 (86.6%) | 成功 8149 失败 3751 | 成功率 68.5% | 平均 10.3s/个 | 剩余 5.2h
[06:35:49] [11901/13737] ✓ 93061 = 0.18g
[06:35:55] [11902/13737] ✓ 93062c01 = 0.31g
[06:36:00] [11903/13737] ✓ 93062c02 = 0.31g
[06:36:05] [11904/13737] ✓ 93069 = 0.21g
[06:36:09] [11905/13737] ✓ 93070 = 13.51g
[06:36:15] [11906/13737] ✗ 93071 - Bricklink 上不存在该零件
[06:36:21] [11907/13737] ✗ 93072 - Bricklink 上不存在该零件
[06:36:25] [11908/13737] ✓ 93080 = 2.64g
[06:36:30] [11909/13737] ✓ 93081 = 4.0g
[06:36:35] [11910/13737] ✓ 93082 = 5.2g
[06:36:35] 进度 11910/13737 (86.7%) | 成功 8157 失败 3753 | 成功率 68.5% | 平均 10.3s/个 | 剩余 5.2h
[06:36:41] [11911/13737] ✓ 93086 = 2.45g
[06:36:46] [11912/13737] ✓ 93087 = 1.5g
[06:36:51] [11913/13737] ✗ 93089 - Bricklink 上不存在该零件
[06:36:56] [11914/13737] ✓ 93090 = 0.4g
[06:37:00] [11915/13737] ✓ 93091 = 0.7g
[06:37:05] [11916/13737] ✓ 93092 = 0.59g
[06:37:11] [11917/13737] ✗ 93094 - Bricklink 上不存在该零件
[06:37:16] [11918/13737] ✓ 93095 = 0.49g
[06:37:22] [11919/13737] ✓ 93096 = 2.48g
[06:37:27] [11920/13737] ✓ 93106 = 0.91g
[06:37:27] 进度 11920/13737 (86.8%) | 成功 8165 失败 3755 | 成功率 68.5% | 平均 10.3s/个 | 剩余 5.2h
[06:37:32] [11921/13737] ✓ 93140 = 2.7g
[06:37:37] [11922/13737] ✓ 93147 = 103.0g
[06:37:41] [11923/13737] ✓ 93149 = 42.0g
[06:37:46] [11924/13737] ✓ 93150 = 24.0g
[06:37:50] [11925/13737] ✓ 93160 = 0.17g
[06:37:54] [11926/13737] ✓ 93168 = 7.0g
[06:37:58] [11927/13737] ✓ 93216 = 0.24g
[06:38:03] [11928/13737] ✓ 93217 = 0.49g
[06:38:10] [11929/13737] ✗ 93218 - Bricklink 上不存在该零件
[06:38:15] [11930/13737] ✓ 93219 = 0.41g
[06:38:15] 进度 11930/13737 (86.8%) | 成功 8174 失败 3756 | 成功率 68.5% | 平均 10.3s/个 | 剩余 5.2h
[06:38:20] [11931/13737] ✓ 93220 = 0.46g
[06:38:26] [11932/13737] ✓ 93222 = 0.49g
[06:38:30] [11933/13737] ✓ 93223 = 0.22g
[06:38:36] [11934/13737] ✗ 93224c02 - Bricklink 上不存在该零件
[06:38:42] [11935/13737] ✓ 93225 = 0.39g
[06:38:48] [11936/13737] ✗ 93229 - Bricklink 上不存在该零件
[06:38:53] [11937/13737] ✗ 93230 - Bricklink 上不存在该零件
[06:38:58] [11938/13737] ✓ 93231 = 0.39g
[06:39:03] [11939/13737] ✓ 93247 = 0.28g
[06:39:07] [11940/13737] ✓ 93250 = 2.38g
[06:39:07] 进度 11940/13737 (86.9%) | 成功 8181 失败 3759 | 成功率 68.5% | 平均 10.3s/个 | 剩余 5.1h
[06:39:12] [11941/13737] ✓ 93251 = 0.32g
[06:39:17] [11942/13737] ✓ 93252 = 0.42g
[06:39:23] [11943/13737] ✓ 93273 = 0.6g
[06:39:29] [11944/13737] ✓ 93274 = 1.29g
[06:39:34] [11945/13737] ✓ 93277 = 2.2g
[06:39:39] [11946/13737] ✓ 93348 = 2.26g
[06:39:43] [11947/13737] ✓ 93352 = 1.1g
[06:39:48] [11948/13737] ✓ 93353 = 9.0g
[06:39:54] [11949/13737] ✓ 93383 = 0.86g
[06:39:58] [11950/13737] ✓ 93496 = 0.06g
[06:39:58] 进度 11950/13737 (87.0%) | 成功 8191 失败 3759 | 成功率 68.5% | 平均 10.3s/个 | 剩余 5.1h
[06:40:01] [11951/13737] ✓ 93541 = 79.0g
[06:40:07] [11952/13737] ✗ 93549 - Bricklink 上不存在该零件
[06:40:13] [11953/13737] ✗ 9354a - Bricklink 上不存在该零件
[06:40:20] [11954/13737] ✗ 9354b - Bricklink 上不存在该零件
[06:40:27] [11955/13737] ✗ 9354c - Bricklink 上不存在该零件
[06:40:34] [11956/13737] ✗ 9354d - Bricklink 上不存在该零件
[06:40:38] [11957/13737] ✓ 93550 = 0.21g
[06:40:42] [11958/13737] ✓ 93551 = 0.26g
[06:40:46] [11959/13737] ✓ 93552 = 0.14g
[06:40:50] [11960/13737] ✓ 93553 = 0.43g
[06:40:51] 进度 11960/13737 (87.1%) | 成功 8196 失败 3764 | 成功率 68.5% | 平均 10.3s/个 | 剩余 5.1h
[06:40:54] [11961/13737] ✓ 93554 = 0.76g
[06:40:59] [11962/13737] ✓ 93555 = 0.23g
[06:41:03] [11963/13737] ✓ 93557 = 0.38g
[06:41:09] [11964/13737] ✓ 93558 = 0.42g
[06:41:13] [11965/13737] ✓ 93559 = 0.29g
[06:41:18] [11966/13737] ✓ 93560 = 0.51g
[06:41:22] [11967/13737] ✓ 93561 = 0.19g
[06:41:27] [11968/13737] ✓ 93562 = 0.54g
[06:41:33] [11969/13737] ✓ 93563 = 0.26g
[06:41:39] [11970/13737] ✗ 93568 - Bricklink 上不存在该零件
[06:41:39] 进度 11970/13737 (87.1%) | 成功 8205 失败 3765 | 成功率 68.5% | 平均 10.2s/个 | 剩余 5.0h
[06:41:43] [11971/13737] ✓ 93571 = 1.1g
[06:41:49] [11972/13737] ✓ 93575 = 2.1g
[06:41:54] [11973/13737] ✓ 93587 = 2.8g
[06:42:00] [11974/13737] ✓ 93589 = 2.0g
[06:42:04] [11975/13737] ✓ 93590 = 1.58g
[06:42:09] [11976/13737] ✓ 93591 = 4.87g
[06:42:14] [11977/13737] ✓ 93592 = 20.8g
[06:42:18] [11978/13737] ✓ 93593 = 0.33g
[06:42:24] [11979/13737] ✓ 93594 = 0.36g
[06:42:28] [11980/13737] ✓ 93595 = 0.38g
[06:42:28] 进度 11980/13737 (87.2%) | 成功 8215 失败 3765 | 成功率 68.6% | 平均 10.2s/个 | 剩余 5.0h
[06:42:33] [11981/13737] ✓ 93597 = 2.86g
[06:42:38] [11982/13737] ✓ 93604 = 1.55g
[06:42:43] [11983/13737] ✓ 93606 = 1.4g
[06:42:47] [11984/13737] ✓ 93607 = 81.0g
[06:42:52] [11985/13737] ✓ 93608 = 78.0g
[06:42:57] [11986/13737] ✓ 93609 = 0.2g
[06:43:02] [11987/13737] ✓ 93668 = 4.24g
[06:43:07] [11988/13737] ✓ 93787 = 0.3g
[06:43:12] [11989/13737] ✓ 93789 = 0.4g
[06:43:17] [11990/13737] ✓ 93794 = 0.22g
[06:43:17] 进度 11990/13737 (87.3%) | 成功 8225 失败 3765 | 成功率 68.6% | 平均 10.2s/个 | 剩余 5.0h
[06:43:22] [11991/13737] ✓ 94158 = 1.5g
[06:43:27] [11992/13737] ✓ 94161 = 0.4g
[06:43:32] [11993/13737] ✓ 94162 = 0.29g
[06:43:38] [11994/13737] ✓ 94164 = 92.0g
[06:43:42] [11995/13737] ✓ 94301 = 7.0g
[06:43:47] [11996/13737] ✓ 94318 = 2.0g
[06:43:53] [11997/13737] ✓ 94531 = 19.0g
[06:44:00] [11998/13737] ✗ 94717 - Bricklink 上不存在该零件
[06:44:06] [11999/13737] ✗ 94718 - Bricklink 上不存在该零件
[06:44:12] [12000/13737] ✗ 94719 - Bricklink 上不存在该零件
[06:44:12] 进度 12000/13737 (87.4%) | 成功 8232 失败 3768 | 成功率 68.6% | 平均 10.2s/个 | 剩余 4.9h
[06:44:19] [12001/13737] ✗ 94720 - Bricklink 上不存在该零件
[06:44:25] [12002/13737] ✗ 94721 - Bricklink 上不存在该零件
[06:44:32] [12003/13737] ✗ 94722 - Bricklink 上不存在该零件
[06:44:39] [12004/13737] ✗ 94723 - Bricklink 上不存在该零件
[06:44:45] [12005/13737] ✗ 94724 - Bricklink 上不存在该零件
[06:44:51] [12006/13737] ✗ 94725 - Bricklink 上不存在该零件
[06:44:57] [12007/13737] ✗ 94883 - Bricklink 上不存在该零件
[06:45:01] [12008/13737] ✓ 94901 = 7.4g
[06:45:06] [12009/13737] ✓ 94902 = 3.9g
[06:45:12] [12010/13737] ✗ 94905 - Bricklink 上不存在该零件
[06:45:12] 进度 12010/13737 (87.4%) | 成功 8234 失败 3776 | 成功率 68.6% | 平均 10.2s/个 | 剩余 4.9h
[06:45:19] [12011/13737] ✓ 94925 = 0.7g
[06:45:25] [12012/13737] ✗ 95049 - Bricklink 上不存在该零件
[06:45:31] [12013/13737] ✗ 95050 - Bricklink 上不存在该零件
[06:45:38] [12014/13737] ✗ 95051 - Bricklink 上不存在该零件
[06:45:43] [12015/13737] ✗ 95052 - Bricklink 上不存在该零件
[06:45:49] [12016/13737] ✗ 95053 - Bricklink 上不存在该零件
[06:45:56] [12017/13737] ✗ 95054 - Bricklink 上不存在该零件
[06:46:01] [12018/13737] ✓ 95099 = 0.06g
[06:46:06] [12019/13737] ✗ 95120 - Bricklink 上不存在该零件
[06:46:13] [12020/13737] ✓ 95188 = 4.3g
[06:46:13] 进度 12020/13737 (87.5%) | 成功 8237 失败 3783 | 成功率 68.5% | 平均 10.2s/个 | 剩余 4.9h
[06:46:18] [12021/13737] ✓ 95198 = 15.3g
[06:46:23] [12022/13737] ✓ 95199 = 0.41g
[06:46:27] [12023/13737] ✓ 95200 = 0.5g
[06:46:33] [12024/13737] ✗ 95219 - Bricklink 上不存在该零件
[06:46:39] [12025/13737] ✗ 95224 - Bricklink 上不存在该零件
[06:46:44] [12026/13737] ✓ 95225 = 1.19g
[06:46:49] [12027/13737] ✓ 95226 = 0.47g
[06:46:54] [12028/13737] ✓ 95227 = 36.0g
[06:47:00] [12029/13737] ✓ 95228 = 0.55g
[06:47:05] [12030/13737] ✓ 95229 = 2.03g
[06:47:05] 进度 12030/13737 (87.6%) | 成功 8245 失败 3785 | 成功率 68.5% | 平均 10.2s/个 | 剩余 4.8h
[06:47:12] [12031/13737] ✗ 95270 - Bricklink 上不存在该零件
[06:47:17] [12032/13737] ✓ 95292c01 = 3.4g
[06:47:21] [12033/13737] ✓ 95324 = 2.1g
[06:47:26] [12034/13737] ✓ 95326 = 0.68g
[06:47:33] [12035/13737] ✗ 95327 - Bricklink 上不存在该零件
[06:47:37] [12036/13737] ✓ 95330 = 0.41g
[06:47:42] [12037/13737] ✓ 95341 = 2.13g
[06:47:46] [12038/13737] ✓ 95342 = 0.77g
[06:47:51] [12039/13737] ✓ 95343 = 0.35g
[06:47:55] [12040/13737] ✓ 95344 = 0.13g
[06:47:55] 进度 12040/13737 (87.6%) | 成功 8253 失败 3787 | 成功率 68.5% | 平均 10.2s/个 | 剩余 4.8h
[06:48:00] [12041/13737] ✓ 95345 = 0.52g
[06:48:05] [12042/13737] ✓ 95347 = 5.72g
[06:48:09] [12043/13737] ✓ 95348 = 0.17g
[06:48:15] [12044/13737] ✓ 95351 = 2.46g
[06:48:20] [12045/13737] ✓ 95354 = 1.25g
[06:48:24] [12046/13737] ✓ 95401 = 0.8g
[06:48:29] [12047/13737] ✓ 95463 = 52.0g
[06:48:35] [12048/13737] ✗ 95542 - Bricklink 上不存在该零件
[06:48:41] [12049/13737] ✗ 95543 - Bricklink 上不存在该零件
[06:48:48] [12050/13737] ✗ 95547 - Bricklink 上不存在该零件
[06:48:48] 进度 12050/13737 (87.7%) | 成功 8260 失败 3790 | 成功率 68.5% | 平均 10.2s/个 | 剩余 4.8h
[06:48:53] [12051/13737] ✓ 95646c01 = 180.0g
[06:48:58] [12052/13737] ✓ 95648 = 14.9g
[06:49:03] [12053/13737] ✓ 95650 = 13.7g
[06:49:07] [12054/13737] ✓ 95652 = 24.0g
[06:49:13] [12055/13737] ✓ 95654 = 19.4g
[06:49:18] [12056/13737] ✓ 95656 = 131.3g
[06:49:23] [12057/13737] ✓ 95658 = 80.7g
[06:49:27] [12058/13737] ✓ 95673 = 0.16g
[06:49:32] [12059/13737] ✓ 95674 = 0.41g
[06:49:36] [12060/13737] ✓ 95676 = 1.36g
[06:49:36] 进度 12060/13737 (87.8%) | 成功 8270 失败 3790 | 成功率 68.6% | 平均 10.2s/个 | 剩余 4.8h
[06:49:42] [12061/13737] ✗ 95827 - Bricklink 上不存在该零件
[06:49:48] [12062/13737] ✗ 95828 - Bricklink 上不存在该零件
[06:49:54] [12063/13737] ✗ 95829 - Bricklink 上不存在该零件
[06:50:00] [12064/13737] ✗ 95831 - Bricklink 上不存在该零件
[06:50:06] [12065/13737] ✗ 95832 - Bricklink 上不存在该零件
[06:50:13] [12066/13737] ✗ 9604b1 - Bricklink 上不存在该零件
[06:50:19] [12067/13737] ✗ 9604b2 - Bricklink 上不存在该零件
[06:50:25] [12068/13737] ✗ 9604b3 - Bricklink 上不存在该零件
[06:50:31] [12069/13737] ✗ 9604b4 - Bricklink 上不存在该零件
[06:50:37] [12070/13737] ✗ 9604b5 - Bricklink 上不存在该零件
[06:50:37] 进度 12070/13737 (87.9%) | 成功 8270 失败 3800 | 成功率 68.5% | 平均 10.2s/个 | 剩余 4.7h
[06:50:43] [12071/13737] ✗ 9607b1 - Bricklink 上不存在该零件
[06:50:50] [12072/13737] ✗ 9607b10 - Bricklink 上不存在该零件
[06:50:55] [12073/13737] ✗ 9607b11 - Bricklink 上不存在该零件
[06:51:01] [12074/13737] ✗ 9607b12 - Bricklink 上不存在该零件
[06:51:08] [12075/13737] ✗ 9607b13 - Bricklink 上不存在该零件
[06:51:14] [12076/13737] ✗ 9607b14 - Bricklink 上不存在该零件
[06:51:20] [12077/13737] ✗ 9607b15 - Bricklink 上不存在该零件
[06:51:26] [12078/13737] ✗ 9607b2 - Bricklink 上不存在该零件
[06:51:31] [12079/13737] ✗ 9607b3 - Bricklink 上不存在该零件
[06:51:38] [12080/13737] ✗ 9607b4 - Bricklink 上不存在该零件
[06:51:38] 进度 12080/13737 (87.9%) | 成功 8270 失败 3810 | 成功率 68.5% | 平均 10.2s/个 | 剩余 4.7h
[06:51:43] [12081/13737] ✗ 9607b5 - Bricklink 上不存在该零件
[06:51:49] [12082/13737] ✗ 9607b6 - Bricklink 上不存在该零件
[06:51:55] [12083/13737] ✗ 9607b7 - Bricklink 上不存在该零件
[06:52:00] [12084/13737] ✗ 9607b8 - Bricklink 上不存在该零件
[06:52:08] [12085/13737] ✗ 9607b9 - Bricklink 上不存在该零件
[06:52:14] [12086/13737] ✗ 9607bc - Bricklink 上不存在该零件
[06:52:21] [12087/13737] ✗ 9607bm - Bricklink 上不存在该零件
[06:52:26] [12088/13737] ✗ 9608b1 - Bricklink 上不存在该零件
[06:52:33] [12089/13737] ✗ 9608b10 - Bricklink 上不存在该零件
[06:52:39] [12090/13737] ✗ 9608b11 - Bricklink 上不存在该零件
[06:52:39] 进度 12090/13737 (88.0%) | 成功 8270 失败 3820 | 成功率 68.4% | 平均 10.2s/个 | 剩余 4.7h
[06:52:45] [12091/13737] ✗ 9608b12 - Bricklink 上不存在该零件
[06:52:50] [12092/13737] ✗ 9608b13 - Bricklink 上不存在该零件
[06:52:57] [12093/13737] ✗ 9608b14 - Bricklink 上不存在该零件
[06:53:03] [12094/13737] ✗ 9608b15 - Bricklink 上不存在该零件
[06:53:10] [12095/13737] ✗ 9608b16 - Bricklink 上不存在该零件
[06:53:17] [12096/13737] ✗ 9608b2 - Bricklink 上不存在该零件
[06:53:22] [12097/13737] ✗ 9608b3 - Bricklink 上不存在该零件
[06:53:29] [12098/13737] ✗ 9608b4 - Bricklink 上不存在该零件
[06:53:36] [12099/13737] ✗ 9608b5 - Bricklink 上不存在该零件
[06:53:42] [12100/13737] ✗ 9608b6 - Bricklink 上不存在该零件
[06:53:42] 进度 12100/13737 (88.1%) | 成功 8270 失败 3830 | 成功率 68.3% | 平均 10.2s/个 | 剩余 4.6h
[06:53:49] [12101/13737] ✗ 9608b7 - Bricklink 上不存在该零件
[06:53:56] [12102/13737] ✗ 9608b8 - Bricklink 上不存在该零件
[06:54:03] [12103/13737] ✗ 9608b9 - Bricklink 上不存在该零件
[06:54:09] [12104/13737] ✗ 9610b01 - Bricklink 上不存在该零件
[06:54:14] [12105/13737] ✗ 9610b02 - Bricklink 上不存在该零件
[06:54:20] [12106/13737] ✗ 9610bc - Bricklink 上不存在该零件
[06:54:27] [12107/13737] ✗ 9612b01 - Bricklink 上不存在该零件
[06:54:34] [12108/13737] ✗ 9612b02 - Bricklink 上不存在该零件
[06:54:40] [12109/13737] ✗ 9614bc - Bricklink 上不存在该零件
[06:54:46] [12110/13737] ✗ 9616b01 - Bricklink 上不存在该零件
[06:54:46] 进度 12110/13737 (88.2%) | 成功 8270 失败 3840 | 成功率 68.3% | 平均 10.2s/个 | 剩余 4.6h
[06:54:53] [12111/13737] ✗ 9616b02 - Bricklink 上不存在该零件
[06:54:58] [12112/13737] ✗ 9616bc1 - Bricklink 上不存在该零件
[06:55:04] [12113/13737] ✗ 9617b01 - Bricklink 上不存在该零件
[06:55:11] [12114/13737] ✗ 9617b02 - Bricklink 上不存在该零件
[06:55:16] [12115/13737] ✗ 9617bc - Bricklink 上不存在该零件
[06:55:22] [12116/13737] ✗ 9617bd - Bricklink 上不存在该零件
[06:55:29] [12117/13737] ✗ 9617bm - Bricklink 上不存在该零件
[06:55:34] [12118/13737] ✓ 962 = 0.7g
[06:55:39] [12119/13737] ✓ 96204 = 0.65g
[06:55:44] [12120/13737] ✓ 96207 = 0.82g
[06:55:44] 进度 12120/13737 (88.2%) | 成功 8273 失败 3847 | 成功率 68.3% | 平均 10.2s/个 | 剩余 4.6h
[06:55:51] [12121/13737] ✗ 9622 - Bricklink 上不存在该零件
[06:55:57] [12122/13737] ✗ 9624 - Bricklink 上不存在该零件
[06:56:05] [12123/13737] ✗ 9626 - Bricklink 上不存在该零件
[06:56:11] [12124/13737] ✗ 9630b01 - Bricklink 上不存在该零件
[06:56:17] [12125/13737] ✗ 9630b02 - Bricklink 上不存在该零件
[06:56:23] [12126/13737] ✗ 9630b03 - Bricklink 上不存在该零件
[06:56:29] [12127/13737] ✗ 9630b04 - Bricklink 上不存在该零件
[06:56:36] [12128/13737] ✗ 9630b05 - Bricklink 上不存在该零件
[06:56:43] [12129/13737] ✗ 9630b06 - Bricklink 上不存在该零件
[06:56:50] [12130/13737] ✗ 9630b07 - Bricklink 上不存在该零件
[06:56:50] 进度 12130/13737 (88.3%) | 成功 8273 失败 3857 | 成功率 68.2% | 平均 10.2s/个 | 剩余 4.5h
[06:56:57] [12131/13737] ✗ 9630b08 - Bricklink 上不存在该零件
[06:57:03] [12132/13737] ✗ 9630b09 - Bricklink 上不存在该零件
[06:57:09] [12133/13737] ✗ 9630b10 - Bricklink 上不存在该零件
[06:57:15] [12134/13737] ✗ 9630ba - Bricklink 上不存在该零件
[06:57:20] [12135/13737] ✗ 9630bb - Bricklink 上不存在该零件
[06:57:27] [12136/13737] ✗ 9630bc - Bricklink 上不存在该零件
[06:57:34] [12137/13737] ✗ 9630bd - Bricklink 上不存在该零件
[06:57:40] [12138/13737] ✗ 9630be - Bricklink 上不存在该零件
[06:57:46] [12139/13737] ✗ 9630bf - Bricklink 上不存在该零件
[06:57:52] [12140/13737] ✗ 9630bg - Bricklink 上不存在该零件
[06:57:52] 进度 12140/13737 (88.4%) | 成功 8273 失败 3867 | 成功率 68.1% | 平均 10.2s/个 | 剩余 4.5h
[06:57:59] [12141/13737] ✗ 9630bh - Bricklink 上不存在该零件
[06:58:06] [12142/13737] ✗ 9631b1 - Bricklink 上不存在该零件
[06:58:13] [12143/13737] ✗ 9631b10 - Bricklink 上不存在该零件
[06:58:19] [12144/13737] ✗ 9631b11 - Bricklink 上不存在该零件
[06:58:25] [12145/13737] ✗ 9631b12 - Bricklink 上不存在该零件
[06:58:32] [12146/13737] ✗ 9631b13 - Bricklink 上不存在该零件
[06:58:38] [12147/13737] ✗ 9631b14 - Bricklink 上不存在该零件
[06:58:45] [12148/13737] ✗ 9631b15 - Bricklink 上不存在该零件
[06:58:51] [12149/13737] ✗ 9631b16 - Bricklink 上不存在该零件
[06:58:58] [12150/13737] ✗ 9631b17 - Bricklink 上不存在该零件
[06:58:58] 进度 12150/13737 (88.4%) | 成功 8273 失败 3877 | 成功率 68.1% | 平均 10.2s/个 | 剩余 4.5h
[06:59:03] [12151/13737] ✗ 9631b18 - Bricklink 上不存在该零件
[06:59:09] [12152/13737] ✗ 9631b19 - Bricklink 上不存在该零件
[06:59:16] [12153/13737] ✗ 9631b2 - Bricklink 上不存在该零件
[06:59:23] [12154/13737] ✗ 9631b20 - Bricklink 上不存在该零件
[06:59:30] [12155/13737] ✗ 9631b21 - Bricklink 上不存在该零件
[06:59:37] [12156/13737] ✗ 9631b22 - Bricklink 上不存在该零件
[06:59:42] [12157/13737] ✗ 9631b24 - Bricklink 上不存在该零件
[06:59:49] [12158/13737] ✗ 9631b25 - Bricklink 上不存在该零件
[06:59:54] [12159/13737] ✗ 9631b3 - Bricklink 上不存在该零件
[07:00:00] [12160/13737] ✗ 9631b4 - Bricklink 上不存在该零件
[07:00:00] 进度 12160/13737 (88.5%) | 成功 8273 失败 3887 | 成功率 68.0% | 平均 10.2s/个 | 剩余 4.5h
[07:00:07] [12161/13737] ✗ 9631b5 - Bricklink 上不存在该零件
[07:00:13] [12162/13737] ✗ 9631b6 - Bricklink 上不存在该零件
[07:00:19] [12163/13737] ✗ 9631b7 - Bricklink 上不存在该零件
[07:00:27] [12164/13737] ✗ 9631b8 - Bricklink 上不存在该零件
[07:00:34] [12165/13737] ✗ 9631b9 - Bricklink 上不存在该零件
[07:00:40] [12166/13737] ✗ 9633b1 - Bricklink 上不存在该零件
[07:00:45] [12167/13737] ✗ 9633b2 - Bricklink 上不存在该零件
[07:00:51] [12168/13737] ✗ 9633bc - Bricklink 上不存在该零件
[07:00:57] [12169/13737] ✗ 96479 - Bricklink 上不存在该零件
[07:01:04] [12170/13737] ✗ 96480 - Bricklink 上不存在该零件
[07:01:04] 进度 12170/13737 (88.6%) | 成功 8273 失败 3897 | 成功率 68.0% | 平均 10.2s/个 | 剩余 4.4h
[07:01:11] [12171/13737] ✗ 96481 - Bricklink 上不存在该零件
[07:01:18] [12172/13737] ✗ 96482 - Bricklink 上不存在该零件
[07:01:25] [12173/13737] ✗ 96483 - Bricklink 上不存在该零件
[07:01:32] [12174/13737] ✗ 96484 - Bricklink 上不存在该零件
[07:01:38] [12175/13737] ✗ 96485 - Bricklink 上不存在该零件
[07:01:45] [12176/13737] ✗ 96486 - Bricklink 上不存在该零件
[07:01:51] [12177/13737] ✗ 96487 - Bricklink 上不存在该零件
[07:01:57] [12178/13737] ✗ 96488 - Bricklink 上不存在该零件
[07:02:02] [12179/13737] ✗ 96489 - Bricklink 上不存在该零件
[07:02:08] [12180/13737] ✗ 96490 - Bricklink 上不存在该零件
[07:02:08] 进度 12180/13737 (88.7%) | 成功 8273 失败 3907 | 成功率 67.9% | 平均 10.2s/个 | 剩余 4.4h
[07:02:14] [12181/13737] ✗ 96491 - Bricklink 上不存在该零件
[07:02:19] [12182/13737] ✓ 966 = 9.33g
[07:02:26] [12183/13737] ✗ 966a - Bricklink 上不存在该零件
[07:02:31] [12184/13737] ✓ 967 = 4.4g
[07:02:36] [12185/13737] ✓ 96714 = 1.4g
[07:02:40] [12186/13737] ✓ 96717 = 0.55g
[07:02:44] [12187/13737] ✓ 968 = 11.5g
[07:02:50] [12188/13737] ✗ 96826 - Bricklink 上不存在该零件
[07:02:55] [12189/13737] ✓ 96874 = 3.93g
[07:03:01] [12190/13737] ✓ 969 = 0.6g
[07:03:01] 进度 12190/13737 (88.7%) | 成功 8280 失败 3910 | 成功率 67.9% | 平均 10.2s/个 | 剩余 4.4h
[07:03:07] [12191/13737] ✗ 96904 - Bricklink 上不存在该零件
[07:03:13] [12192/13737] ✗ 96905 - Bricklink 上不存在该零件
[07:03:20] [12193/13737] ✗ 96906 - Bricklink 上不存在该零件
[07:03:28] [12194/13737] ✗ 96907 - Bricklink 上不存在该零件
[07:03:35] [12195/13737] ✗ 97000 - Bricklink 上不存在该零件
[07:03:42] [12196/13737] ✗ 9701b1 - Bricklink 上不存在该零件
[07:03:49] [12197/13737] ✗ 9701b2 - Bricklink 上不存在该零件
[07:03:56] [12198/13737] ✗ 9701b3 - Bricklink 上不存在该零件
[07:04:02] [12199/13737] ✗ 9701b4 - Bricklink 上不存在该零件
[07:04:09] [12200/13737] ✗ 9701b5 - Bricklink 上不存在该零件
[07:04:09] 进度 12200/13737 (88.8%) | 成功 8280 失败 3920 | 成功率 67.9% | 平均 10.2s/个 | 剩余 4.3h
[07:04:15] [12201/13737] ✗ 9701b6 - Bricklink 上不存在该零件
[07:04:22] [12202/13737] ✗ 9701b7 - Bricklink 上不存在该零件
[07:04:28] [12203/13737] ✗ 9701bc1 - Bricklink 上不存在该零件
[07:04:34] [12204/13737] ✗ 9701bc2 - Bricklink 上不存在该零件
[07:04:40] [12205/13737] ✗ 9702b0 - Bricklink 上不存在该零件
[07:04:46] [12206/13737] ✗ 9702b1 - Bricklink 上不存在该零件
[07:04:51] [12207/13737] ✗ 9702b2 - Bricklink 上不存在该零件
[07:04:58] [12208/13737] ✗ 9702b3 - Bricklink 上不存在该零件
[07:05:03] [12209/13737] ✗ 9702b4 - Bricklink 上不存在该零件
[07:05:08] [12210/13737] ✓ 97053 = 0.67g
[07:05:08] 进度 12210/13737 (88.9%) | 成功 8281 失败 3929 | 成功率 67.8% | 平均 10.2s/个 | 剩余 4.3h
[07:05:13] [12211/13737] ✓ 970c01 = 1.16g
[07:05:19] [12212/13737] ✓ 970c02 = 1.16g
[07:05:25] [12213/13737] ✓ 970c03 = 1.18g
[07:05:30] [12214/13737] ✓ 970c04 = 1.2g
[07:05:34] [12215/13737] ✓ 970c05 = 1.16g
[07:05:39] [12216/13737] ✓ 970c06 = 1.16g
[07:05:44] [12217/13737] ✓ 970c07 = 1.16g
[07:05:48] [12218/13737] ✓ 970c08 = 1.16g
[07:05:54] [12219/13737] ✓ 970c09 = 1.16g
[07:05:59] [12220/13737] ✓ 970c10 = 1.16g
[07:05:59] 进度 12220/13737 (89.0%) | 成功 8291 失败 3929 | 成功率 67.8% | 平均 10.2s/个 | 剩余 4.3h
[07:06:04] [12221/13737] ✓ 970c11 = 1.18g
[07:06:11] [12222/13737] ✗ 970c12 - Bricklink 上不存在该零件
[07:06:16] [12223/13737] ✗ 970c13 - Bricklink 上不存在该零件
[07:06:23] [12224/13737] ✗ 970c14 - Bricklink 上不存在该零件
[07:06:29] [12225/13737] ✓ 970c15 = 1.22g
[07:06:35] [12226/13737] ✗ 970c16 - Bricklink 上不存在该零件
[07:06:42] [12227/13737] ✗ 970c17 - Bricklink 上不存在该零件
[07:06:48] [12228/13737] ✗ 970c18 - Bricklink 上不存在该零件
[07:06:54] [12229/13737] ✗ 970c19 - Bricklink 上不存在该零件
[07:07:01] [12230/13737] ✗ 970c20 - Bricklink 上不存在该零件
[07:07:01] 进度 12230/13737 (89.0%) | 成功 8293 失败 3937 | 成功率 67.8% | 平均 10.2s/个 | 剩余 4.3h
[07:07:07] [12231/13737] ✗ 970c21 - Bricklink 上不存在该零件
[07:07:13] [12232/13737] ✗ 970c22 - Bricklink 上不存在该零件
[07:07:20] [12233/13737] ✗ 970c23 - Bricklink 上不存在该零件
[07:07:27] [12234/13737] ✗ 970c24 - Bricklink 上不存在该零件
[07:07:33] [12235/13737] ✗ 970c25 - Bricklink 上不存在该零件
[07:07:38] [12236/13737] ✗ 970c26 - Bricklink 上不存在该零件
[07:07:44] [12237/13737] ✗ 970c27 - Bricklink 上不存在该零件
[07:07:51] [12238/13737] ✗ 970c28 - Bricklink 上不存在该零件
[07:07:57] [12239/13737] ✗ 970c29 - Bricklink 上不存在该零件
[07:08:05] [12240/13737] ✗ 970c30 - Bricklink 上不存在该零件
[07:08:05] 进度 12240/13737 (89.1%) | 成功 8293 失败 3947 | 成功率 67.8% | 平均 10.2s/个 | 剩余 4.2h
[07:08:11] [12241/13737] ✗ 970c31 - Bricklink 上不存在该零件
[07:08:17] [12242/13737] ✗ 970c32 - Bricklink 上不存在该零件
[07:08:25] [12243/13737] ✗ 970c33 - Bricklink 上不存在该零件
[07:08:30] [12244/13737] ✓ 970c34 = 1.2g
[07:08:37] [12245/13737] ✗ 970c35 - Bricklink 上不存在该零件
[07:08:41] [12246/13737] ✓ 970c36 = 1.17g
[07:08:48] [12247/13737] ✗ 970c37 - Bricklink 上不存在该零件
[07:08:54] [12248/13737] ✗ 970c38 - Bricklink 上不存在该零件
[07:09:01] [12249/13737] ✗ 970c39 - Bricklink 上不存在该零件
[07:09:08] [12250/13737] ✗ 970c40 - Bricklink 上不存在该零件
[07:09:08] 进度 12250/13737 (89.2%) | 成功 8295 失败 3955 | 成功率 67.7% | 平均 10.1s/个 | 剩余 4.2h
[07:09:14] [12251/13737] ✗ 970c41 - Bricklink 上不存在该零件
[07:09:18] [12252/13737] ✓ 970c42 = 1.16g
[07:09:24] [12253/13737] ✓ 970c43 = 1.16g
[07:09:29] [12254/13737] ✗ 970c44 - Bricklink 上不存在该零件
[07:09:36] [12255/13737] ✗ 970c45 - Bricklink 上不存在该零件
[07:09:43] [12256/13737] ✗ 970c46 - Bricklink 上不存在该零件
[07:09:47] [12257/13737] ✓ 970c48 = 1.16g
[07:09:54] [12258/13737] ✗ 970c49 - Bricklink 上不存在该零件
[07:10:00] [12259/13737] ✓ 970c50 = 1.2g
[07:10:06] [12260/13737] ✗ 970c51 - Bricklink 上不存在该零件
[07:10:06] 进度 12260/13737 (89.2%) | 成功 8299 失败 3961 | 成功率 67.7% | 平均 10.1s/个 | 剩余 4.2h
[07:10:11] [12261/13737] ✗ 970c54 - Bricklink 上不存在该零件
[07:10:17] [12262/13737] ✓ 970c55 = 1.16g
[07:10:22] [12263/13737] ✗ 970c56 - Bricklink 上不存在该零件
[07:10:29] [12264/13737] ✗ 970c57 - Bricklink 上不存在该零件
[07:10:33] [12265/13737] ✓ 970c59 = 1.16g
[07:10:40] [12266/13737] ✗ 970c60 - Bricklink 上不存在该零件
[07:10:47] [12267/13737] ✗ 970c61 - Bricklink 上不存在该零件
[07:10:52] [12268/13737] ✗ 970c62 - Bricklink 上不存在该零件
[07:11:00] [12269/13737] ✗ 970c64 - Bricklink 上不存在该零件
[07:11:06] [12270/13737] ✗ 970c65 - Bricklink 上不存在该零件
[07:11:06] 进度 12270/13737 (89.3%) | 成功 8301 失败 3969 | 成功率 67.7% | 平均 10.1s/个 | 剩余 4.1h
[07:11:12] [12271/13737] ✗ 970c66 - Bricklink 上不存在该零件
[07:11:19] [12272/13737] ✗ 970c67 - Bricklink 上不存在该零件
[07:11:23] [12273/13737] ✓ 970c68 = 1.16g
[07:11:30] [12274/13737] ✗ 970c71 - Bricklink 上不存在该零件
[07:11:36] [12275/13737] ✗ 970c72 - Bricklink 上不存在该零件
[07:11:42] [12276/13737] ✗ 970c75 - Bricklink 上不存在该零件
[07:11:48] [12277/13737] ✓ 970e01 = 4.91g
[07:11:55] [12278/13737] ✗ 970e02 - Bricklink 上不存在该零件
[07:12:01] [12279/13737] ✗ 970e03 - Bricklink 上不存在该零件
[07:12:08] [12280/13737] ✗ 970e04 - Bricklink 上不存在该零件
[07:12:08] 进度 12280/13737 (89.4%) | 成功 8303 失败 3977 | 成功率 67.6% | 平均 10.1s/个 | 剩余 4.1h
[07:12:15] [12281/13737] ✗ 970e05 - Bricklink 上不存在该零件
[07:12:22] [12282/13737] ✗ 970e06 - Bricklink 上不存在该零件
[07:12:28] [12283/13737] ✗ 970e07 - Bricklink 上不存在该零件
[07:12:33] [12284/13737] ✗ 970e08 - Bricklink 上不存在该零件
[07:12:39] [12285/13737] ✗ 970e09 - Bricklink 上不存在该零件
[07:12:45] [12286/13737] ✗ 970e10 - Bricklink 上不存在该零件
[07:12:51] [12287/13737] ✗ 970e11 - Bricklink 上不存在该零件
[07:12:58] [12288/13737] ✗ 970e13 - Bricklink 上不存在该零件
[07:13:05] [12289/13737] ✗ 970e14 - Bricklink 上不存在该零件
[07:13:11] [12290/13737] ✗ 970l03r10 - Bricklink 上不存在该零件
[07:13:11] 进度 12290/13737 (89.5%) | 成功 8303 失败 3987 | 成功率 67.6% | 平均 10.1s/个 | 剩余 4.1h
[07:13:18] [12291/13737] ✗ 970l03r12 - Bricklink 上不存在该零件
[07:13:24] [12292/13737] ✗ 970l03r22 - Bricklink 上不存在该零件
[07:13:32] [12293/13737] ✗ 970l03r27 - Bricklink 上不存在该零件
[07:13:37] [12294/13737] ✗ 970l03r73 - Bricklink 上不存在该零件
[07:13:43] [12295/13737] ✗ 970l07r34 - Bricklink 上不存在该零件
[07:13:50] [12296/13737] ✗ 970l09r22 - Bricklink 上不存在该零件
[07:13:55] [12297/13737] ✗ 970l09r29 - Bricklink 上不存在该零件
[07:14:01] [12298/13737] ✗ 970l09r33 - Bricklink 上不存在该零件
[07:14:07] [12299/13737] ✗ 970l09r34 - Bricklink 上不存在该零件
[07:14:13] [12300/13737] ✗ 970l09r38 - Bricklink 上不存在该零件
[07:14:13] 进度 12300/13737 (89.5%) | 成功 8303 失败 3997 | 成功率 67.5% | 平均 10.1s/个 | 剩余 4.0h
[07:14:19] [12301/13737] ✗ 970l11r26 - Bricklink 上不存在该零件
[07:14:25] [12302/13737] ✗ 970l11r65 - Bricklink 上不存在该零件
[07:14:31] [12303/13737] ✗ 970l12r65 - Bricklink 上不存在该零件
[07:14:38] [12304/13737] ✗ 970l14r03 - Bricklink 上不存在该零件
[07:14:45] [12305/13737] ✗ 970l14r65 - Bricklink 上不存在该零件
[07:14:51] [12306/13737] ✗ 970l18r74 - Bricklink 上不存在该零件
[07:14:58] [12307/13737] ✗ 970l19r47 - Bricklink 上不存在该零件
[07:15:03] [12308/13737] ✗ 970l22r03 - Bricklink 上不存在该零件
[07:15:10] [12309/13737] ✗ 970l22r27 - Bricklink 上不存在该零件
[07:15:18] [12310/13737] ✗ 970l22r28 - Bricklink 上不存在该零件
[07:15:18] 进度 12310/13737 (89.6%) | 成功 8303 失败 4007 | 成功率 67.4% | 平均 10.1s/个 | 剩余 4.0h
[07:15:25] [12311/13737] ✗ 970l24r14 - Bricklink 上不存在该零件
[07:15:30] [12312/13737] ✗ 970l24r65 - Bricklink 上不存在该零件
[07:15:36] [12313/13737] ✗ 970l26r65 - Bricklink 上不存在该零件
[07:15:43] [12314/13737] ✗ 970l27r22 - Bricklink 上不存在该零件
[07:15:49] [12315/13737] ✗ 970l27r65 - Bricklink 上不存在该零件
[07:15:56] [12316/13737] ✗ 970l28r03 - Bricklink 上不存在该零件
[07:16:03] [12317/13737] ✗ 970l28r22 - Bricklink 上不存在该零件
[07:16:10] [12318/13737] ✗ 970l28r34 - Bricklink 上不存在该零件
[07:16:17] [12319/13737] ✗ 970l32r01 - Bricklink 上不存在该零件
[07:16:24] [12320/13737] ✗ 970l32r22 - Bricklink 上不存在该零件
[07:16:24] 进度 12320/13737 (89.7%) | 成功 8303 失败 4017 | 成功率 67.4% | 平均 10.1s/个 | 剩余 4.0h
[07:16:30] [12321/13737] ✗ 970l34r07 - Bricklink 上不存在该零件
[07:16:36] [12322/13737] ✗ 970l35r31 - Bricklink 上不存在该零件
[07:16:43] [12323/13737] ✗ 970l38r30 - Bricklink 上不存在该零件
[07:16:50] [12324/13737] ✗ 970l42r44 - Bricklink 上不存在该零件
[07:16:56] [12325/13737] ✗ 970l73r11 - Bricklink 上不存在该零件
[07:17:03] [12326/13737] ✗ 970l75r64 - Bricklink 上不存在该零件
[07:17:07] [12327/13737] ✓ 97122 = 0.1g
[07:17:13] [12328/13737] ✗ 9719 - Bricklink 上不存在该零件
[07:17:20] [12329/13737] ✗ 9723b1 - Bricklink 上不存在该零件
[07:17:26] [12330/13737] ✗ 9723b2 - Bricklink 上不存在该零件
[07:17:26] 进度 12330/13737 (89.8%) | 成功 8304 失败 4026 | 成功率 67.3% | 平均 10.1s/个 | 剩余 4.0h
[07:17:32] [12331/13737] ✗ 9723b3 - Bricklink 上不存在该零件
[07:17:37] [12332/13737] ✗ 9723b4 - Bricklink 上不存在该零件
[07:17:43] [12333/13737] ✓ 97302 = 0.11g
[07:17:50] [12334/13737] ✗ 973b01 - Bricklink 上不存在该零件
[07:17:56] [12335/13737] ✗ 973c00 - Bricklink 上不存在该零件
[07:18:03] [12336/13737] ✗ 973c01h01 - Bricklink 上不存在该零件
[07:18:09] [12337/13737] ✗ 973c01h03 - Bricklink 上不存在该零件
[07:18:15] [12338/13737] ✗ 973c01h27 - Bricklink 上不存在该零件
[07:18:22] [12339/13737] ✗ 973c01h28 - Bricklink 上不存在该零件
[07:18:28] [12340/13737] ✗ 973c02h02 - Bricklink 上不存在该零件
[07:18:28] 进度 12340/13737 (89.8%) | 成功 8305 失败 4035 | 成功率 67.3% | 平均 10.1s/个 | 剩余 3.9h
[07:18:34] [12341/13737] ✗ 973c03h01 - Bricklink 上不存在该零件
[07:18:41] [12342/13737] ✗ 973c03h02 - Bricklink 上不存在该零件
[07:18:47] [12343/13737] ✗ 973c03h03 - Bricklink 上不存在该零件
[07:18:54] [12344/13737] ✗ 973c03h10 - Bricklink 上不存在该零件
[07:19:02] [12345/13737] ✗ 973c03h12 - Bricklink 上不存在该零件
[07:19:09] [12346/13737] ✗ 973c03h27 - Bricklink 上不存在该零件
[07:19:15] [12347/13737] ✗ 973c04h04 - Bricklink 上不存在该零件
[07:19:22] [12348/13737] ✗ 973c05h02 - Bricklink 上不存在该零件
[07:19:29] [12349/13737] ✗ 973c05h03 - Bricklink 上不存在该零件
[07:19:34] [12350/13737] ✗ 973c06h01 - Bricklink 上不存在该零件
[07:19:34] 进度 12350/13737 (89.9%) | 成功 8305 失败 4045 | 成功率 67.2% | 平均 10.1s/个 | 剩余 3.9h
[07:19:42] [12351/13737] ✗ 973c06h06 - Bricklink 上不存在该零件
[07:19:47] [12352/13737] ✗ 973c06h13 - Bricklink 上不存在该零件
[07:19:53] [12353/13737] ✗ 973c06h27 - Bricklink 上不存在该零件
[07:20:00] [12354/13737] ✗ 973c07h07 - Bricklink 上不存在该零件
[07:20:06] [12355/13737] ✗ 973c08h08 - Bricklink 上不存在该零件
[07:20:12] [12356/13737] ✗ 973c08h17 - Bricklink 上不存在该零件
[07:20:18] [12357/13737] ✗ 973c08h25 - Bricklink 上不存在该零件
[07:20:23] [12358/13737] ✗ 973c08h27 - Bricklink 上不存在该零件
[07:20:29] [12359/13737] ✗ 973c09h01 - Bricklink 上不存在该零件
[07:20:36] [12360/13737] ✗ 973c09h02 - Bricklink 上不存在该零件
[07:20:36] 进度 12360/13737 (90.0%) | 成功 8305 失败 4055 | 成功率 67.2% | 平均 10.1s/个 | 剩余 3.9h
[07:20:42] [12361/13737] ✗ 973c09h09 - Bricklink 上不存在该零件
[07:20:48] [12362/13737] ✗ 973c09h12 - Bricklink 上不存在该零件
[07:20:56] [12363/13737] ✗ 973c09h14 - Bricklink 上不存在该零件
[07:21:01] [12364/13737] ✗ 973c10h01 - Bricklink 上不存在该零件
[07:21:06] [12365/13737] ✗ 973c10h12 - Bricklink 上不存在该零件
[07:21:12] [12366/13737] ✗ 973c11h01 - Bricklink 上不存在该零件
[07:21:19] [12367/13737] ✗ 973c11h02 - Bricklink 上不存在该零件
[07:21:25] [12368/13737] ✗ 973c11h23 - Bricklink 上不存在该零件
[07:21:31] [12369/13737] ✗ 973c12h12 - Bricklink 上不存在该零件
[07:21:38] [12370/13737] ✗ 973c12h19 - Bricklink 上不存在该零件
[07:21:38] 进度 12370/13737 (90.0%) | 成功 8305 失败 4065 | 成功率 67.1% | 平均 10.1s/个 | 剩余 3.8h
[07:21:44] [12371/13737] ✗ 973c13h27 - Bricklink 上不存在该零件
[07:21:49] [12372/13737] ✗ 973c14h01 - Bricklink 上不存在该零件
[07:21:56] [12373/13737] ✗ 973c14h12 - Bricklink 上不存在该零件
[07:22:02] [12374/13737] ✗ 973c14h14 - Bricklink 上不存在该零件
[07:22:09] [12375/13737] ✗ 973c16h16 - Bricklink 上不存在该零件
[07:22:16] [12376/13737] ✗ 973c17h01 - Bricklink 上不存在该零件
[07:22:21] [12377/13737] ✗ 973c17h17 - Bricklink 上不存在该零件
[07:22:27] [12378/13737] ✗ 973c19h01 - Bricklink 上不存在该零件
[07:22:34] [12379/13737] ✗ 973c19h13 - Bricklink 上不存在该零件
[07:22:40] [12380/13737] ✗ 973c19h19 - Bricklink 上不存在该零件
[07:22:40] 进度 12380/13737 (90.1%) | 成功 8305 失败 4075 | 成功率 67.1% | 平均 10.1s/个 | 剩余 3.8h
[07:22:47] [12381/13737] ✗ 973c20h07 - Bricklink 上不存在该零件
[07:22:54] [12382/13737] ✗ 973c20h20 - Bricklink 上不存在该零件
[07:23:00] [12383/13737] ✗ 973c21h21 - Bricklink 上不存在该零件
[07:23:07] [12384/13737] ✗ 973c22h01 - Bricklink 上不存在该零件
[07:23:12] [12385/13737] ✗ 973c22h03 - Bricklink 上不存在该零件
[07:23:18] [12386/13737] ✗ 973c22h08 - Bricklink 上不存在该零件
[07:23:24] [12387/13737] ✗ 973c22h11 - Bricklink 上不存在该零件
[07:23:29] [12388/13737] ✗ 973c22h12 - Bricklink 上不存在该零件
[07:23:34] [12389/13737] ✗ 973c22h22 - Bricklink 上不存在该零件
[07:23:41] [12390/13737] ✗ 973c22h27 - Bricklink 上不存在该零件
[07:23:41] 进度 12390/13737 (90.2%) | 成功 8305 失败 4085 | 成功率 67.0% | 平均 10.1s/个 | 剩余 3.8h
[07:23:48] [12391/13737] ✗ 973c24h01 - Bricklink 上不存在该零件
[07:23:55] [12392/13737] ✗ 973c24h02pb0123 - Bricklink 上不存在该零件
[07:24:02] [12393/13737] ✗ 973c24h03 - Bricklink 上不存在该零件
[07:24:07] [12394/13737] ✗ 973c24h12 - Bricklink 上不存在该零件
[07:24:13] [12395/13737] ✗ 973c24h26 - Bricklink 上不存在该零件
[07:24:21] [12396/13737] ✗ 973c25h25 - Bricklink 上不存在该零件
[07:24:27] [12397/13737] ✗ 973c26h01 - Bricklink 上不存在该零件
[07:24:34] [12398/13737] ✗ 973c26h26 - Bricklink 上不存在该零件
[07:24:40] [12399/13737] ✗ 973c27h01 - Bricklink 上不存在该零件
[07:24:45] [12400/13737] ✗ 973c27h03 - Bricklink 上不存在该零件
[07:24:45] 进度 12400/13737 (90.3%) | 成功 8305 失败 4095 | 成功率 67.0% | 平均 10.1s/个 | 剩余 3.8h
[07:24:51] [12401/13737] ✗ 973c27h14 - Bricklink 上不存在该零件
[07:24:58] [12402/13737] ✗ 973c27h27 - Bricklink 上不存在该零件
[07:25:04] [12403/13737] ✗ 973c28h01 - Bricklink 上不存在该零件
[07:25:09] [12404/13737] ✗ 973c28h03 - Bricklink 上不存在该零件
[07:25:15] [12405/13737] ✗ 973c28h08 - Bricklink 上不存在该零件
[07:25:22] [12406/13737] ✗ 973c28h12 - Bricklink 上不存在该零件
[07:25:27] [12407/13737] ✗ 973c28h14 - Bricklink 上不存在该零件
[07:25:34] [12408/13737] ✗ 973c28h22 - Bricklink 上不存在该零件
[07:25:40] [12409/13737] ✗ 973c28h27 - Bricklink 上不存在该零件
[07:25:47] [12410/13737] ✗ 973c28h28 - Bricklink 上不存在该零件
[07:25:47] 进度 12410/13737 (90.3%) | 成功 8305 失败 4105 | 成功率 66.9% | 平均 10.1s/个 | 剩余 3.7h
[07:25:54] [12411/13737] ✗ 973c29h29 - Bricklink 上不存在该零件
[07:26:00] [12412/13737] ✗ 973c31h01 - Bricklink 上不存在该零件
[07:26:06] [12413/13737] ✗ 973c31h03 - Bricklink 上不存在该零件
[07:26:12] [12414/13737] ✗ 973c31h12 - Bricklink 上不存在该零件
[07:26:19] [12415/13737] ✗ 973c31h35 - Bricklink 上不存在该零件
[07:26:26] [12416/13737] ✗ 973c32h05 - Bricklink 上不存在该零件
[07:26:32] [12417/13737] ✗ 973c32h14 - Bricklink 上不存在该零件
[07:26:38] [12418/13737] ✗ 973c32h32 - Bricklink 上不存在该零件
[07:26:45] [12419/13737] ✗ 973c33h09 - Bricklink 上不存在该零件
[07:26:52] [12420/13737] ✗ 973c34h01 - Bricklink 上不存在该零件
[07:26:52] 进度 12420/13737 (90.4%) | 成功 8305 失败 4115 | 成功率 66.9% | 平均 10.1s/个 | 剩余 3.7h
[07:26:58] [12421/13737] ✗ 973c34h09 - Bricklink 上不存在该零件
[07:27:05] [12422/13737] ✗ 973c34h12 - Bricklink 上不存在该零件
[07:27:11] [12423/13737] ✗ 973c34h23 - Bricklink 上不存在该零件
[07:27:18] [12424/13737] ✗ 973c34h34 - Bricklink 上不存在该零件
[07:27:25] [12425/13737] ✗ 973c35h01 - Bricklink 上不存在该零件
[07:27:30] [12426/13737] ✗ 973c36h01 - Bricklink 上不存在该零件
[07:27:36] [12427/13737] ✗ 973c36h36 - Bricklink 上不存在该零件
[07:27:43] [12428/13737] ✗ 973c37h01 - Bricklink 上不存在该零件
[07:27:48] [12429/13737] ✗ 973c38h38 - Bricklink 上不存在该零件
[07:27:55] [12430/13737] ✗ 973c39h27 - Bricklink 上不存在该零件
[07:27:55] 进度 12430/13737 (90.5%) | 成功 8305 失败 4125 | 成功率 66.8% | 平均 10.1s/个 | 剩余 3.7h
[07:28:02] [12431/13737] ✗ 973c41h02 - Bricklink 上不存在该零件
[07:28:09] [12432/13737] ✗ 973c44h44 - Bricklink 上不存在该零件
[07:28:14] [12433/13737] ✗ 973c68h44 - Bricklink 上不存在该零件
[07:28:20] [12434/13737] ✗ 973c80h03 - Bricklink 上不存在该零件
[07:28:27] [12435/13737] ✗ 973e104 - Bricklink 上不存在该零件
[07:28:33] [12436/13737] ✗ 973e119 - Bricklink 上不存在该零件
[07:28:40] [12437/13737] ✗ 973g01c02h02 - Bricklink 上不存在该零件
[07:28:46] [12438/13737] ✗ 973g03c23h03 - Bricklink 上不存在该零件
[07:28:53] [12439/13737] ✗ 973g04c02h02 - Bricklink 上不存在该零件
[07:28:58] [12440/13737] ✗ 973g06c01h01 - Bricklink 上不存在该零件
[07:28:59] 进度 12440/13737 (90.6%) | 成功 8305 失败 4135 | 成功率 66.8% | 平均 10.1s/个 | 剩余 3.6h
[07:29:04] [12441/13737] ✗ 973g22c01h01 - Bricklink 上不存在该零件
[07:29:10] [12442/13737] ✗ 973g22c38h38 - Bricklink 上不存在该零件
[07:29:17] [12443/13737] ✗ 973g31c01h01 - Bricklink 上不存在该零件
[07:29:23] [12444/13737] ✗ 973g34c01h01 - Bricklink 上不存在该零件
[07:29:29] [12445/13737] ✗ 973g39c01h01 - Bricklink 上不存在该零件
[07:29:35] [12446/13737] ✗ 973g42c34h46 - Bricklink 上不存在该零件
[07:29:40] [12447/13737] ✓ 973p16 = 0.82g
[07:29:46] [12448/13737] ✗ 973p1c - Bricklink 上不存在该零件
[07:29:52] [12449/13737] ✗ 973p1e - Bricklink 上不存在该零件
[07:29:57] [12450/13737] ✗ 973p1g - Bricklink 上不存在该零件
[07:29:57] 进度 12450/13737 (90.6%) | 成功 8306 失败 4144 | 成功率 66.7% | 平均 10.1s/个 | 剩余 3.6h
[07:30:04] [12451/13737] ✗ 973p1k - Bricklink 上不存在该零件
[07:30:10] [12452/13737] ✗ 973p1m - Bricklink 上不存在该零件
[07:30:16] [12453/13737] ✗ 973p1n - Bricklink 上不存在该零件
[07:30:22] [12454/13737] ✗ 973p1r - Bricklink 上不存在该零件
[07:30:27] [12455/13737] ✓ 973p20 = 0.82g
[07:30:32] [12456/13737] ✓ 973p25 = 0.82g
[07:30:37] [12457/13737] ✓ 973p26 = 0.82g
[07:30:42] [12458/13737] ✓ 973p27 = 0.82g
[07:30:48] [12459/13737] ✓ 973p28 = 0.82g
[07:30:55] [12460/13737] ✗ 973p2a - Bricklink 上不存在该零件
[07:30:55] 进度 12460/13737 (90.7%) | 成功 8311 失败 4149 | 成功率 66.7% | 平均 10.1s/个 | 剩余 3.6h
[07:31:01] [12461/13737] ✗ 973p2d - Bricklink 上不存在该零件
[07:31:06] [12462/13737] ✗ 973p2f - Bricklink 上不存在该零件
[07:31:14] [12463/13737] ✗ 973p2h - Bricklink 上不存在该零件
[07:31:21] [12464/13737] ✗ 973p2k - Bricklink 上不存在该零件
[07:31:27] [12465/13737] ✗ 973p3f - Bricklink 上不存在该零件
[07:31:31] [12466/13737] ✓ 973p43 = 0.82g
[07:31:37] [12467/13737] ✓ 973p46 = 0.82g
[07:31:42] [12468/13737] ✓ 973p4q = 0.82g
[07:31:49] [12469/13737] ✗ 973p4r - Bricklink 上不存在该零件
[07:31:55] [12470/13737] ✗ 973p4s - Bricklink 上不存在该零件
[07:31:55] 进度 12470/13737 (90.8%) | 成功 8314 失败 4156 | 成功率 66.7% | 平均 10.1s/个 | 剩余 3.5h
[07:32:02] [12471/13737] ✗ 973p4v - Bricklink 上不存在该零件
[07:32:09] [12472/13737] ✗ 973p4w - Bricklink 上不存在该零件
[07:32:15] [12473/13737] ✗ 973p6x - Bricklink 上不存在该零件
[07:32:21] [12474/13737] ✓ 973p72 = 0.82g
[07:32:27] [12475/13737] ✗ 973p74 - Bricklink 上不存在该零件
[07:32:34] [12476/13737] ✗ 973p75 - Bricklink 上不存在该零件
[07:32:40] [12477/13737] ✗ 973p7g - Bricklink 上不存在该零件
[07:32:46] [12478/13737] ✗ 973p7h - Bricklink 上不存在该零件
[07:32:52] [12479/13737] ✗ 973p7s - Bricklink 上不存在该零件
[07:32:59] [12480/13737] ✗ 973p7w - Bricklink 上不存在该零件
[07:32:59] 进度 12480/13737 (90.8%) | 成功 8315 失败 4165 | 成功率 66.6% | 平均 10.1s/个 | 剩余 3.5h
[07:33:05] [12481/13737] ✗ 973p7y - Bricklink 上不存在该零件
[07:33:11] [12482/13737] ✗ 973p7z - Bricklink 上不存在该零件
[07:33:17] [12483/13737] ✗ 973p81 - Bricklink 上不存在该零件
[07:33:23] [12484/13737] ✗ 973p82 - Bricklink 上不存在该零件
[07:33:29] [12485/13737] ✗ 973p84 - Bricklink 上不存在该零件
[07:33:35] [12486/13737] ✗ 973p86 - Bricklink 上不存在该零件
[07:33:42] [12487/13737] ✗ 973p8f - Bricklink 上不存在该零件
[07:33:47] [12488/13737] ✗ 973p8h - Bricklink 上不存在该零件
[07:33:52] [12489/13737] ✓ 973p90 = 0.82g
[07:33:57] [12490/13737] ✓ 973pa4 = 0.82g
[07:33:57] 进度 12490/13737 (90.9%) | 成功 8317 失败 4173 | 成功率 66.6% | 平均 10.1s/个 | 剩余 3.5h
[07:34:02] [12491/13737] ✓ 973pa5 = 0.82g
[07:34:08] [12492/13737] ✗ 973pad - Bricklink 上不存在该零件
[07:34:14] [12493/13737] ✗ 973paj - Bricklink 上不存在该零件
[07:34:21] [12494/13737] ✗ 973pas - Bricklink 上不存在该零件
[07:34:29] [12495/13737] ✗ 973pav - Bricklink 上不存在该零件
[07:34:33] [12496/13737] ✓ 973pb0006 = 0.82g
[07:34:37] [12497/13737] ✓ 973pb0041 = 0.82g
[07:34:41] [12498/13737] ✓ 973pb0050 = 0.82g
[07:34:47] [12499/13737] ✓ 973pb0089 = 0.82g
[07:34:51] [12500/13737] ✓ 973pb0101 = 0.82g
[07:34:51] 进度 12500/13737 (91.0%) | 成功 8323 失败 4177 | 成功率 66.6% | 平均 10.1s/个 | 剩余 3.5h
[07:34:57] [12501/13737] ✓ 973pb0103 = 0.82g
[07:35:03] [12502/13737] ✓ 973pb0105 = 0.82g
[07:35:07] [12503/13737] ✓ 973pb0106b = 1.1g
[07:35:13] [12504/13737] ✓ 973pb0107 = 0.82g
[07:35:18] [12505/13737] ✓ 973pb0108 = 0.82g
[07:35:23] [12506/13737] ✓ 973pb0115 = 0.82g
[07:35:29] [12507/13737] ✓ 973pb0117r = 0.82g
[07:35:34] [12508/13737] ✓ 973pb0121 = 0.82g
[07:35:39] [12509/13737] ✓ 973pb0126 = 0.82g
[07:35:44] [12510/13737] ✓ 973pb0133 = 0.82g
[07:35:44] 进度 12510/13737 (91.1%) | 成功 8333 失败 4177 | 成功率 66.6% | 平均 10.1s/个 | 剩余 3.4h
[07:35:50] [12511/13737] ✓ 973pb0160 = 0.82g
[07:35:55] [12512/13737] ✓ 973pb0162 = 0.82g
[07:35:59] [12513/13737] ✓ 973pb0166 = 0.82g
[07:36:06] [12514/13737] ✓ 973pb0168 = 0.82g
[07:36:10] [12515/13737] ✓ 973pb0170 = 0.82g
[07:36:15] [12516/13737] ✓ 973pb0172 = 0.82g
[07:36:20] [12517/13737] ✓ 973pb0174 = 0.82g
[07:36:26] [12518/13737] ✓ 973pb0176 = 0.82g
[07:36:30] [12519/13737] ✓ 973pb0180 = 0.82g
[07:36:35] [12520/13737] ✓ 973pb0194 = 0.82g
[07:36:35] 进度 12520/13737 (91.1%) | 成功 8343 失败 4177 | 成功率 66.6% | 平均 10.1s/个 | 剩余 3.4h
[07:36:39] [12521/13737] ✓ 973pb0195 = 0.82g
[07:36:44] [12522/13737] ✓ 973pb0205 = 0.82g
[07:36:49] [12523/13737] ✓ 973pb0212 = 0.82g
[07:36:54] [12524/13737] ✓ 973pb0244 = 0.82g
[07:36:58] [12525/13737] ✓ 973pb0246 = 0.82g
[07:37:03] [12526/13737] ✓ 973pb0254 = 0.82g
[07:37:09] [12527/13737] ✓ 973pb0264 = 0.82g
[07:37:13] [12528/13737] ✓ 973pb0270 = 0.82g
[07:37:17] [12529/13737] ✓ 973pb0271 = 0.82g
[07:37:22] [12530/13737] ✓ 973pb0278 = 0.82g
[07:37:22] 进度 12530/13737 (91.2%) | 成功 8353 失败 4177 | 成功率 66.7% | 平均 10.1s/个 | 剩余 3.4h
[07:37:26] [12531/13737] ✓ 973pb0283 = 0.82g
[07:37:32] [12532/13737] ✓ 973pb0289 = 0.82g
[07:37:36] [12533/13737] ✓ 973pb0303 = 0.82g
[07:37:41] [12534/13737] ✓ 973pb0305 = 0.82g
[07:37:46] [12535/13737] ✓ 973pb0307 = 0.82g
[07:37:51] [12536/13737] ✓ 973pb0316 = 0.82g
[07:37:56] [12537/13737] ✓ 973pb0321 = 0.82g
[07:38:00] [12538/13737] ✓ 973pb0322 = 0.82g
[07:38:06] [12539/13737] ✓ 973pb0334 = 0.82g
[07:38:11] [12540/13737] ✓ 973pb0347 = 0.82g
[07:38:11] 进度 12540/13737 (91.3%) | 成功 8363 失败 4177 | 成功率 66.7% | 平均 10.1s/个 | 剩余 3.3h
[07:38:15] [12541/13737] ✓ 973pb0354 = 0.82g
[07:38:20] [12542/13737] ✓ 973pb0362 = 0.82g
[07:38:25] [12543/13737] ✓ 973pb0374 = 0.82g
[07:38:30] [12544/13737] ✓ 973pb0378 = 0.82g
[07:38:34] [12545/13737] ✓ 973pb0403 = 0.82g
[07:38:39] [12546/13737] ✓ 973pb0407 = 0.82g
[07:38:44] [12547/13737] ✓ 973pb0410 = 0.82g
[07:38:48] [12548/13737] ✓ 973pb0412 = 0.82g
[07:38:53] [12549/13737] ✓ 973pb0419 = 0.82g
[07:38:57] [12550/13737] ✓ 973pb0420 = 0.82g
[07:38:57] 进度 12550/13737 (91.4%) | 成功 8373 失败 4177 | 成功率 66.7% | 平均 10.0s/个 | 剩余 3.3h
[07:39:02] [12551/13737] ✓ 973pb0424 = 0.82g
[07:39:07] [12552/13737] ✓ 973pb0428 = 0.82g
[07:39:12] [12553/13737] ✓ 973pb0437 = 0.82g
[07:39:17] [12554/13737] ✓ 973pb0438 = 0.82g
[07:39:21] [12555/13737] ✓ 973pb0452 = 0.82g
[07:39:26] [12556/13737] ✓ 973pb0456 = 0.83g
[07:39:32] [12557/13737] ✓ 973pb0460 = 0.83g
[07:39:36] [12558/13737] ✓ 973pb0469 = 0.82g
[07:39:42] [12559/13737] ✓ 973pb0473 = 0.82g
[07:39:48] [12560/13737] ✓ 973pb0474 = 0.82g
[07:39:48] 进度 12560/13737 (91.4%) | 成功 8383 失败 4177 | 成功率 66.7% | 平均 10.0s/个 | 剩余 3.3h
[07:39:51] [12561/13737] ✓ 973pb0486 = 0.82g
[07:39:57] [12562/13737] ✓ 973pb0500 = 0.82g
[07:40:01] [12563/13737] ✓ 973pb0510 = 0.82g
[07:40:06] [12564/13737] ✓ 973pb0511 = 0.82g
[07:40:11] [12565/13737] ✓ 973pb0518 = 0.82g
[07:40:15] [12566/13737] ✓ 973pb0533 = 0.82g
[07:40:20] [12567/13737] ✓ 973pb0539 = 0.82g
[07:40:24] [12568/13737] ✓ 973pb0541 = 0.82g
[07:40:29] [12569/13737] ✓ 973pb0566 = 0.82g
[07:40:34] [12570/13737] ✓ 973pb0572 = 0.82g
[07:40:34] 进度 12570/13737 (91.5%) | 成功 8393 失败 4177 | 成功率 66.8% | 平均 10.0s/个 | 剩余 3.3h
[07:40:38] [12571/13737] ✓ 973pb0573 = 0.82g
[07:40:42] [12572/13737] ✓ 973pb0574 = 0.82g
[07:40:48] [12573/13737] ✓ 973pb0575 = 1.3g
[07:40:52] [12574/13737] ✓ 973pb0576 = 0.82g
[07:40:58] [12575/13737] ✓ 973pb0581 = 0.82g
[07:41:03] [12576/13737] ✓ 973pb0582 = 0.82g
[07:41:07] [12577/13737] ✓ 973pb0590 = 0.81g
[07:41:11] [12578/13737] ✓ 973pb0592 = 0.81g
[07:41:17] [12579/13737] ✓ 973pb0601 = 0.84g
[07:41:23] [12580/13737] ✓ 973pb0602 = 0.84g
[07:41:23] 进度 12580/13737 (91.6%) | 成功 8403 失败 4177 | 成功率 66.8% | 平均 10.0s/个 | 剩余 3.2h
[07:41:28] [12581/13737] ✓ 973pb0603 = 0.8g
[07:41:33] [12582/13737] ✓ 973pb0605 = 0.8g
[07:41:38] [12583/13737] ✓ 973pb0615 = 0.82g
[07:41:43] [12584/13737] ✓ 973pb0617 = 0.8g
[07:41:47] [12585/13737] ✓ 973pb0620 = 0.82g
[07:41:51] [12586/13737] ✓ 973pb0624 = 0.8g
[07:41:57] [12587/13737] ✓ 973pb0625 = 0.81g
[07:42:03] [12588/13737] ✓ 973pb0634 = 0.78g
[07:42:08] [12589/13737] ✓ 973pb0644 = 0.82g
[07:42:12] [12590/13737] ✓ 973pb0645 = 0.8g
[07:42:12] 进度 12590/13737 (91.7%) | 成功 8413 失败 4177 | 成功率 66.8% | 平均 10.0s/个 | 剩余 3.2h
[07:42:16] [12591/13737] ✓ 973pb0648 = 0.81g
[07:42:22] [12592/13737] ✓ 973pb0650 = 0.79g
[07:42:28] [12593/13737] ✓ 973pb0653 = 0.8g
[07:42:33] [12594/13737] ✓ 973pb0662 = 0.8g
[07:42:38] [12595/13737] ✓ 973pb0680 = 0.82g
[07:42:43] [12596/13737] ✓ 973pb0681 = 0.82g
[07:42:48] [12597/13737] ✓ 973pb0706 = 0.82g
[07:42:53] [12598/13737] ✓ 973pb0724 = 0.82g
[07:42:58] [12599/13737] ✓ 973pb0725 = 0.82g
[07:43:03] [12600/13737] ✓ 973pb0726 = 0.82g
[07:43:03] 进度 12600/13737 (91.7%) | 成功 8423 失败 4177 | 成功率 66.8% | 平均 10.0s/个 | 剩余 3.2h
[07:43:07] [12601/13737] ✓ 973pb0730 = 0.82g
[07:43:12] [12602/13737] ✓ 973pb0731 = 0.8g
[07:43:18] [12603/13737] ✓ 973pb0733 = 0.8g
[07:43:23] [12604/13737] ✓ 973pb0734 = 0.8g
[07:43:29] [12605/13737] ✓ 973pb0736 = 0.8g
[07:43:33] [12606/13737] ✓ 973pb0740 = 0.82g
[07:43:38] [12607/13737] ✓ 973pb0741 = 0.81g
[07:43:43] [12608/13737] ✓ 973pb0742 = 0.82g
[07:43:49] [12609/13737] ✓ 973pb0744 = 0.82g
[07:43:54] [12610/13737] ✓ 973pb0747 = 0.81g
[07:43:55] 进度 12610/13737 (91.8%) | 成功 8433 失败 4177 | 成功率 66.9% | 平均 10.0s/个 | 剩余 3.1h
[07:44:00] [12611/13737] ✓ 973pb0804 = 0.77g
[07:44:05] [12612/13737] ✓ 973pb0828 = 0.82g
[07:44:10] [12613/13737] ✓ 973pb0838 = 0.8g
[07:44:16] [12614/13737] ✓ 973pb0839 = 0.8g
[07:44:21] [12615/13737] ✓ 973pb0842 = 0.8g
[07:44:26] [12616/13737] ✓ 973pb0844 = 0.8g
[07:44:31] [12617/13737] ✓ 973pb0851 = 0.8g
[07:44:35] [12618/13737] ✓ 973pb0857 = 0.82g
[07:44:39] [12619/13737] ✓ 973pb0890 = 0.82g
[07:44:45] [12620/13737] ✓ 973pb0899 = 0.82g
[07:44:45] 进度 12620/13737 (91.9%) | 成功 8443 失败 4177 | 成功率 66.9% | 平均 10.0s/个 | 剩余 3.1h
[07:44:49] [12621/13737] ✓ 973pb0914 = 0.83g
[07:44:55] [12622/13737] ✓ 973pb0915 = 0.83g
[07:44:59] [12623/13737] ✓ 973pb0928 = 0.76g
[07:45:03] [12624/13737] ✓ 973pb0929 = 0.77g
[07:45:08] [12625/13737] ✓ 973pb0931 = 0.78g
[07:45:12] [12626/13737] ✓ 973pb0935 = 0.82g
[07:45:18] [12627/13737] ✓ 973pb0936 = 0.82g
[07:45:22] [12628/13737] ✓ 973pb0937 = 0.82g
[07:45:28] [12629/13737] ✓ 973pb0941 = 0.78g
[07:45:33] [12630/13737] ✓ 973pb0946 = 0.82g
[07:45:33] 进度 12630/13737 (91.9%) | 成功 8453 失败 4177 | 成功率 66.9% | 平均 10.0s/个 | 剩余 3.1h
[07:45:37] [12631/13737] ✓ 973pb0979 = 0.82g
[07:45:41] [12632/13737] ✓ 973pb0982 = 0.82g
[07:45:47] [12633/13737] ✓ 973pb0992 = 0.82g
[07:45:51] [12634/13737] ✓ 973pb1002 = 0.82g
[07:45:55] [12635/13737] ✓ 973pb1004 = 0.82g
[07:46:00] [12636/13737] ✓ 973pb1015 = 0.82g
[07:46:04] [12637/13737] ✓ 973pb1017 = 0.82g
[07:46:09] [12638/13737] ✓ 973pb1045 = 0.82g
[07:46:14] [12639/13737] ✓ 973pb1050 = 0.82g
[07:46:18] [12640/13737] ✓ 973pb1055 = 0.82g
[07:46:18] 进度 12640/13737 (92.0%) | 成功 8463 失败 4177 | 成功率 67.0% | 平均 10.0s/个 | 剩余 3.1h
[07:46:23] [12641/13737] ✓ 973pb1060 = 0.82g
[07:46:27] [12642/13737] ✓ 973pb1073 = 0.82g
[07:46:32] [12643/13737] ✓ 973pb1113 = 0.82g
[07:46:37] [12644/13737] ✓ 973pb1149 = 0.82g
[07:46:41] [12645/13737] ✓ 973pb1152 = 0.82g
[07:46:47] [12646/13737] ✓ 973pb1153 = 0.82g
[07:46:51] [12647/13737] ✓ 973pb1180 = 0.82g
[07:46:56] [12648/13737] ✓ 973pb1181 = 0.82g
[07:47:01] [12649/13737] ✓ 973pb1183 = 0.82g
[07:47:05] [12650/13737] ✓ 973pb1188 = 0.82g
[07:47:05] 进度 12650/13737 (92.1%) | 成功 8473 失败 4177 | 成功率 67.0% | 平均 10.0s/个 | 剩余 3.0h
[07:47:09] [12651/13737] ✓ 973pb1212 = 0.82g
[07:47:15] [12652/13737] ✓ 973pb1213 = 0.82g
[07:47:19] [12653/13737] ✓ 973pb1216 = 0.85g
[07:47:24] [12654/13737] ✓ 973pb1219 = 0.82g
[07:47:29] [12655/13737] ✓ 973pb1220 = 0.82g
[07:47:34] [12656/13737] ✓ 973pb1227 = 0.83g
[07:47:39] [12657/13737] ✓ 973pb1228 = 0.83g
[07:47:43] [12658/13737] ✓ 973pb1233 = 0.83g
[07:47:48] [12659/13737] ✓ 973pb1237 = 0.82g
[07:47:53] [12660/13737] ✓ 973pb1238 = 0.82g
[07:47:53] 进度 12660/13737 (92.2%) | 成功 8483 失败 4177 | 成功率 67.0% | 平均 10.0s/个 | 剩余 3.0h
[07:47:58] [12661/13737] ✓ 973pb1239 = 0.82g
[07:48:03] [12662/13737] ✓ 973pb1240 = 0.82g
[07:48:08] [12663/13737] ✓ 973pb1244 = 0.82g
[07:48:13] [12664/13737] ✓ 973pb1247 = 0.82g
[07:48:19] [12665/13737] ✓ 973pb1253 = 0.82g
[07:48:23] [12666/13737] ✓ 973pb1273 = 0.82g
[07:48:27] [12667/13737] ✓ 973pb1274 = 0.82g
[07:48:33] [12668/13737] ✓ 973pb1276 = 0.82g
[07:48:39] [12669/13737] ✓ 973pb1295 = 0.82g
[07:48:44] [12670/13737] ✓ 973pb1297 = 0.82g
[07:48:44] 进度 12670/13737 (92.2%) | 成功 8493 失败 4177 | 成功率 67.0% | 平均 10.0s/个 | 剩余 3.0h
[07:48:48] [12671/13737] ✓ 973pb1302 = 0.82g
[07:48:52] [12672/13737] ✓ 973pb1305 = 0.82g
[07:48:57] [12673/13737] ✓ 973pb1310 = 0.82g
[07:49:01] [12674/13737] ✓ 973pb1321 = 0.82g
[07:49:06] [12675/13737] ✓ 973pb1333 = 0.82g
[07:49:11] [12676/13737] ✓ 973pb1338 = 0.82g
[07:49:15] [12677/13737] ✓ 973pb1351 = 0.82g
[07:49:19] [12678/13737] ✓ 973pb1367 = 0.82g
[07:49:25] [12679/13737] ✓ 973pb1386 = 0.82g
[07:49:29] [12680/13737] ✓ 973pb1399 = 0.82g
[07:49:29] 进度 12680/13737 (92.3%) | 成功 8503 失败 4177 | 成功率 67.1% | 平均 10.0s/个 | 剩余 2.9h
[07:49:34] [12681/13737] ✓ 973pb1400 = 0.82g
[07:49:40] [12682/13737] ✓ 973pb1414 = 0.82g
[07:49:44] [12683/13737] ✓ 973pb1417 = 0.82g
[07:49:50] [12684/13737] ✓ 973pb1418 = 0.82g
[07:49:55] [12685/13737] ✓ 973pb1419 = 0.82g
[07:49:59] [12686/13737] ✓ 973pb1429 = 0.82g
[07:50:05] [12687/13737] ✓ 973pb1431 = 0.82g
[07:50:09] [12688/13737] ✓ 973pb1438 = 0.82g
[07:50:13] [12689/13737] ✓ 973pb1444 = 0.82g
[07:50:20] [12690/13737] ✗ 973pbf - Bricklink 上不存在该零件
[07:50:20] 进度 12690/13737 (92.4%) | 成功 8512 失败 4178 | 成功率 67.1% | 平均 10.0s/个 | 剩余 2.9h
[07:50:26] [12691/13737] ✗ 973pdd - Bricklink 上不存在该零件
[07:50:34] [12692/13737] ✗ 973pg0 - Bricklink 上不存在该零件
[07:50:40] [12693/13737] ✗ 973ph3 - Bricklink 上不存在该零件
[07:50:47] [12694/13737] ✗ 973ph5 - Bricklink 上不存在该零件
[07:50:52] [12695/13737] ✗ 973ph6 - Bricklink 上不存在该零件
[07:50:59] [12696/13737] ✗ 973ph7 - Bricklink 上不存在该零件
[07:51:06] [12697/13737] ✗ 973phb - Bricklink 上不存在该零件
[07:51:12] [12698/13737] ✗ 973pm6 - Bricklink 上不存在该零件
[07:51:19] [12699/13737] ✗ 973pn5 - Bricklink 上不存在该零件
[07:51:26] [12700/13737] ✗ 973pq4 - Bricklink 上不存在该零件
[07:51:26] 进度 12700/13737 (92.5%) | 成功 8512 失败 4188 | 成功率 67.0% | 平均 10.0s/个 | 剩余 2.9h
[07:51:31] [12701/13737] ✗ 973pq7 - Bricklink 上不存在该零件
[07:51:38] [12702/13737] ✗ 973prc - Bricklink 上不存在该零件
[07:51:44] [12703/13737] ✗ 973prd - Bricklink 上不存在该零件
[07:51:50] [12704/13737] ✗ 973pre - Bricklink 上不存在该零件
[07:51:56] [12705/13737] ✗ 973prh - Bricklink 上不存在该零件
[07:52:02] [12706/13737] ✗ 973psf - Bricklink 上不存在该零件
[07:52:09] [12707/13737] ✗ 973psh - Bricklink 上不存在该零件
[07:52:14] [12708/13737] ✓ 973psq = 0.82g
[07:52:21] [12709/13737] ✗ 973pss - Bricklink 上不存在该零件
[07:52:27] [12710/13737] ✗ 973psv - Bricklink 上不存在该零件
[07:52:27] 进度 12710/13737 (92.5%) | 成功 8513 失败 4197 | 成功率 67.0% | 平均 10.0s/个 | 剩余 2.8h
[07:52:32] [12711/13737] ✗ 973psz - Bricklink 上不存在该零件
[07:52:39] [12712/13737] ✗ 973pt2 - Bricklink 上不存在该零件
[07:52:46] [12713/13737] ✗ 973pw1 - Bricklink 上不存在该零件
[07:52:53] [12714/13737] ✗ 973pw3 - Bricklink 上不存在该零件
[07:52:59] [12715/13737] ✗ 973pw4 - Bricklink 上不存在该零件
[07:53:05] [12716/13737] ✓ 97489 = 0.13g
[07:53:11] [12717/13737] ✗ 9767 - Bricklink 上不存在该零件
[07:53:17] [12718/13737] ✗ 9771 - Bricklink 上不存在该零件
[07:53:23] [12719/13737] ✗ 97781 - Bricklink 上不存在该零件
[07:53:29] [12720/13737] ✗ 97782 - Bricklink 上不存在该零件
[07:53:29] 进度 12720/13737 (92.6%) | 成功 8514 失败 4206 | 成功率 66.9% | 平均 10.0s/个 | 剩余 2.8h
[07:53:35] [12721/13737] ✗ 97783 - Bricklink 上不存在该零件
[07:53:42] [12722/13737] ✗ 97784 - Bricklink 上不存在该零件
[07:53:48] [12723/13737] ✗ 97785 - Bricklink 上不存在该零件
[07:53:54] [12724/13737] ✗ 97787 - Bricklink 上不存在该零件
[07:54:01] [12725/13737] ✗ 97790 - Bricklink 上不存在该零件
[07:54:08] [12726/13737] ✗ 97791 - Bricklink 上不存在该零件
[07:54:13] [12727/13737] ✗ 97793 - Bricklink 上不存在该零件
[07:54:20] [12728/13737] ✗ 9781913110215book1 - Bricklink 上不存在该零件
[07:54:27] [12729/13737] ✗ 9781913110215book2 - Bricklink 上不存在该零件
[07:54:34] [12730/13737] ✗ 9781913110215book3 - Bricklink 上不存在该零件
[07:54:34] 进度 12730/13737 (92.7%) | 成功 8514 失败 4216 | 成功率 66.9% | 平均 10.0s/个 | 剩余 2.8h
[07:54:41] [12731/13737] ✗ 9781913110215book4 - Bricklink 上不存在该零件
[07:54:45] [12732/13737] ✓ 97895 = 0.3g
[07:54:50] [12733/13737] ✗ 97920 - Bricklink 上不存在该零件
[07:54:58] [12734/13737] ✗ 9793b1 - Bricklink 上不存在该零件
[07:55:04] [12735/13737] ✗ 9794bc - Bricklink 上不存在该零件
[07:55:10] [12736/13737] ✗ 979760bc - Bricklink 上不存在该零件
[07:55:15] [12737/13737] ✓ 98057 = 5.0g
[07:55:21] [12738/13737] ✗ 98058 - Bricklink 上不存在该零件
[07:55:28] [12739/13737] ✗ 98059 - Bricklink 上不存在该零件
[07:55:34] [12740/13737] ✗ 98068 - Bricklink 上不存在该零件
[07:55:34] 进度 12740/13737 (92.7%) | 成功 8516 失败 4224 | 成功率 66.8% | 平均 10.0s/个 | 剩余 2.8h
[07:55:39] [12741/13737] ✗ 98069 - Bricklink 上不存在该零件
[07:55:46] [12742/13737] ✗ 98071 - Bricklink 上不存在该零件
[07:55:52] [12743/13737] ✗ 98072 - Bricklink 上不存在该零件
[07:55:58] [12744/13737] ✗ 98085 - Bricklink 上不存在该零件
[07:56:03] [12745/13737] ✓ 98085c01 = 6.1g
[07:56:09] [12746/13737] ✓ 98085c02 = 6.1g
[07:56:15] [12747/13737] ✓ 98085c03 = 6.13g
[07:56:20] [12748/13737] ✗ 98085c06 - Bricklink 上不存在该零件
[07:56:25] [12749/13737] ✓ 98087 = 0.5g
[07:56:29] [12750/13737] ✓ 98100 = 0.87g
[07:56:30] 进度 12750/13737 (92.8%) | 成功 8521 失败 4229 | 成功率 66.8% | 平均 10.0s/个 | 剩余 2.7h
[07:56:35] [12751/13737] ✓ 98102 = 6.45g
[07:56:40] [12752/13737] ✓ 98107 = 21.65g
[07:56:45] [12753/13737] ✓ 98108 = 0.8g
[07:56:50] [12754/13737] ✓ 98113 = 0.65g
[07:56:56] [12755/13737] ✓ 98114 = 21.5g
[07:57:01] [12756/13737] ✓ 98115 = 21.5g
[07:57:05] [12757/13737] ✓ 98128 = 0.69g
[07:57:11] [12758/13737] ✓ 98129 = 0.25g
[07:57:16] [12759/13737] ✓ 98130 = 0.88g
[07:57:21] [12760/13737] ✓ 98132 = 0.6g
[07:57:21] 进度 12760/13737 (92.9%) | 成功 8531 失败 4229 | 成功率 66.9% | 平均 10.0s/个 | 剩余 2.7h
[07:57:26] [12761/13737] ✓ 98133 = 0.7g
[07:57:31] [12762/13737] ✓ 98134 = 1.36g
[07:57:35] [12763/13737] ✓ 98135 = 2.33g
[07:57:40] [12764/13737] ✓ 98136 = 1.1g
[07:57:44] [12765/13737] ✓ 98137 = 0.7g
[07:57:50] [12766/13737] ✓ 98138 = 0.11g
[07:57:54] [12767/13737] ✓ 98139 = 0.18g
[07:57:58] [12768/13737] ✓ 98141 = 0.22g
[07:58:03] [12769/13737] ✓ 98153 = 1.02g
[07:58:08] [12770/13737] ✗ 98162 - Bricklink 上不存在该零件
[07:58:08] 进度 12770/13737 (93.0%) | 成功 8540 失败 4230 | 成功率 66.9% | 平均 10.0s/个 | 剩余 2.7h
[07:58:15] [12771/13737] ✗ 98163 - Bricklink 上不存在该零件
[07:58:22] [12772/13737] ✗ 98165 - Bricklink 上不存在该零件
[07:58:27] [12773/13737] ✗ 98166 - Bricklink 上不存在该零件
[07:58:33] [12774/13737] ✗ 98170 - Bricklink 上不存在该零件
[07:58:40] [12775/13737] ✗ 98171 - Bricklink 上不存在该零件
[07:58:46] [12776/13737] ✗ 98172 - Bricklink 上不存在该零件
[07:58:52] [12777/13737] ✗ 98173 - Bricklink 上不存在该零件
[07:58:58] [12778/13737] ✓ 98190 = 12.0g
[07:59:02] [12779/13737] ✓ 98191 = 64.0g
[07:59:06] [12780/13737] ✓ 98192 = 14.0g
[07:59:06] 进度 12780/13737 (93.0%) | 成功 8543 失败 4237 | 成功率 66.8% | 平均 10.0s/个 | 剩余 2.6h
[07:59:12] [12781/13737] ✗ 98201 - Bricklink 上不存在该零件
[07:59:18] [12782/13737] ✗ 98204 - Bricklink 上不存在该零件
[07:59:22] [12783/13737] ✓ 98215 = 11.0g
[07:59:28] [12784/13737] ✓ 98218 = 12.2g
[07:59:32] [12785/13737] ✓ 98220 = 17.3g
[07:59:37] [12786/13737] ✓ 98222 = 11.6g
[07:59:42] [12787/13737] ✓ 98223 = 11.12g
[07:59:47] [12788/13737] ✓ 98224 = 13.2g
[07:59:51] [12789/13737] ✓ 98225 = 10.4g
[07:59:57] [12790/13737] ✓ 98233 = 11.6g
[07:59:57] 进度 12790/13737 (93.1%) | 成功 8551 失败 4239 | 成功率 66.9% | 平均 10.0s/个 | 剩余 2.6h
[08:00:01] [12791/13737] ✓ 98236 = 21.0g
[08:00:06] [12792/13737] ✓ 98238 = 13.2g
[08:00:10] [12793/13737] ✓ 98239 = 12.6g
[08:00:15] [12794/13737] ✓ 98252 = 10.2g
[08:00:20] [12795/13737] ✓ 98262 = 0.62g
[08:00:26] [12796/13737] ✓ 98263 = 0.98g
[08:00:31] [12797/13737] ✓ 98279 = 0.62g
[08:00:36] [12798/13737] ✓ 98280 = 3.0g
[08:00:41] [12799/13737] ✓ 98281 = 3.7g
[08:00:47] [12800/13737] ✓ 98282 = 1.56g
[08:00:47] 进度 12800/13737 (93.2%) | 成功 8561 失败 4239 | 成功率 66.9% | 平均 10.0s/个 | 剩余 2.6h
[08:00:53] [12801/13737] ✓ 98283 = 0.77g
[08:00:56] [12802/13737] ✓ 98284 = 0.96g
[08:01:00] [12803/13737] ✓ 98285 = 1.25g
[08:01:06] [12804/13737] ✓ 98286 = 1.25g
[08:01:10] [12805/13737] ✓ 98287 = 3.0g
[08:01:15] [12806/13737] ✓ 98288 = 3.56g
[08:01:20] [12807/13737] ✓ 98289 = 0.46g
[08:01:24] [12808/13737] ✓ 98302 = 1.85g
[08:01:30] [12809/13737] ✓ 98313 = 0.4g
[08:01:34] [12810/13737] ✓ 98338 = 0.35g
[08:01:34] 进度 12810/13737 (93.3%) | 成功 8571 失败 4239 | 成功率 66.9% | 平均 10.0s/个 | 剩余 2.6h
[08:01:40] [12811/13737] ✓ 98341 = 2.9g
[08:01:46] [12812/13737] ✓ 98342 = 2.9g
[08:01:53] [12813/13737] ✗ 98343 - Bricklink 上不存在该零件
[08:01:58] [12814/13737] ✗ 98344 - Bricklink 上不存在该零件
[08:02:04] [12815/13737] ✗ 98345 - Bricklink 上不存在该零件
[08:02:10] [12816/13737] ✓ 98347 = 0.47g
[08:02:15] [12817/13737] ✓ 98348 = 0.52g
[08:02:20] [12818/13737] ✓ 98366 = 0.92g
[08:02:25] [12819/13737] ✓ 98367 = 0.55g
[08:02:29] [12820/13737] ✓ 98368 = 1.1g
[08:02:29] 进度 12820/13737 (93.3%) | 成功 8578 失败 4242 | 成功率 66.9% | 平均 9.9s/个 | 剩余 2.5h
[08:02:34] [12821/13737] ✓ 98369 = 0.23g
[08:02:38] [12822/13737] ✓ 98370 = 0.21g
[08:02:43] [12823/13737] ✓ 98371 = 0.5g
[08:02:47] [12824/13737] ✓ 98374 = 0.79g
[08:02:51] [12825/13737] ✓ 98375 = 0.18g
[08:02:57] [12826/13737] ✓ 98376 = 1.1g
[08:03:01] [12827/13737] ✓ 98377 = 0.77g
[08:03:05] [12828/13737] ✓ 98378 = 0.8g
[08:03:12] [12829/13737] ✗ 98379 - Bricklink 上不存在该零件
[08:03:16] [12830/13737] ✓ 98381 = 0.28g
[08:03:16] 进度 12830/13737 (93.4%) | 成功 8587 失败 4243 | 成功率 66.9% | 平均 9.9s/个 | 剩余 2.5h
[08:03:20] [12831/13737] ✓ 98383 = 0.3g
[08:03:26] [12832/13737] ✗ 98384 - Bricklink 上不存在该零件
[08:03:31] [12833/13737] ✓ 98385 = 0.6g
[08:03:36] [12834/13737] ✗ 98386 - Bricklink 上不存在该零件
[08:03:42] [12835/13737] ✗ 98387 - Bricklink 上不存在该零件
[08:03:48] [12836/13737] ✗ 98388 - Bricklink 上不存在该零件
[08:03:54] [12837/13737] ✗ 98389 - Bricklink 上不存在该零件
[08:03:59] [12838/13737] ✓ 98393 = 2.26g
[08:04:04] [12839/13737] ✓ 98393a = 0.18g
[08:04:09] [12840/13737] ✓ 98393b = 0.59g
[08:04:09] 进度 12840/13737 (93.5%) | 成功 8592 失败 4248 | 成功率 66.9% | 平均 9.9s/个 | 剩余 2.5h
[08:04:13] [12841/13737] ✓ 98393c = 0.2g
[08:04:18] [12842/13737] ✓ 98393d = 0.21g
[08:04:23] [12843/13737] ✓ 98393e = 0.13g
[08:04:27] [12844/13737] ✓ 98393f = 0.18g
[08:04:33] [12845/13737] ✓ 98393g = 0.2g
[08:04:38] [12846/13737] ✓ 98393h = 0.12g
[08:04:43] [12847/13737] ✓ 98393i = 0.1g
[08:04:49] [12848/13737] ✓ 98393j = 0.1g
[08:04:54] [12849/13737] ✓ 98397 = 0.44g
[08:04:59] [12850/13737] ✓ 98456 = 29.7g
[08:04:59] 进度 12850/13737 (93.5%) | 成功 8602 失败 4248 | 成功率 66.9% | 平均 9.9s/个 | 剩余 2.4h
[08:05:05] [12851/13737] ✓ 98458 = 14.0g
[08:05:11] [12852/13737] ✗ 98459 - Bricklink 上不存在该零件
[08:05:16] [12853/13737] ✗ 98460 - Bricklink 上不存在该零件
[08:05:22] [12854/13737] ✗ 98496 - Bricklink 上不存在该零件
[08:05:26] [12855/13737] ✓ 98549 = 0.9g
[08:05:32] [12856/13737] ✗ 98560 - Bricklink 上不存在该零件
[08:05:37] [12857/13737] ✓ 98562 = 1.2g
[08:05:41] [12858/13737] ✓ 98563 = 4.7g
[08:05:46] [12859/13737] ✓ 98564 = 1.5g
[08:05:52] [12860/13737] ✓ 98565 = 1.2g
[08:05:52] 进度 12860/13737 (93.6%) | 成功 8608 失败 4252 | 成功率 66.9% | 平均 9.9s/个 | 剩余 2.4h
[08:05:57] [12861/13737] ✓ 98566 = 2.6g
[08:06:02] [12862/13737] ✓ 98567 = 2.3g
[08:06:07] [12863/13737] ✓ 98569 = 5.3g
[08:06:12] [12864/13737] ✓ 98571 = 2.9g
[08:06:17] [12865/13737] ✓ 98573 = 3.5g
[08:06:22] [12866/13737] ✓ 98574 = 2.8g
[08:06:26] [12867/13737] ✓ 98575 = 3.7g
[08:06:31] [12868/13737] ✓ 98577 = 0.9g
[08:06:35] [12869/13737] ✓ 98578 = 5.5g
[08:06:39] [12870/13737] ✓ 98579 = 3.8g
[08:06:39] 进度 12870/13737 (93.7%) | 成功 8618 失败 4252 | 成功率 67.0% | 平均 9.9s/个 | 剩余 2.4h
[08:06:45] [12871/13737] ✓ 98580 = 2.0g
[08:06:51] [12872/13737] ✓ 98581 = 5.3g
[08:06:55] [12873/13737] ✓ 98582 = 4.8g
[08:06:59] [12874/13737] ✓ 98585 = 2.0g
[08:07:05] [12875/13737] ✓ 98587 = 4.4g
[08:07:10] [12876/13737] ✓ 98589 = 2.2g
[08:07:14] [12877/13737] ✓ 98590 = 4.4g
[08:07:19] [12878/13737] ✓ 98592 = 2.9g
[08:07:25] [12879/13737] ✓ 98593 = 3.0g
[08:07:30] [12880/13737] ✓ 98594 = 4.2g
[08:07:30] 进度 12880/13737 (93.8%) | 成功 8628 失败 4252 | 成功率 67.0% | 平均 9.9s/个 | 剩余 2.4h
[08:07:34] [12881/13737] ✓ 98596 = 2.4g
[08:07:40] [12882/13737] ✓ 98597 = 6.0g
[08:07:44] [12883/13737] ✓ 98602 = 3.4g
[08:07:49] [12884/13737] ✓ 98603 = 3.0g
[08:07:54] [12885/13737] ✓ 98604 = 11.1g
[08:07:59] [12886/13737] ✓ 98606 = 6.3g
[08:08:04] [12887/13737] ✓ 98721 = 0.16g
[08:08:09] [12888/13737] ✓ 98722 = 1.75g
[08:08:15] [12889/13737] ✓ 98726 = 0.4g
[08:08:19] [12890/13737] ✓ 98729 = 0.58g
[08:08:19] 进度 12890/13737 (93.8%) | 成功 8638 失败 4252 | 成功率 67.0% | 平均 9.9s/个 | 剩余 2.3h
[08:08:24] [12891/13737] ✓ 98834 = 0.93g
[08:08:30] [12892/13737] ✓ 98835 = 2.5g
[08:08:36] [12893/13737] ✓ 98856 = 2.89g
[08:08:41] [12894/13737] ✓ 98876 = 4.33g
[08:08:46] [12895/13737] ✓ 98878 = 5.24g
[08:08:53] [12896/13737] ✗ 98889 - Bricklink 上不存在该零件
[08:08:57] [12897/13737] ✓ 98989 = 1.2g
[08:09:02] [12898/13737] ✓ 99008 = 0.65g
[08:09:07] [12899/13737] ✓ 99009 = 1.29g
[08:09:12] [12900/13737] ✓ 99010 = 2.34g
[08:09:13] 进度 12900/13737 (93.9%) | 成功 8647 失败 4253 | 成功率 67.0% | 平均 9.9s/个 | 剩余 2.3h
[08:09:19] [12901/13737] ✓ 99012 = 1.6g
[08:09:25] [12902/13737] ✓ 99021 = 0.35g
[08:09:32] [12903/13737] ✗ 99050 - Bricklink 上不存在该零件
[08:09:39] [12904/13737] ✗ 99055 - Bricklink 上不存在该零件
[08:09:45] [12905/13737] ✗ 99056 - Bricklink 上不存在该零件
[08:09:50] [12906/13737] ✓ 99061 = 10.0g
[08:09:56] [12907/13737] ✗ 99131c00 - Bricklink 上不存在该零件
[08:10:03] [12908/13737] ✗ 99131c11 - Bricklink 上不存在该零件
[08:10:08] [12909/13737] ✓ 99143 = 12.6g
[08:10:15] [12910/13737] ✗ 992 - Bricklink 上不存在该零件
[08:10:15] 进度 12910/13737 (94.0%) | 成功 8651 失败 4259 | 成功率 67.0% | 平均 9.9s/个 | 剩余 2.3h
[08:10:21] [12911/13737] ✓ 99206 = 0.87g
[08:10:26] [12912/13737] ✓ 99207 = 0.8g
[08:10:31] [12913/13737] ✓ 99230 = 5.0g
[08:10:35] [12914/13737] ✓ 99233 = 3.63g
[08:10:39] [12915/13737] ✓ 99240 = 0.5g
[08:10:44] [12916/13737] ✓ 99241 = 0.46g
[08:10:49] [12917/13737] ✓ 99242 = 1.32g
[08:10:53] [12918/13737] ✓ 99244 = 0.96g
[08:10:59] [12919/13737] ✓ 99249 = 0.15g
[08:11:03] [12920/13737] ✓ 99251 = 0.33g
[08:11:03] 进度 12920/13737 (94.1%) | 成功 8661 失败 4259 | 成功率 67.0% | 平均 9.9s/个 | 剩余 2.2h
[08:11:07] [12921/13737] ✓ 99253 = 0.33g
[08:11:13] [12922/13737] ✓ 99254 = 0.71g
[08:11:18] [12923/13737] ✓ 99256 = 0.22g
[08:11:22] [12924/13737] ✓ 99257 = 0.7g
[08:11:27] [12925/13737] ✓ 99301 = 2.31g
[08:11:31] [12926/13737] ✓ 99353 = 10.5g
[08:11:36] [12927/13737] ✓ 99356 = 10.5g
[08:11:42] [12928/13737] ✗ 99380 - 未在页面中找到重量数据
[08:11:47] [12929/13737] ✗ 99430 - Bricklink 上不存在该零件
[08:11:53] [12930/13737] ✓ 99455 = 38.3g
[08:11:53] 进度 12930/13737 (94.1%) | 成功 8669 失败 4261 | 成功率 67.0% | 平均 9.9s/个 | 剩余 2.2h
[08:12:00] [12931/13737] ✗ 99460 - Bricklink 上不存在该零件
[08:12:04] [12932/13737] ✓ 99464 = 0.11g
[08:12:11] [12933/13737] ✗ 99498 - Bricklink 上不存在该零件
[08:12:16] [12934/13737] ✗ 99499 - Bricklink 上不存在该零件
[08:12:22] [12935/13737] ✗ 995 - Bricklink 上不存在该零件
[08:12:27] [12936/13737] ✓ 99563 = 0.22g
[08:12:32] [12937/13737] ✓ 99565c01 = 11.0g
[08:12:39] [12938/13737] ✗ 996 - Bricklink 上不存在该零件
[08:12:44] [12939/13737] ✓ 996ac01 = 0.58g
[08:12:52] [12940/13737] ✗ 996ac15 - Bricklink 上不存在该零件
[08:12:52] 进度 12940/13737 (94.2%) | 成功 8673 失败 4267 | 成功率 67.0% | 平均 9.9s/个 | 剩余 2.2h
[08:12:57] [12941/13737] ✓ 996bc01 = 1.0g
[08:13:03] [12942/13737] ✗ 997251 - Bricklink 上不存在该零件
[08:13:10] [12943/13737] ✗ 99771 - Bricklink 上不存在该零件
[08:13:14] [12944/13737] ✓ 99773 = 1.2g
[08:13:19] [12945/13737] ✓ 99774 = 0.45g
[08:13:23] [12946/13737] ✓ 99780 = 0.55g
[08:13:30] [12947/13737] ✓ 99781 = 0.55g
[08:13:35] [12948/13737] ✓ 99784 = 1.23g
[08:13:42] [12949/13737] ✗ 99798 - Bricklink 上不存在该零件
[08:13:49] [12950/13737] ✗ 997c01 - Bricklink 上不存在该零件
[08:13:49] 进度 12950/13737 (94.3%) | 成功 8679 失败 4271 | 成功率 67.0% | 平均 9.9s/个 | 剩余 2.2h
[08:13:57] [12951/13737] ✗ 997c02 - Bricklink 上不存在该零件
[08:14:02] [12952/13737] ✓ 99809 = 0.58g
[08:14:09] [12953/13737] ✗ 99844 - Bricklink 上不存在该零件
[08:14:14] [12954/13737] ✓ 99930 = 0.45g
[08:14:19] [12955/13737] ✓ 99948 = 24.3g
[08:14:26] [12956/13737] ✗ 99959 - Bricklink 上不存在该零件
[08:14:32] [12957/13737] ✗ b3057 - Bricklink 上不存在该零件
[08:14:38] [12958/13737] ✗ b3058 - Bricklink 上不存在该零件
[08:14:45] [12959/13737] ✗ b3059 - Bricklink 上不存在该零件
[08:14:50] [12960/13737] ✗ brickslot0001 - Bricklink 上不存在该零件
[08:14:50] 进度 12960/13737 (94.3%) | 成功 8682 失败 4278 | 成功率 67.0% | 平均 9.9s/个 | 剩余 2.1h
[08:14:56] [12961/13737] ✗ brickslot0002 - Bricklink 上不存在该零件
[08:15:02] [12962/13737] ✗ brickslot0003 - Bricklink 上不存在该零件
[08:15:08] [12963/13737] ✗ brickslot0004 - Bricklink 上不存在该零件
[08:15:15] [12964/13737] ✗ brickslot0005 - Bricklink 上不存在该零件
[08:15:22] [12965/13737] ✗ brickslot0006 - Bricklink 上不存在该零件
[08:15:29] [12966/13737] ✗ brickslot0007 - Bricklink 上不存在该零件
[08:15:35] [12967/13737] ✗ brickslot0008 - Bricklink 上不存在该零件
[08:15:41] [12968/13737] ✗ brickslot0009 - Bricklink 上不存在该零件
[08:15:47] [12969/13737] ✗ brickslot0010 - Bricklink 上不存在该零件
[08:15:52] [12970/13737] ✓ carbasemi = 27.3g
[08:15:52] 进度 12970/13737 (94.4%) | 成功 8683 失败 4287 | 成功率 66.9% | 平均 9.9s/个 | 剩余 2.1h
[08:15:56] [12971/13737] ✓ carbasemia = 22.9g
[08:16:03] [12972/13737] ✗ cardupn0047 - Bricklink 上不存在该零件
[08:16:08] [12973/13737] ✗ cardupn0048 - Bricklink 上不存在该零件
[08:16:14] [12974/13737] ✗ cardupn0049 - Bricklink 上不存在该零件
[08:16:20] [12975/13737] ✗ cardupn0054 - Bricklink 上不存在该零件
[08:16:27] [12976/13737] ✗ cardupn0055 - Bricklink 上不存在该零件
[08:16:33] [12977/13737] ✗ cardupn0056 - Bricklink 上不存在该零件
[08:16:40] [12978/13737] ✗ cardupn0057 - Bricklink 上不存在该零件
[08:16:47] [12979/13737] ✗ cardupn0058 - Bricklink 上不存在该零件
[08:16:52] [12980/13737] ✗ cardupn0059 - Bricklink 上不存在该零件
[08:16:52] 进度 12980/13737 (94.5%) | 成功 8684 失败 4296 | 成功率 66.9% | 平均 9.9s/个 | 剩余 2.1h
[08:16:58] [12981/13737] ✗ cardupn0060 - Bricklink 上不存在该零件
[08:17:04] [12982/13737] ✗ cardupn0061 - Bricklink 上不存在该零件
[08:17:10] [12983/13737] ✗ cardupn0062 - Bricklink 上不存在该零件
[08:17:16] [12984/13737] ✗ cardupn0063 - Bricklink 上不存在该零件
[08:17:22] [12985/13737] ✗ cardupn0064 - Bricklink 上不存在该零件
[08:17:27] [12986/13737] ✗ cardupn0065 - Bricklink 上不存在该零件
[08:17:33] [12987/13737] ✗ cardupn0066 - Bricklink 上不存在该零件
[08:17:39] [12988/13737] ✗ cardupn0067 - Bricklink 上不存在该零件
[08:17:46] [12989/13737] ✗ cardupn0070 - Bricklink 上不存在该零件
[08:17:53] [12990/13737] ✗ cardupn0075 - Bricklink 上不存在该零件
[08:17:53] 进度 12990/13737 (94.6%) | 成功 8684 失败 4306 | 成功率 66.9% | 平均 9.9s/个 | 剩余 2.1h
[08:18:00] [12991/13737] ✗ cardupn0081 - Bricklink 上不存在该零件
[08:18:06] [12992/13737] ✗ cardupn0082 - Bricklink 上不存在该零件
[08:18:11] [12993/13737] ✗ cardupn0087 - Bricklink 上不存在该零件
[08:18:19] [12994/13737] ✗ cardupn0096 - Bricklink 上不存在该零件
[08:18:26] [12995/13737] ✗ cardupn0100 - Bricklink 上不存在该零件
[08:18:31] [12996/13737] ✗ cardupn0108 - Bricklink 上不存在该零件
[08:18:38] [12997/13737] ✗ cardupn0110 - Bricklink 上不存在该零件
[08:18:45] [12998/13737] ✗ cardupn0111 - Bricklink 上不存在该零件
[08:18:50] [12999/13737] ✗ clikfig0001 - Bricklink 上不存在该零件
[08:18:56] [13000/13737] ✗ clikfig0002 - Bricklink 上不存在该零件
[08:18:56] 进度 13000/13737 (94.6%) | 成功 8684 失败 4316 | 成功率 66.8% | 平均 9.9s/个 | 剩余 2.0h
[08:19:02] [13001/13737] ✗ clikfig0003 - Bricklink 上不存在该零件
[08:19:07] [13002/13737] ✗ dupfig0016 - Bricklink 上不存在该零件
[08:19:14] [13003/13737] ✗ dupfig0017 - Bricklink 上不存在该零件
[08:19:21] [13004/13737] ✗ dupfig0018 - Bricklink 上不存在该零件
[08:19:27] [13005/13737] ✗ dupfig5473 - Bricklink 上不存在该零件
[08:19:33] [13006/13737] ✗ dupupn0006c01 - Bricklink 上不存在该零件
[08:19:38] [13007/13737] ✗ dupupn0006c02 - Bricklink 上不存在该零件
[08:19:45] [13008/13737] ✗ dupupn0009 - Bricklink 上不存在该零件
[08:19:52] [13009/13737] ✗ dupupn0012 - Bricklink 上不存在该零件
[08:19:58] [13010/13737] ✗ dupupn0014 - Bricklink 上不存在该零件
[08:19:58] 进度 13010/13737 (94.7%) | 成功 8684 失败 4326 | 成功率 66.7% | 平均 9.9s/个 | 剩余 2.0h
[08:20:04] [13011/13737] ✗ dupupn0015 - Bricklink 上不存在该零件
[08:20:10] [13012/13737] ✗ dupupn0017 - Bricklink 上不存在该零件
[08:20:16] [13013/13737] ✗ dupupn0018 - Bricklink 上不存在该零件
[08:20:23] [13014/13737] ✗ dupupn0019 - Bricklink 上不存在该零件
[08:20:29] [13015/13737] ✗ dupupn0020 - Bricklink 上不存在该零件
[08:20:36] [13016/13737] ✗ dupupn0021 - Bricklink 上不存在该零件
[08:20:43] [13017/13737] ✗ dupupn0023 - Bricklink 上不存在该零件
[08:20:48] [13018/13737] ✗ dupupn0024 - Bricklink 上不存在该零件
[08:20:55] [13019/13737] ✗ dupupn0025 - Bricklink 上不存在该零件
[08:21:02] [13020/13737] ✗ dupupn0026 - Bricklink 上不存在该零件
[08:21:02] 进度 13020/13737 (94.8%) | 成功 8684 失败 4336 | 成功率 66.7% | 平均 9.9s/个 | 剩余 2.0h
[08:21:08] [13021/13737] ✗ dupupn0029c01 - Bricklink 上不存在该零件
[08:21:14] [13022/13737] ✗ dupupn0029c02 - Bricklink 上不存在该零件
[08:21:21] [13023/13737] ✗ dupupn0029c03 - Bricklink 上不存在该零件
[08:21:27] [13024/13737] ✗ dupupn0030 - Bricklink 上不存在该零件
[08:21:33] [13025/13737] ✗ dupupn0031 - Bricklink 上不存在该零件
[08:21:39] [13026/13737] ✗ dupupn0035 - Bricklink 上不存在该零件
[08:21:44] [13027/13737] ✗ dupupn0037 - Bricklink 上不存在该零件
[08:21:50] [13028/13737] ✗ dupupn0038 - Bricklink 上不存在该零件
[08:21:56] [13029/13737] ✗ dupupn0041 - Bricklink 上不存在该零件
[08:22:01] [13030/13737] ✗ dupupn0043 - Bricklink 上不存在该零件
[08:22:01] 进度 13030/13737 (94.9%) | 成功 8684 失败 4346 | 成功率 66.6% | 平均 9.9s/个 | 剩余 1.9h
[08:22:08] [13031/13737] ✗ dupupn0044 - Bricklink 上不存在该零件
[08:22:14] [13032/13737] ✗ dupupn0045 - Bricklink 上不存在该零件
[08:22:21] [13033/13737] ✗ dupupn0046 - Bricklink 上不存在该零件
[08:22:27] [13034/13737] ✗ dupupn0047c94 - Bricklink 上不存在该零件
[08:22:33] [13035/13737] ✗ dupupn0047c95 - Bricklink 上不存在该零件
[08:22:39] [13036/13737] ✗ dupupn0048 - Bricklink 上不存在该零件
[08:22:45] [13037/13737] ✗ dupupn0053 - Bricklink 上不存在该零件
[08:22:52] [13038/13737] ✗ dupupn0057c01 - Bricklink 上不存在该零件
[08:22:59] [13039/13737] ✗ dupupn0057c02 - Bricklink 上不存在该零件
[08:23:05] [13040/13737] ✗ dupupn0057c03 - Bricklink 上不存在该零件
[08:23:05] 进度 13040/13737 (94.9%) | 成功 8684 失败 4356 | 成功率 66.6% | 平均 9.9s/个 | 剩余 1.9h
[08:23:11] [13041/13737] ✗ dupupn0058 - Bricklink 上不存在该零件
[08:23:17] [13042/13737] ✗ dupupn0059 - Bricklink 上不存在该零件
[08:23:23] [13043/13737] ✗ dupupn0060 - Bricklink 上不存在该零件
[08:23:30] [13044/13737] ✗ dupupn0061 - Bricklink 上不存在该零件
[08:23:36] [13045/13737] ✗ dupupn0062c01 - Bricklink 上不存在该零件
[08:23:42] [13046/13737] ✗ dupupn0062c02 - Bricklink 上不存在该零件
[08:23:48] [13047/13737] ✗ dupupn0062c03 - Bricklink 上不存在该零件
[08:23:55] [13048/13737] ✗ dupupn0062c04 - Bricklink 上不存在该零件
[08:24:01] [13049/13737] ✗ dupupn0062c05 - Bricklink 上不存在该零件
[08:24:07] [13050/13737] ✗ dupupn0062c06 - Bricklink 上不存在该零件
[08:24:07] 进度 13050/13737 (95.0%) | 成功 8684 失败 4366 | 成功率 66.5% | 平均 9.9s/个 | 剩余 1.9h
[08:24:14] [13051/13737] ✗ dupupn0068 - Bricklink 上不存在该零件
[08:24:21] [13052/13737] ✗ dupupn0069 - Bricklink 上不存在该零件
[08:24:28] [13053/13737] ✗ dupupn0072 - Bricklink 上不存在该零件
[08:24:33] [13054/13737] ✗ dupupn0077 - Bricklink 上不存在该零件
[08:24:39] [13055/13737] ✗ dupupn0078c01 - Bricklink 上不存在该零件
[08:24:44] [13056/13737] ✗ dupupn0078c02 - Bricklink 上不存在该零件
[08:24:52] [13057/13737] ✗ dupupn0080 - Bricklink 上不存在该零件
[08:24:58] [13058/13737] ✗ dupupn0081 - Bricklink 上不存在该零件
[08:25:05] [13059/13737] ✗ dupupn0082 - Bricklink 上不存在该零件
[08:25:12] [13060/13737] ✗ dupupn0085c01 - Bricklink 上不存在该零件
[08:25:12] 进度 13060/13737 (95.1%) | 成功 8684 失败 4376 | 成功率 66.5% | 平均 9.9s/个 | 剩余 1.9h
[08:25:18] [13061/13737] ✗ dupupn0085c02 - Bricklink 上不存在该零件
[08:25:24] [13062/13737] ✗ dupupn0089c01 - Bricklink 上不存在该零件
[08:25:31] [13063/13737] ✗ dupupn0089c02 - Bricklink 上不存在该零件
[08:25:38] [13064/13737] ✗ dupupn0100 - Bricklink 上不存在该零件
[08:25:45] [13065/13737] ✗ dupupn0101c01 - Bricklink 上不存在该零件
[08:25:51] [13066/13737] ✗ dupupn0101c02 - Bricklink 上不存在该零件
[08:25:57] [13067/13737] ✗ dupupn0105c01 - Bricklink 上不存在该零件
[08:26:03] [13068/13737] ✗ dupupn0105c02 - Bricklink 上不存在该零件
[08:26:10] [13069/13737] ✗ dupupn0106 - Bricklink 上不存在该零件
[08:26:17] [13070/13737] ✗ dupupn0107 - Bricklink 上不存在该零件
[08:26:17] 进度 13070/13737 (95.1%) | 成功 8684 失败 4386 | 成功率 66.4% | 平均 9.9s/个 | 剩余 1.8h
[08:26:23] [13071/13737] ✗ dupupn0108 - Bricklink 上不存在该零件
[08:26:30] [13072/13737] ✗ dupupn0109c01 - Bricklink 上不存在该零件
[08:26:38] [13073/13737] ✗ dupupn0110c01 - Bricklink 上不存在该零件
[08:26:44] [13074/13737] ✗ dupupn0115 - Bricklink 上不存在该零件
[08:26:50] [13075/13737] ✗ dupupn0117c01 - Bricklink 上不存在该零件
[08:26:56] [13076/13737] ✗ dupupn0118 - Bricklink 上不存在该零件
[08:27:03] [13077/13737] ✗ dupupn0119 - Bricklink 上不存在该零件
[08:27:10] [13078/13737] ✗ dupupn0120 - Bricklink 上不存在该零件
[08:27:17] [13079/13737] ✗ dupupn0121 - Bricklink 上不存在该零件
[08:27:23] [13080/13737] ✗ dupupn0122 - Bricklink 上不存在该零件
[08:27:23] 进度 13080/13737 (95.2%) | 成功 8684 失败 4396 | 成功率 66.4% | 平均 9.9s/个 | 剩余 1.8h
[08:27:29] [13081/13737] ✗ dupupn0123 - Bricklink 上不存在该零件
[08:27:36] [13082/13737] ✗ dupupn0123a - Bricklink 上不存在该零件
[08:27:42] [13083/13737] ✗ dupupn0123b - Bricklink 上不存在该零件
[08:27:49] [13084/13737] ✗ dupupn0125 - Bricklink 上不存在该零件
[08:27:56] [13085/13737] ✗ dupupn0127 - Bricklink 上不存在该零件
[08:28:03] [13086/13737] ✗ dupupn0135 - Bricklink 上不存在该零件
[08:28:09] [13087/13737] ✗ dupupn0137 - Bricklink 上不存在该零件
[08:28:14] [13088/13737] ✗ dupupn0140 - Bricklink 上不存在该零件
[08:28:20] [13089/13737] ✗ dupupn0142 - Bricklink 上不存在该零件
[08:28:27] [13090/13737] ✗ dupupn0143 - Bricklink 上不存在该零件
[08:28:27] 进度 13090/13737 (95.3%) | 成功 8684 失败 4406 | 成功率 66.3% | 平均 9.9s/个 | 剩余 1.8h
[08:28:34] [13091/13737] ✗ dupupn0144 - Bricklink 上不存在该零件
[08:28:41] [13092/13737] ✗ dupupn0146 - Bricklink 上不存在该零件
[08:28:48] [13093/13737] ✗ dupupn0147 - Bricklink 上不存在该零件
[08:28:54] [13094/13737] ✗ dupupn0148 - Bricklink 上不存在该零件
[08:29:01] [13095/13737] ✗ dupupn0151 - Bricklink 上不存在该零件
[08:29:08] [13096/13737] ✗ dupupn0152 - Bricklink 上不存在该零件
[08:29:13] [13097/13737] ✗ dupupn0162 - Bricklink 上不存在该零件
[08:29:19] [13098/13737] ✗ dupupn0181 - Bricklink 上不存在该零件
[08:29:25] [13099/13737] ✗ fabfig0021 - Bricklink 上不存在该零件
[08:29:30] [13100/13737] ✗ fabfig0022 - Bricklink 上不存在该零件
[08:29:30] 进度 13100/13737 (95.4%) | 成功 8684 失败 4416 | 成功率 66.3% | 平均 9.9s/个 | 剩余 1.7h
[08:29:37] [13101/13737] ✗ fabfig0023 - Bricklink 上不存在该零件
[08:29:44] [13102/13737] ✗ fabfig0024 - Bricklink 上不存在该零件
[08:29:50] [13103/13737] ✗ fabupn0001a - Bricklink 上不存在该零件
[08:29:57] [13104/13737] ✗ fabupn0001b - Bricklink 上不存在该零件
[08:30:04] [13105/13737] ✗ fabupn0001c - Bricklink 上不存在该零件
[08:30:11] [13106/13737] ✗ fabupn0001c01 - Bricklink 上不存在该零件
[08:30:18] [13107/13737] ✗ fabupn0003c01 - Bricklink 上不存在该零件
[08:30:24] [13108/13737] ✗ fabupn0003c02 - Bricklink 上不存在该零件
[08:30:31] [13109/13737] ✗ fabupn0004c01 - Bricklink 上不存在该零件
[08:30:39] [13110/13737] ✗ fabupn0004c02 - Bricklink 上不存在该零件
[08:30:39] 进度 13110/13737 (95.4%) | 成功 8684 失败 4426 | 成功率 66.2% | 平均 9.9s/个 | 剩余 1.7h
[08:30:46] [13111/13737] ✗ fabupn0004c03 - Bricklink 上不存在该零件
[08:30:52] [13112/13737] ✗ fabupn0005c01 - Bricklink 上不存在该零件
[08:30:59] [13113/13737] ✗ fabupn0005c02 - Bricklink 上不存在该零件
[08:31:05] [13114/13737] ✗ fabupn0005c03 - Bricklink 上不存在该零件
[08:31:13] [13115/13737] ✗ fabupn0005c04 - Bricklink 上不存在该零件
[08:31:18] [13116/13737] ✗ fabupn0007 - Bricklink 上不存在该零件
[08:31:24] [13117/13737] ✗ fabupn0008 - Bricklink 上不存在该零件
[08:31:31] [13118/13737] ✗ fabupn0009 - Bricklink 上不存在该零件
[08:31:37] [13119/13737] ✗ fabupn0009c01 - Bricklink 上不存在该零件
[08:31:42] [13120/13737] ✗ fabupn0010c01 - Bricklink 上不存在该零件
[08:31:42] 进度 13120/13737 (95.5%) | 成功 8684 失败 4436 | 成功率 66.2% | 平均 9.9s/个 | 剩余 1.7h
[08:31:48] [13121/13737] ✗ fabupn0011 - Bricklink 上不存在该零件
[08:31:53] [13122/13737] ✗ fabupn0012 - Bricklink 上不存在该零件
[08:32:00] [13123/13737] ✗ fabupn0015 - Bricklink 上不存在该零件
[08:32:06] [13124/13737] ✗ fabupn0016 - Bricklink 上不存在该零件
[08:32:12] [13125/13737] ✗ fabupn0017 - Bricklink 上不存在该零件
[08:32:19] [13126/13737] ✗ fabupn0018 - Bricklink 上不存在该零件
[08:32:25] [13127/13737] ✗ fabupn0019 - Bricklink 上不存在该零件
[08:32:32] [13128/13737] ✗ fabupn0020 - Bricklink 上不存在该零件
[08:32:38] [13129/13737] ✗ fabupn0021 - Bricklink 上不存在该零件
[08:32:44] [13130/13737] ✗ fabupn0022 - Bricklink 上不存在该零件
[08:32:44] 进度 13130/13737 (95.6%) | 成功 8684 失败 4446 | 成功率 66.1% | 平均 9.9s/个 | 剩余 1.7h
[08:32:50] [13131/13737] ✗ fabupn0023 - Bricklink 上不存在该零件
[08:32:56] [13132/13737] ✗ fabupn0024 - Bricklink 上不存在该零件
[08:33:01] [13133/13737] ✗ fabupn0025 - Bricklink 上不存在该零件
[08:33:07] [13134/13737] ✗ fabupn0026 - Bricklink 上不存在该零件
[08:33:14] [13135/13737] ✗ fabupn0027 - Bricklink 上不存在该零件
[08:33:21] [13136/13737] ✗ fabupn0029 - Bricklink 上不存在该零件
[08:33:28] [13137/13737] ✗ fabupn0030 - Bricklink 上不存在该零件
[08:33:34] [13138/13737] ✗ fabupn0031 - Bricklink 上不存在该零件
[08:33:40] [13139/13737] ✗ fabupn0032 - Bricklink 上不存在该零件
[08:33:47] [13140/13737] ✗ fabupn0033 - Bricklink 上不存在该零件
[08:33:47] 进度 13140/13737 (95.7%) | 成功 8684 失败 4456 | 成功率 66.1% | 平均 9.8s/个 | 剩余 1.6h
[08:33:53] [13141/13737] ✗ fabupn0034 - Bricklink 上不存在该零件
[08:34:00] [13142/13737] ✗ fabupn0038 - Bricklink 上不存在该零件
[08:34:07] [13143/13737] ✗ fabupn0039 - Bricklink 上不存在该零件
[08:34:14] [13144/13737] ✗ fabupn0041 - Bricklink 上不存在该零件
[08:34:21] [13145/13737] ✗ fabupn0042 - Bricklink 上不存在该零件
[08:34:27] [13146/13737] ✗ fabupn0043 - Bricklink 上不存在该零件
[08:34:34] [13147/13737] ✗ fig0001 - Bricklink 上不存在该零件
[08:34:39] [13148/13737] ✗ fig0002 - Bricklink 上不存在该零件
[08:34:46] [13149/13737] ✗ fig0004 - Bricklink 上不存在该零件
[08:34:52] [13150/13737] ✗ fig0005 - Bricklink 上不存在该零件
[08:34:52] 进度 13150/13737 (95.7%) | 成功 8684 失败 4466 | 成功率 66.0% | 平均 9.8s/个 | 剩余 1.6h
[08:34:58] [13151/13737] ✗ fig0006 - Bricklink 上不存在该零件
[08:35:04] [13152/13737] ✗ fig0007 - Bricklink 上不存在该零件
[08:35:11] [13153/13737] ✗ fig0008 - Bricklink 上不存在该零件
[08:35:18] [13154/13737] ✗ fig0009 - Bricklink 上不存在该零件
[08:35:25] [13155/13737] ✗ fig0010 - Bricklink 上不存在该零件
[08:35:32] [13156/13737] ✗ flex08c04 - Bricklink 上不存在该零件
[08:35:39] [13157/13737] ✗ flex08c05 - Bricklink 上不存在该零件
[08:35:45] [13158/13737] ✗ flex08c06 - Bricklink 上不存在该零件
[08:35:51] [13159/13737] ✗ flex08c07 - Bricklink 上不存在该零件
[08:35:57] [13160/13737] ✗ flex08c09 - Bricklink 上不存在该零件
[08:35:57] 进度 13160/13737 (95.8%) | 成功 8684 失败 4476 | 成功率 66.0% | 平均 9.8s/个 | 剩余 1.6h
[08:36:04] [13161/13737] ✗ flex08c10 - Bricklink 上不存在该零件
[08:36:11] [13162/13737] ✗ flex08c10.75 - Bricklink 上不存在该零件
[08:36:17] [13163/13737] ✗ flex08c11 - Bricklink 上不存在该零件
[08:36:22] [13164/13737] ✗ flex08c12 - Bricklink 上不存在该零件
[08:36:29] [13165/13737] ✗ flex08c13 - Bricklink 上不存在该零件
[08:36:35] [13166/13737] ✗ flex08c14 - Bricklink 上不存在该零件
[08:36:41] [13167/13737] ✗ flex08c15 - Bricklink 上不存在该零件
[08:36:48] [13168/13737] ✗ flex08c16 - Bricklink 上不存在该零件
[08:36:54] [13169/13737] ✗ flex08c18 - Bricklink 上不存在该零件
[08:37:00] [13170/13737] ✗ flex08c19 - Bricklink 上不存在该零件
[08:37:01] 进度 13170/13737 (95.9%) | 成功 8684 失败 4486 | 成功率 65.9% | 平均 9.8s/个 | 剩余 1.5h
[08:37:07] [13171/13737] ✗ flex08c20 - Bricklink 上不存在该零件
[08:37:12] [13172/13737] ✗ flex08c23 - Bricklink 上不存在该零件
[08:37:18] [13173/13737] ✗ flex08c33 - Bricklink 上不存在该零件
[08:37:25] [13174/13737] ✗ houpn0001 - Bricklink 上不存在该零件
[08:37:31] [13175/13737] ✗ houpn0002 - Bricklink 上不存在该零件
[08:37:38] [13176/13737] ✗ houpn0003 - Bricklink 上不存在该零件
[08:37:44] [13177/13737] ✗ houpn0004 - Bricklink 上不存在该零件
[08:37:50] [13178/13737] ✗ houpn0005 - Bricklink 上不存在该零件
[08:37:57] [13179/13737] ✗ houpn0006 - Bricklink 上不存在该零件
[08:38:04] [13180/13737] ✗ houpn0007 - Bricklink 上不存在该零件
[08:38:04] 进度 13180/13737 (95.9%) | 成功 8684 失败 4496 | 成功率 65.9% | 平均 9.8s/个 | 剩余 1.5h
[08:38:10] [13181/13737] ✗ houpn0008 - Bricklink 上不存在该零件
[08:38:16] [13182/13737] ✗ ideabook200 - Bricklink 上不存在该零件
[08:38:22] [13183/13737] ✗ ideabook250 - Bricklink 上不存在该零件
[08:38:28] [13184/13737] ✗ ideabook260 - Bricklink 上不存在该零件
[08:38:35] [13185/13737] ✗ ideabook7777 - Bricklink 上不存在该零件
[08:38:42] [13186/13737] ✗ m3001 - Bricklink 上不存在该零件
[08:38:48] [13187/13737] ✗ m3003 - Bricklink 上不存在该零件
[08:38:52] [13188/13737] ✓ mx1374 = 2.0g
[08:38:57] [13189/13737] ✓ mx1566 = 1.79g
[08:39:03] [13190/13737] ✗ Mx1576 - Bricklink 上不存在该零件
[08:39:03] 进度 13190/13737 (96.0%) | 成功 8686 失败 4504 | 成功率 65.9% | 平均 9.8s/个 | 剩余 1.5h
[08:39:09] [13191/13737] ✗ scafig0001 - Bricklink 上不存在该零件
[08:39:15] [13192/13737] ✗ scafig0002 - Bricklink 上不存在该零件
[08:39:21] [13193/13737] ✗ scafig0003 - Bricklink 上不存在该零件
[08:39:28] [13194/13737] ✗ scafig0004 - Bricklink 上不存在该零件
[08:39:34] [13195/13737] ✗ scafig0006 - Bricklink 上不存在该零件
[08:39:41] [13196/13737] ✗ scafig0007 - Bricklink 上不存在该零件
[08:39:47] [13197/13737] ✗ scafig0008 - Bricklink 上不存在该零件
[08:39:54] [13198/13737] ✗ scafig0009 - Bricklink 上不存在该零件
[08:39:59] [13199/13737] ✗ scafig0010 - Bricklink 上不存在该零件
[08:40:05] [13200/13737] ✗ scafig0011 - Bricklink 上不存在该零件
[08:40:05] 进度 13200/13737 (96.1%) | 成功 8686 失败 4514 | 成功率 65.8% | 平均 9.8s/个 | 剩余 1.5h
[08:40:12] [13201/13737] ✗ scafig0012 - Bricklink 上不存在该零件
[08:40:17] [13202/13737] ✗ stickerupn0106 - Bricklink 上不存在该零件
[08:40:23] [13203/13737] ✗ upn0001 - Bricklink 上不存在该零件
[08:40:30] [13204/13737] ✗ upn0002 - Bricklink 上不存在该零件
[08:40:35] [13205/13737] ✗ upn0003 - Bricklink 上不存在该零件
[08:40:40] [13206/13737] ✗ upn0004 - Bricklink 上不存在该零件
[08:40:46] [13207/13737] ✗ upn0005 - Bricklink 上不存在该零件
[08:40:53] [13208/13737] ✗ upn0006 - Bricklink 上不存在该零件
[08:41:00] [13209/13737] ✗ upn0007a - Bricklink 上不存在该零件
[08:41:06] [13210/13737] ✗ upn0007b - Bricklink 上不存在该零件
[08:41:06] 进度 13210/13737 (96.2%) | 成功 8686 失败 4524 | 成功率 65.8% | 平均 9.8s/个 | 剩余 1.4h
[08:41:11] [13211/13737] ✗ upn0009 - Bricklink 上不存在该零件
[08:41:18] [13212/13737] ✗ upn0010 - Bricklink 上不存在该零件
[08:41:25] [13213/13737] ✗ upn0011 - Bricklink 上不存在该零件
[08:41:32] [13214/13737] ✗ upn0012 - Bricklink 上不存在该零件
[08:41:38] [13215/13737] ✗ upn0013 - Bricklink 上不存在该零件
[08:41:44] [13216/13737] ✗ upn0014 - Bricklink 上不存在该零件
[08:41:50] [13217/13737] ✗ upn0015 - Bricklink 上不存在该零件
[08:41:57] [13218/13737] ✗ upn0017 - Bricklink 上不存在该零件
[08:42:04] [13219/13737] ✗ upn0018 - Bricklink 上不存在该零件
[08:42:11] [13220/13737] ✗ upn0019 - Bricklink 上不存在该零件
[08:42:11] 进度 13220/13737 (96.2%) | 成功 8686 失败 4534 | 成功率 65.7% | 平均 9.8s/个 | 剩余 1.4h
[08:42:18] [13221/13737] ✗ upn0019a - Bricklink 上不存在该零件
[08:42:25] [13222/13737] ✗ upn0020 - Bricklink 上不存在该零件
[08:42:30] [13223/13737] ✗ upn0021 - Bricklink 上不存在该零件
[08:42:37] [13224/13737] ✗ upn0022 - Bricklink 上不存在该零件
[08:42:44] [13225/13737] ✗ upn0023 - Bricklink 上不存在该零件
[08:42:51] [13226/13737] ✗ upn0024 - Bricklink 上不存在该零件
[08:42:57] [13227/13737] ✗ upn0025 - Bricklink 上不存在该零件
[08:43:03] [13228/13737] ✗ upn0028 - Bricklink 上不存在该零件
[08:43:09] [13229/13737] ✗ upn0029 - Bricklink 上不存在该零件
[08:43:15] [13230/13737] ✗ upn0031 - Bricklink 上不存在该零件
[08:43:15] 进度 13230/13737 (96.3%) | 成功 8686 失败 4544 | 成功率 65.7% | 平均 9.8s/个 | 剩余 1.4h
[08:43:21] [13231/13737] ✗ upn0032 - Bricklink 上不存在该零件
[08:43:27] [13232/13737] ✗ upn0035 - Bricklink 上不存在该零件
[08:43:33] [13233/13737] ✗ upn0036 - Bricklink 上不存在该零件
[08:43:39] [13234/13737] ✗ upn0037 - Bricklink 上不存在该零件
[08:43:46] [13235/13737] ✗ upn0038 - Bricklink 上不存在该零件
[08:43:53] [13236/13737] ✗ upn0039 - Bricklink 上不存在该零件
[08:44:00] [13237/13737] ✗ upn0039a - Bricklink 上不存在该零件
[08:44:05] [13238/13737] ✗ upn0041 - Bricklink 上不存在该零件
[08:44:12] [13239/13737] ✗ upn0041a - Bricklink 上不存在该零件
[08:44:19] [13240/13737] ✗ upn0041b - Bricklink 上不存在该零件
[08:44:19] 进度 13240/13737 (96.4%) | 成功 8686 失败 4554 | 成功率 65.6% | 平均 9.8s/个 | 剩余 1.4h
[08:44:26] [13241/13737] ✗ upn0041c - Bricklink 上不存在该零件
[08:44:31] [13242/13737] ✗ upn0041d - Bricklink 上不存在该零件
[08:44:37] [13243/13737] ✗ upn0041e - Bricklink 上不存在该零件
[08:44:44] [13244/13737] ✗ upn0042 - Bricklink 上不存在该零件
[08:44:51] [13245/13737] ✗ upn0043 - Bricklink 上不存在该零件
[08:44:57] [13246/13737] ✗ upn0044 - Bricklink 上不存在该零件
[08:45:03] [13247/13737] ✗ upn0045 - Bricklink 上不存在该零件
[08:45:09] [13248/13737] ✗ upn0046a - Bricklink 上不存在该零件
[08:45:16] [13249/13737] ✗ upn0046b - Bricklink 上不存在该零件
[08:45:22] [13250/13737] ✗ upn0046c - Bricklink 上不存在该零件
[08:45:22] 进度 13250/13737 (96.5%) | 成功 8686 失败 4564 | 成功率 65.6% | 平均 9.8s/个 | 剩余 1.3h
[08:45:29] [13251/13737] ✗ upn0047 - Bricklink 上不存在该零件
[08:45:36] [13252/13737] ✗ upn0048 - Bricklink 上不存在该零件
[08:45:41] [13253/13737] ✗ upn0049 - Bricklink 上不存在该零件
[08:45:48] [13254/13737] ✗ upn0050 - Bricklink 上不存在该零件
[08:45:55] [13255/13737] ✗ upn0051 - Bricklink 上不存在该零件
[08:46:02] [13256/13737] ✗ upn0052 - Bricklink 上不存在该零件
[08:46:09] [13257/13737] ✗ upn0053 - Bricklink 上不存在该零件
[08:46:15] [13258/13737] ✗ upn0054 - Bricklink 上不存在该零件
[08:46:21] [13259/13737] ✗ upn0055 - Bricklink 上不存在该零件
[08:46:27] [13260/13737] ✗ upn0056 - Bricklink 上不存在该零件
[08:46:27] 进度 13260/13737 (96.5%) | 成功 8686 失败 4574 | 成功率 65.5% | 平均 9.8s/个 | 剩余 1.3h
[08:46:33] [13261/13737] ✗ upn0057 - Bricklink 上不存在该零件
[08:46:39] [13262/13737] ✗ upn0058 - Bricklink 上不存在该零件
[08:46:46] [13263/13737] ✗ upn0059 - Bricklink 上不存在该零件
[08:46:52] [13264/13737] ✗ upn0060 - Bricklink 上不存在该零件
[08:46:59] [13265/13737] ✗ upn0061 - Bricklink 上不存在该零件
[08:47:05] [13266/13737] ✗ upn0062 - Bricklink 上不存在该零件
[08:47:11] [13267/13737] ✗ upn0063 - Bricklink 上不存在该零件
[08:47:16] [13268/13737] ✗ upn0063c01 - Bricklink 上不存在该零件
[08:47:23] [13269/13737] ✗ upn0063c04 - Bricklink 上不存在该零件
[08:47:28] [13270/13737] ✗ upn0063c05 - Bricklink 上不存在该零件
[08:47:28] 进度 13270/13737 (96.6%) | 成功 8686 失败 4584 | 成功率 65.5% | 平均 9.8s/个 | 剩余 1.3h
[08:47:34] [13271/13737] ✗ upn0064 - Bricklink 上不存在该零件
[08:47:39] [13272/13737] ✗ upn0065 - Bricklink 上不存在该零件
[08:47:45] [13273/13737] ✗ upn0066 - Bricklink 上不存在该零件
[08:47:52] [13274/13737] ✗ upn0067 - Bricklink 上不存在该零件
[08:47:58] [13275/13737] ✗ upn0068 - Bricklink 上不存在该零件
[08:48:05] [13276/13737] ✗ upn0069 - Bricklink 上不存在该零件
[08:48:11] [13277/13737] ✗ upn0070c01 - Bricklink 上不存在该零件
[08:48:16] [13278/13737] ✗ upn0071 - Bricklink 上不存在该零件
[08:48:23] [13279/13737] ✗ upn0072 - Bricklink 上不存在该零件
[08:48:29] [13280/13737] ✗ upn0073 - Bricklink 上不存在该零件
[08:48:29] 进度 13280/13737 (96.7%) | 成功 8686 失败 4594 | 成功率 65.4% | 平均 9.8s/个 | 剩余 1.2h
[08:48:35] [13281/13737] ✗ upn0074 - Bricklink 上不存在该零件
[08:48:40] [13282/13737] ✗ upn0074c01 - Bricklink 上不存在该零件
[08:48:46] [13283/13737] ✗ upn0075 - Bricklink 上不存在该零件
[08:48:51] [13284/13737] ✗ upn0076 - Bricklink 上不存在该零件
[08:48:58] [13285/13737] ✗ upn0077 - Bricklink 上不存在该零件
[08:49:04] [13286/13737] ✗ upn0078 - Bricklink 上不存在该零件
[08:49:10] [13287/13737] ✗ upn0079 - Bricklink 上不存在该零件
[08:49:16] [13288/13737] ✗ upn0080 - Bricklink 上不存在该零件
[08:49:23] [13289/13737] ✗ upn0081 - Bricklink 上不存在该零件
[08:49:29] [13290/13737] ✗ upn0082 - Bricklink 上不存在该零件
[08:49:29] 进度 13290/13737 (96.7%) | 成功 8686 失败 4604 | 成功率 65.4% | 平均 9.8s/个 | 剩余 1.2h
[08:49:35] [13291/13737] ✗ upn0083 - Bricklink 上不存在该零件
[08:49:40] [13292/13737] ✗ upn0084 - Bricklink 上不存在该零件
[08:49:46] [13293/13737] ✗ upn0085 - Bricklink 上不存在该零件
[08:49:52] [13294/13737] ✗ upn0086 - Bricklink 上不存在该零件
[08:49:59] [13295/13737] ✗ upn0087 - Bricklink 上不存在该零件
[08:50:06] [13296/13737] ✗ upn0088 - Bricklink 上不存在该零件
[08:50:12] [13297/13737] ✗ upn0090 - Bricklink 上不存在该零件
[08:50:19] [13298/13737] ✗ upn0091c01 - Bricklink 上不存在该零件
[08:50:25] [13299/13737] ✗ upn0092 - Bricklink 上不存在该零件
[08:50:31] [13300/13737] ✗ upn0093 - Bricklink 上不存在该零件
[08:50:31] 进度 13300/13737 (96.8%) | 成功 8686 失败 4614 | 成功率 65.3% | 平均 9.8s/个 | 剩余 1.2h
[08:50:37] [13301/13737] ✗ upn0094 - Bricklink 上不存在该零件
[08:50:43] [13302/13737] ✗ upn0095 - Bricklink 上不存在该零件
[08:50:49] [13303/13737] ✗ upn0096 - Bricklink 上不存在该零件
[08:50:55] [13304/13737] ✗ upn0097 - Bricklink 上不存在该零件
[08:51:02] [13305/13737] ✗ upn0097a - Bricklink 上不存在该零件
[08:51:08] [13306/13737] ✗ upn0098 - Bricklink 上不存在该零件
[08:51:15] [13307/13737] ✗ upn0099 - Bricklink 上不存在该零件
[08:51:21] [13308/13737] ✗ upn0101 - Bricklink 上不存在该零件
[08:51:29] [13309/13737] ✗ upn0102 - Bricklink 上不存在该零件
[08:51:35] [13310/13737] ✗ upn0104 - Bricklink 上不存在该零件
[08:51:35] 进度 13310/13737 (96.9%) | 成功 8686 失败 4624 | 成功率 65.3% | 平均 9.8s/个 | 剩余 1.2h
[08:51:42] [13311/13737] ✗ upn0105 - Bricklink 上不存在该零件
[08:51:47] [13312/13737] ✗ upn0106 - Bricklink 上不存在该零件
[08:51:54] [13313/13737] ✗ upn0107 - Bricklink 上不存在该零件
[08:52:01] [13314/13737] ✗ upn0108 - Bricklink 上不存在该零件
[08:52:07] [13315/13737] ✗ upn0109 - Bricklink 上不存在该零件
[08:52:13] [13316/13737] ✗ upn0110 - Bricklink 上不存在该零件
[08:52:20] [13317/13737] ✗ upn0111 - Bricklink 上不存在该零件
[08:52:26] [13318/13737] ✗ upn0112 - Bricklink 上不存在该零件
[08:52:32] [13319/13737] ✗ upn0113 - Bricklink 上不存在该零件
[08:52:38] [13320/13737] ✗ upn0114 - Bricklink 上不存在该零件
[08:52:38] 进度 13320/13737 (97.0%) | 成功 8686 失败 4634 | 成功率 65.2% | 平均 9.8s/个 | 剩余 1.1h
[08:52:45] [13321/13737] ✗ upn0115 - Bricklink 上不存在该零件
[08:52:51] [13322/13737] ✗ upn0116 - Bricklink 上不存在该零件
[08:52:59] [13323/13737] ✗ upn0117 - Bricklink 上不存在该零件
[08:53:04] [13324/13737] ✗ upn0118 - Bricklink 上不存在该零件
[08:53:10] [13325/13737] ✗ upn0119 - Bricklink 上不存在该零件
[08:53:16] [13326/13737] ✗ upn0120 - Bricklink 上不存在该零件
[08:53:23] [13327/13737] ✗ upn0121 - Bricklink 上不存在该零件
[08:53:30] [13328/13737] ✗ upn0123c01 - Bricklink 上不存在该零件
[08:53:36] [13329/13737] ✗ upn0123c190 - Bricklink 上不存在该零件
[08:53:42] [13330/13737] ✗ upn0124 - Bricklink 上不存在该零件
[08:53:42] 进度 13330/13737 (97.0%) | 成功 8686 失败 4644 | 成功率 65.2% | 平均 9.8s/个 | 剩余 1.1h
[08:53:49] [13331/13737] ✗ upn0125 - Bricklink 上不存在该零件
[08:53:56] [13332/13737] ✗ upn0126 - Bricklink 上不存在该零件
[08:54:01] [13333/13737] ✗ upn0127 - Bricklink 上不存在该零件
[08:54:09] [13334/13737] ✗ upn0128c01 - Bricklink 上不存在该零件
[08:54:16] [13335/13737] ✗ upn0128c02 - Bricklink 上不存在该零件
[08:54:21] [13336/13737] ✗ upn0129 - Bricklink 上不存在该零件
[08:54:28] [13337/13737] ✗ upn0130 - Bricklink 上不存在该零件
[08:54:33] [13338/13737] ✗ upn0131 - Bricklink 上不存在该零件
[08:54:39] [13339/13737] ✗ upn0132 - Bricklink 上不存在该零件
[08:54:46] [13340/13737] ✗ upn0133 - Bricklink 上不存在该零件
[08:54:47] 进度 13340/13737 (97.1%) | 成功 8686 失败 4654 | 成功率 65.1% | 平均 9.8s/个 | 剩余 1.1h
[08:54:52] [13341/13737] ✗ upn0134 - Bricklink 上不存在该零件
[08:54:59] [13342/13737] ✗ upn0135 - Bricklink 上不存在该零件
[08:55:04] [13343/13737] ✗ upn0136 - Bricklink 上不存在该零件
[08:55:10] [13344/13737] ✗ upn0137 - Bricklink 上不存在该零件
[08:55:15] [13345/13737] ✗ upn0141c01 - Bricklink 上不存在该零件
[08:55:23] [13346/13737] ✗ upn0141c02 - Bricklink 上不存在该零件
[08:55:29] [13347/13737] ✗ upn0142c01 - Bricklink 上不存在该零件
[08:55:35] [13348/13737] ✗ upn0143c14 - Bricklink 上不存在该零件
[08:55:40] [13349/13737] ✗ upn0144 - Bricklink 上不存在该零件
[08:55:47] [13350/13737] ✗ upn0147 - Bricklink 上不存在该零件
[08:55:47] 进度 13350/13737 (97.2%) | 成功 8686 失败 4664 | 成功率 65.1% | 平均 9.8s/个 | 剩余 1.1h
[08:55:53] [13351/13737] ✗ upn0148 - Bricklink 上不存在该零件
[08:56:00] [13352/13737] ✗ upn0149 - Bricklink 上不存在该零件
[08:56:05] [13353/13737] ✗ upn0150 - Bricklink 上不存在该零件
[08:56:12] [13354/13737] ✗ upn0150LR - Bricklink 上不存在该零件
[08:56:18] [13355/13737] ✗ upn0151 - Bricklink 上不存在该零件
[08:56:24] [13356/13737] ✗ upn0151a - Bricklink 上不存在该零件
[08:56:30] [13357/13737] ✗ upn0155 - Bricklink 上不存在该零件
[08:56:38] [13358/13737] ✗ upn0156 - Bricklink 上不存在该零件
[08:56:43] [13359/13737] ✗ upn0159c85 - Bricklink 上不存在该零件
[08:56:50] [13360/13737] ✗ upn0160 - Bricklink 上不存在该零件
[08:56:50] 进度 13360/13737 (97.3%) | 成功 8686 失败 4674 | 成功率 65.0% | 平均 9.8s/个 | 剩余 1.0h
[08:56:55] [13361/13737] ✗ upn0161 - Bricklink 上不存在该零件
[08:57:01] [13362/13737] ✗ upn0162 - Bricklink 上不存在该零件
[08:57:07] [13363/13737] ✗ upn0163 - Bricklink 上不存在该零件
[08:57:15] [13364/13737] ✗ upn0164 - Bricklink 上不存在该零件
[08:57:21] [13365/13737] ✗ upn0165 - Bricklink 上不存在该零件
[08:57:27] [13366/13737] ✗ upn0166 - Bricklink 上不存在该零件
[08:57:34] [13367/13737] ✗ upn0167c01 - Bricklink 上不存在该零件
[08:57:41] [13368/13737] ✗ upn0169 - Bricklink 上不存在该零件
[08:57:47] [13369/13737] ✗ upn0170 - Bricklink 上不存在该零件
[08:57:54] [13370/13737] ✗ upn0172 - Bricklink 上不存在该零件
[08:57:55] 进度 13370/13737 (97.3%) | 成功 8686 失败 4684 | 成功率 65.0% | 平均 9.8s/个 | 剩余 59m51s
[08:58:02] [13371/13737] ✗ upn0174 - Bricklink 上不存在该零件
[08:58:07] [13372/13737] ✗ upn0175 - Bricklink 上不存在该零件
[08:58:14] [13373/13737] ✗ upn0176 - Bricklink 上不存在该零件
[08:58:19] [13374/13737] ✗ upn0177 - Bricklink 上不存在该零件
[08:58:26] [13375/13737] ✗ upn0178 - Bricklink 上不存在该零件
[08:58:33] [13376/13737] ✗ upn0179 - Bricklink 上不存在该零件
[08:58:39] [13377/13737] ✗ upn0180 - Bricklink 上不存在该零件
[08:58:45] [13378/13737] ✗ upn0182 - Bricklink 上不存在该零件
[08:58:52] [13379/13737] ✗ upn0183 - Bricklink 上不存在该零件
[08:58:58] [13380/13737] ✗ upn0184 - Bricklink 上不存在该零件
[08:58:58] 进度 13380/13737 (97.4%) | 成功 8686 失败 4694 | 成功率 64.9% | 平均 9.8s/个 | 剩余 58m12s
[08:59:03] [13381/13737] ✗ upn0184b - Bricklink 上不存在该零件
[08:59:11] [13382/13737] ✗ upn0185 - Bricklink 上不存在该零件
[08:59:16] [13383/13737] ✗ upn0186 - Bricklink 上不存在该零件
[08:59:23] [13384/13737] ✗ upn0188a - Bricklink 上不存在该零件
[08:59:30] [13385/13737] ✗ upn0188b - Bricklink 上不存在该零件
[08:59:37] [13386/13737] ✗ upn0188c - Bricklink 上不存在该零件
[08:59:45] [13387/13737] ✗ upn0188d - Bricklink 上不存在该零件
[08:59:50] [13388/13737] ✗ upn0188e - Bricklink 上不存在该零件
[08:59:57] [13389/13737] ✗ upn0189c01 - Bricklink 上不存在该零件
[09:00:03] [13390/13737] ✗ upn0189c02 - Bricklink 上不存在该零件
[09:00:03] 进度 13390/13737 (97.5%) | 成功 8686 失败 4704 | 成功率 64.9% | 平均 9.8s/个 | 剩余 56m34s
[09:00:10] [13391/13737] ✗ upn0190c01 - Bricklink 上不存在该零件
[09:00:16] [13392/13737] ✗ upn0190c02 - Bricklink 上不存在该零件
[09:00:22] [13393/13737] ✗ upn0191 - Bricklink 上不存在该零件
[09:00:28] [13394/13737] ✗ upn0192 - Bricklink 上不存在该零件
[09:00:34] [13395/13737] ✗ upn0193 - Bricklink 上不存在该零件
[09:00:40] [13396/13737] ✗ upn0194 - Bricklink 上不存在该零件
[09:00:46] [13397/13737] ✗ upn0195 - Bricklink 上不存在该零件
[09:00:53] [13398/13737] ✗ upn0196 - Bricklink 上不存在该零件
[09:00:59] [13399/13737] ✗ upn0198 - Bricklink 上不存在该零件
[09:01:06] [13400/13737] ✗ upn0200 - Bricklink 上不存在该零件
[09:01:06] 进度 13400/13737 (97.5%) | 成功 8686 失败 4714 | 成功率 64.8% | 平均 9.8s/个 | 剩余 54m55s
[09:01:13] [13401/13737] ✗ upn0201 - Bricklink 上不存在该零件
[09:01:19] [13402/13737] ✗ upn0203 - Bricklink 上不存在该零件
[09:01:27] [13403/13737] ✗ upn0204 - Bricklink 上不存在该零件
[09:01:33] [13404/13737] ✗ upn0205 - Bricklink 上不存在该零件
[09:01:40] [13405/13737] ✗ upn0206 - Bricklink 上不存在该零件
[09:01:46] [13406/13737] ✗ upn0206a - Bricklink 上不存在该零件
[09:01:53] [13407/13737] ✗ upn0208 - Bricklink 上不存在该零件
[09:02:00] [13408/13737] ✗ upn0209 - Bricklink 上不存在该零件
[09:02:06] [13409/13737] ✗ upn0210 - Bricklink 上不存在该零件
[09:02:12] [13410/13737] ✗ upn0211 - Bricklink 上不存在该零件
[09:02:12] 进度 13410/13737 (97.6%) | 成功 8686 失败 4724 | 成功率 64.8% | 平均 9.8s/个 | 剩余 53m17s
[09:02:18] [13411/13737] ✗ upn0215 - Bricklink 上不存在该零件
[09:02:25] [13412/13737] ✗ upn0216 - Bricklink 上不存在该零件
[09:02:30] [13413/13737] ✗ upn0217 - Bricklink 上不存在该零件
[09:02:37] [13414/13737] ✗ upn0220 - Bricklink 上不存在该零件
[09:02:44] [13415/13737] ✗ upn0221 - Bricklink 上不存在该零件
[09:02:52] [13416/13737] ✗ upn0222 - Bricklink 上不存在该零件
[09:02:59] [13417/13737] ✗ upn0223 - Bricklink 上不存在该零件
[09:03:06] [13418/13737] ✗ upn0224 - Bricklink 上不存在该零件
[09:03:12] [13419/13737] ✗ upn0225 - Bricklink 上不存在该零件
[09:03:19] [13420/13737] ✗ upn0226 - Bricklink 上不存在该零件
[09:03:19] 进度 13420/13737 (97.7%) | 成功 8686 失败 4734 | 成功率 64.7% | 平均 9.8s/个 | 剩余 51m38s
[09:03:24] [13421/13737] ✗ upn0227 - Bricklink 上不存在该零件
[09:03:30] [13422/13737] ✗ upn0228 - Bricklink 上不存在该零件
[09:03:37] [13423/13737] ✗ upn0230 - Bricklink 上不存在该零件
[09:03:43] [13424/13737] ✗ upn0237 - Bricklink 上不存在该零件
[09:03:52] [13425/13737] ✗ upn0238 - Bricklink 上不存在该零件
[09:03:58] [13426/13737] ✗ upn0239 - Bricklink 上不存在该零件
[09:04:05] [13427/13737] ✗ upn0240 - Bricklink 上不存在该零件
[09:04:10] [13428/13737] ✗ upn0242 - Bricklink 上不存在该零件
[09:04:15] [13429/13737] ✗ upn0247 - Bricklink 上不存在该零件
[09:04:21] [13430/13737] ✗ upn0251 - Bricklink 上不存在该零件
[09:04:21] 进度 13430/13737 (97.8%) | 成功 8686 失败 4744 | 成功率 64.7% | 平均 9.8s/个 | 剩余 49m59s
[09:04:28] [13431/13737] ✗ upn0253 - Bricklink 上不存在该零件
[09:04:34] [13432/13737] ✗ upn0253a - Bricklink 上不存在该零件
[09:04:40] [13433/13737] ✗ upn0253c01 - Bricklink 上不存在该零件
[09:04:47] [13434/13737] ✗ upn0254 - Bricklink 上不存在该零件
[09:04:54] [13435/13737] ✗ upn0255 - Bricklink 上不存在该零件
[09:05:01] [13436/13737] ✗ upn0256 - Bricklink 上不存在该零件
[09:05:07] [13437/13737] ✗ upn0256b - Bricklink 上不存在该零件
[09:05:14] [13438/13737] ✗ upn0257a200 - Bricklink 上不存在该零件
[09:05:20] [13439/13737] ✗ upn0257c11 - Bricklink 上不存在该零件
[09:05:27] [13440/13737] ✗ upn0258c10 - Bricklink 上不存在该零件
[09:05:27] 进度 13440/13737 (97.8%) | 成功 8686 失败 4754 | 成功率 64.6% | 平均 9.8s/个 | 剩余 48m21s
[09:05:34] [13441/13737] ✗ upn0258c12 - Bricklink 上不存在该零件
[09:05:40] [13442/13737] ✗ upn0259ba - Bricklink 上不存在该零件
[09:05:46] [13443/13737] ✗ upn0259bb - Bricklink 上不存在该零件
[09:05:51] [13444/13737] ✗ upn0259bc - Bricklink 上不存在该零件
[09:05:58] [13445/13737] ✗ upn0259c01 - Bricklink 上不存在该零件
[09:06:05] [13446/13737] ✗ upn0259c02 - Bricklink 上不存在该零件
[09:06:11] [13447/13737] ✗ upn0259c02a - Bricklink 上不存在该零件
[09:06:17] [13448/13737] ✗ upn0259c02b - Bricklink 上不存在该零件
[09:06:22] [13449/13737] ✗ upn0260 - Bricklink 上不存在该零件
[09:06:29] [13450/13737] ✗ upn0261 - Bricklink 上不存在该零件
[09:06:29] 进度 13450/13737 (97.9%) | 成功 8686 失败 4764 | 成功率 64.6% | 平均 9.8s/个 | 剩余 46m43s
[09:06:36] [13451/13737] ✗ upn0262 - Bricklink 上不存在该零件
[09:06:42] [13452/13737] ✗ upn0264 - Bricklink 上不存在该零件
[09:06:49] [13453/13737] ✗ upn0265c01 - Bricklink 上不存在该零件
[09:06:55] [13454/13737] ✗ upn0266 - Bricklink 上不存在该零件
[09:07:01] [13455/13737] ✗ upn0267 - Bricklink 上不存在该零件
[09:07:08] [13456/13737] ✗ upn0268c01 - Bricklink 上不存在该零件
[09:07:14] [13457/13737] ✗ upn0269 - Bricklink 上不存在该零件
[09:07:20] [13458/13737] ✗ upn0270 - Bricklink 上不存在该零件
[09:07:27] [13459/13737] ✗ upn0271 - Bricklink 上不存在该零件
[09:07:33] [13460/13737] ✗ upn0272 - Bricklink 上不存在该零件
[09:07:33] 进度 13460/13737 (98.0%) | 成功 8686 失败 4774 | 成功率 64.5% | 平均 9.8s/个 | 剩余 45m4s
[09:07:39] [13461/13737] ✗ upn0272a - Bricklink 上不存在该零件
[09:07:46] [13462/13737] ✗ upn0272b - Bricklink 上不存在该零件
[09:07:53] [13463/13737] ✗ upn0272c - Bricklink 上不存在该零件
[09:07:59] [13464/13737] ✗ upn0273 - Bricklink 上不存在该零件
[09:08:05] [13465/13737] ✗ upn0274c01 - Bricklink 上不存在该零件
[09:08:12] [13466/13737] ✗ upn0274c02 - Bricklink 上不存在该零件
[09:08:18] [13467/13737] ✗ upn0275 - Bricklink 上不存在该零件
[09:08:24] [13468/13737] ✗ upn0276 - Bricklink 上不存在该零件
[09:08:33] [13469/13737] ✗ upn0277 - Bricklink 上不存在该零件
[09:08:40] [13470/13737] ✗ upn0278c01 - Bricklink 上不存在该零件
[09:08:40] 进度 13470/13737 (98.1%) | 成功 8686 失败 4784 | 成功率 64.5% | 平均 9.8s/个 | 剩余 43m26s
[09:08:45] [13471/13737] ✗ upn0280 - Bricklink 上不存在该零件
[09:08:51] [13472/13737] ✗ upn0282 - Bricklink 上不存在该零件
[09:08:57] [13473/13737] ✗ upn0283 - Bricklink 上不存在该零件
[09:09:02] [13474/13737] ✗ upn0284c02 - Bricklink 上不存在该零件
[09:09:07] [13475/13737] ✗ upn0286 - Bricklink 上不存在该零件
[09:09:12] [13476/13737] ✗ upn0287 - Bricklink 上不存在该零件
[09:09:19] [13477/13737] ✗ upn0288 - Bricklink 上不存在该零件
[09:09:24] [13478/13737] ✗ upn0289 - Bricklink 上不存在该零件
[09:09:31] [13479/13737] ✗ upn0290 - Bricklink 上不存在该零件
[09:09:37] [13480/13737] ✗ upn0291 - Bricklink 上不存在该零件
[09:09:37] 进度 13480/13737 (98.1%) | 成功 8686 失败 4794 | 成功率 64.4% | 平均 9.8s/个 | 剩余 41m48s
[09:09:44] [13481/13737] ✗ upn0293 - Bricklink 上不存在该零件
[09:10:10] [13482/13737] ✗ upn0294 - Bricklink 上不存在该零件
[09:12:06] [13483/13737] ✗ upn0294c01 - Bricklink 上不存在该零件
[09:12:11] [13484/13737] ✗ upn0294c02 - Bricklink 上不存在该零件
[09:12:55] [13485/13737] ✗ upn0294c03 - Bricklink 上不存在该零件
[09:13:01] [13486/13737] ✗ upn0294c04 - Bricklink 上不存在该零件
[09:24:38] [13487/13737] ✗ upn0295 - <urlopen error [Errno 8] nodename nor servname provided, or not known>
[09:24:44] [13488/13737] ✗ upn0296 - <urlopen error [Errno 8] nodename nor servname provided, or not known>
[09:24:49] [13489/13737] ✗ upn0297 - <urlopen error [Errno 8] nodename nor servname provided, or not known>
[09:24:56] [13490/13737] ✗ upn0298 - <urlopen error [Errno 8] nodename nor servname provided, or not known>
[09:24:56] 进度 13490/13737 (98.2%) | 成功 8686 失败 4804 | 成功率 64.4% | 平均 9.8s/个 | 剩余 40m25s
[09:25:03] [13491/13737] ✗ upn0299 - <urlopen error [Errno 8] nodename nor servname provided, or not known>
[09:25:09] [13492/13737] ✗ upn0300 - <urlopen error [Errno 8] nodename nor servname provided, or not known>
[09:25:16] [13493/13737] ✗ upn0302 - <urlopen error [Errno 8] nodename nor servname provided, or not known>
[09:25:23] [13494/13737] ✗ upn0303 - <urlopen error [Errno 8] nodename nor servname provided, or not known>
[09:25:28] [13495/13737] ✗ upn0304 - <urlopen error [Errno 8] nodename nor servname provided, or not known>
[09:25:35] [13496/13737] ✗ upn0307c01 - <urlopen error [Errno 8] nodename nor servname provided, or not known>
[09:25:42] [13497/13737] ✗ upn0311a - <urlopen error [Errno 8] nodename nor servname provided, or not known>
[09:25:48] [13498/13737] ✗ upn0311b - <urlopen error [Errno 8] nodename nor servname provided, or not known>
[09:25:54] [13499/13737] ✗ upn0312a - <urlopen error [Errno 8] nodename nor servname provided, or not known>
[09:26:00] [13500/13737] ✗ upn0312bc01 - <urlopen error [Errno 8] nodename nor servname provided, or not known>
[09:26:00] 进度 13500/13737 (98.3%) | 成功 8686 失败 4814 | 成功率 64.3% | 平均 9.8s/个 | 剩余 38m46s
[09:26:05] [13501/13737] ✗ upn0313a - <urlopen error [Errno 8] nodename nor servname provided, or not known>
[09:26:11] [13502/13737] ✗ upn0313b - <urlopen error [Errno 8] nodename nor servname provided, or not known>
[09:26:16] [13503/13737] ✗ upn0314c01 - <urlopen error [Errno 8] nodename nor servname provided, or not known>
[09:26:23] [13504/13737] ✗ upn0317 - <urlopen error [Errno 8] nodename nor servname provided, or not known>
[09:26:31] [13505/13737] ✗ upn0318 - <urlopen error [Errno 8] nodename nor servname provided, or not known>
[09:26:37] [13506/13737] ✗ upn0320 - <urlopen error [Errno 8] nodename nor servname provided, or not known>
[09:26:43] [13507/13737] ✗ upn0321 - <urlopen error [Errno 8] nodename nor servname provided, or not known>
[09:26:48] [13508/13737] ✗ upn0322a - <urlopen error [Errno 8] nodename nor servname provided, or not known>
[09:26:54] [13509/13737] ✗ upn0322b - <urlopen error [Errno 8] nodename nor servname provided, or not known>
[09:27:01] [13510/13737] ✗ upn0323 - <urlopen error [Errno 8] nodename nor servname provided, or not known>
[09:27:01] 进度 13510/13737 (98.3%) | 成功 8686 失败 4824 | 成功率 64.3% | 平均 9.8s/个 | 剩余 37m7s
[09:27:07] [13511/13737] ✗ upn0324 - <urlopen error [Errno 8] nodename nor servname provided, or not known>
[09:27:14] [13512/13737] ✗ upn0325 - <urlopen error [Errno 8] nodename nor servname provided, or not known>
[09:27:21] [13513/13737] ✗ upn0326 - <urlopen error [Errno 8] nodename nor servname provided, or not known>
[09:27:27] [13514/13737] ✗ upn0329 - <urlopen error [Errno 8] nodename nor servname provided, or not known>
[09:27:32] [13515/13737] ✗ upn0330 - <urlopen error [Errno 8] nodename nor servname provided, or not known>
[09:27:38] [13516/13737] ✗ upn0331 - <urlopen error [Errno 8] nodename nor servname provided, or not known>
[09:27:45] [13517/13737] ✗ upn0332 - <urlopen error [Errno 8] nodename nor servname provided, or not known>
[09:27:52] [13518/13737] ✗ upn0333 - <urlopen error [Errno 8] nodename nor servname provided, or not known>
[09:27:59] [13519/13737] ✗ upn0334 - <urlopen error [Errno 8] nodename nor servname provided, or not known>
[09:33:23] [13520/13737] ✗ upn0335 - <urlopen error [Errno 8] nodename nor servname provided, or not known>
[09:33:23] 进度 13520/13737 (98.4%) | 成功 8686 失败 4834 | 成功率 64.2% | 平均 9.8s/个 | 剩余 35m34s
[09:33:38] [13521/13737] ✗ upn0336 - Bricklink 上不存在该零件
[09:33:45] [13522/13737] ✗ upn0337 - Bricklink 上不存在该零件
[09:33:52] [13523/13737] ✗ upn0338 - Bricklink 上不存在该零件
[09:39:41] [13524/13737] ✗ upn0339 - Bricklink 上不存在该零件
[09:39:46] [13525/13737] ✗ upn0340 - Bricklink 上不存在该零件
[09:39:52] [13526/13737] ✗ upn0341 - Bricklink 上不存在该零件
[09:39:59] [13527/13737] ✗ upn0342 - Bricklink 上不存在该零件
[09:40:07] [13528/13737] ✗ upn0343 - Bricklink 上不存在该零件
[09:40:14] [13529/13737] ✗ upn0344 - Bricklink 上不存在该零件
[09:40:20] [13530/13737] ✗ upn0345 - Bricklink 上不存在该零件
[09:40:20] 进度 13530/13737 (98.5%) | 成功 8686 失败 4844 | 成功率 64.2% | 平均 9.9s/个 | 剩余 34m0s
[09:40:27] [13531/13737] ✗ upn0346 - Bricklink 上不存在该零件
[09:40:32] [13532/13737] ✗ upn0347 - Bricklink 上不存在该零件
[09:40:39] [13533/13737] ✗ upn0348 - Bricklink 上不存在该零件
[09:40:46] [13534/13737] ✗ upn0349 - Bricklink 上不存在该零件
[09:40:53] [13535/13737] ✗ upn0350 - Bricklink 上不存在该零件
[09:40:58] [13536/13737] ✗ upn0351 - Bricklink 上不存在该零件
[09:41:04] [13537/13737] ✗ upn0352 - Bricklink 上不存在该零件
[09:41:10] [13538/13737] ✗ upn0353 - Bricklink 上不存在该零件
[09:41:17] [13539/13737] ✗ upn0354 - Bricklink 上不存在该零件
[09:41:22] [13540/13737] ✗ upn0355 - Bricklink 上不存在该零件
[09:41:22] 进度 13540/13737 (98.6%) | 成功 8686 失败 4854 | 成功率 64.2% | 平均 9.9s/个 | 剩余 32m21s
[09:41:28] [13541/13737] ✗ upn0356 - Bricklink 上不存在该零件
[09:41:35] [13542/13737] ✗ upn0357 - Bricklink 上不存在该零件
[09:41:41] [13543/13737] ✗ upn0358 - Bricklink 上不存在该零件
[09:41:46] [13544/13737] ✗ upn0359 - Bricklink 上不存在该零件
[09:41:52] [13545/13737] ✗ upn0360 - Bricklink 上不存在该零件
[09:41:58] [13546/13737] ✗ upn0362a - Bricklink 上不存在该零件
[09:42:03] [13547/13737] ✗ upn0362b - Bricklink 上不存在该零件
[09:42:10] [13548/13737] ✗ upn0363 - Bricklink 上不存在该零件
[09:42:16] [13549/13737] ✗ upn0365 - Bricklink 上不存在该零件
[09:42:22] [13550/13737] ✗ upn0366 - Bricklink 上不存在该零件
[09:42:22] 进度 13550/13737 (98.6%) | 成功 8686 失败 4864 | 成功率 64.1% | 平均 9.9s/个 | 剩余 30m42s
[09:42:28] [13551/13737] ✗ upn0369 - Bricklink 上不存在该零件
[09:42:35] [13552/13737] ✗ upn0370c01 - Bricklink 上不存在该零件
[09:42:41] [13553/13737] ✗ upn0370c02 - Bricklink 上不存在该零件
[09:42:50] [13554/13737] ✗ upn0370c03 - Bricklink 上不存在该零件
[09:42:55] [13555/13737] ✗ upn0371 - Bricklink 上不存在该零件
[09:43:02] [13556/13737] ✗ upn0372a - Bricklink 上不存在该零件
[09:43:08] [13557/13737] ✗ upn0373 - Bricklink 上不存在该零件
[09:43:15] [13558/13737] ✗ upn0377 - Bricklink 上不存在该零件
[09:43:20] [13559/13737] ✗ upn0378 - Bricklink 上不存在该零件
[09:43:26] [13560/13737] ✗ upn0379 - Bricklink 上不存在该零件
[09:43:26] 进度 13560/13737 (98.7%) | 成功 8686 失败 4874 | 成功率 64.1% | 平均 9.9s/个 | 剩余 29m3s
[09:43:32] [13561/13737] ✗ upn0379c01 - Bricklink 上不存在该零件
[09:43:39] [13562/13737] ✗ upn0380 - Bricklink 上不存在该零件
[09:43:48] [13563/13737] ✗ upn0381 - Bricklink 上不存在该零件
[09:43:54] [13564/13737] ✗ upn0382 - Bricklink 上不存在该零件
[09:44:02] [13565/13737] ✗ upn0383a - Bricklink 上不存在该零件
[09:44:08] [13566/13737] ✗ upn0383b - Bricklink 上不存在该零件
[09:44:15] [13567/13737] ✗ upn0384 - Bricklink 上不存在该零件
[09:44:21] [13568/13737] ✗ upn0384a - Bricklink 上不存在该零件
[09:44:28] [13569/13737] ✗ upn0384b - Bricklink 上不存在该零件
[09:44:34] [13570/13737] ✗ upn0384c - Bricklink 上不存在该零件
[09:44:34] 进度 13570/13737 (98.8%) | 成功 8686 失败 4884 | 成功率 64.0% | 平均 9.8s/个 | 剩余 27m24s
[09:44:45] [13571/13737] ✗ upn0385c01 - Bricklink 上不存在该零件
[09:44:52] [13572/13737] ✗ upn0387 - Bricklink 上不存在该零件
[09:44:58] [13573/13737] ✗ upn0388la - Bricklink 上不存在该零件
[09:45:05] [13574/13737] ✗ upn0388lm - Bricklink 上不存在该零件
[09:45:11] [13575/13737] ✗ upn0388ra - Bricklink 上不存在该零件
[09:45:18] [13576/13737] ✗ upn0388rm - Bricklink 上不存在该零件
[09:45:25] [13577/13737] ✗ upn0389 - Bricklink 上不存在该零件
[09:45:32] [13578/13737] ✗ upn0390 - Bricklink 上不存在该零件
[09:45:41] [13579/13737] ✗ upn0391 - Bricklink 上不存在该零件
[09:45:47] [13580/13737] ✗ upn0392 - Bricklink 上不存在该零件
[09:45:47] 进度 13580/13737 (98.9%) | 成功 8686 失败 4894 | 成功率 64.0% | 平均 9.8s/个 | 剩余 25m45s
[09:45:54] [13581/13737] ✗ upn0393 - Bricklink 上不存在该零件
[09:46:03] [13582/13737] ✗ upn0394 - Bricklink 上不存在该零件
[09:46:10] [13583/13737] ✗ upn0395 - Bricklink 上不存在该零件
[09:46:16] [13584/13737] ✗ upn0396 - Bricklink 上不存在该零件
[09:46:24] [13585/13737] ✗ upn0397 - Bricklink 上不存在该零件
[09:46:30] [13586/13737] ✗ upn0398 - Bricklink 上不存在该零件
[09:46:37] [13587/13737] ✗ upn0399 - Bricklink 上不存在该零件
[09:46:44] [13588/13737] ✗ upn0400 - Bricklink 上不存在该零件
[09:46:50] [13589/13737] ✗ upn0401 - Bricklink 上不存在该零件
[09:46:55] [13590/13737] ✗ upn0402 - Bricklink 上不存在该零件
[09:46:55] 进度 13590/13737 (98.9%) | 成功 8686 失败 4904 | 成功率 63.9% | 平均 9.8s/个 | 剩余 24m7s
[09:47:02] [13591/13737] ✗ upn0403 - Bricklink 上不存在该零件
[09:47:08] [13592/13737] ✗ upn0404 - Bricklink 上不存在该零件
[09:47:14] [13593/13737] ✗ upn0405 - Bricklink 上不存在该零件
[09:47:21] [13594/13737] ✗ upn0406 - Bricklink 上不存在该零件
[09:47:27] [13595/13737] ✗ upn0407 - Bricklink 上不存在该零件
[09:47:33] [13596/13737] ✗ upn0407a - Bricklink 上不存在该零件
[09:47:39] [13597/13737] ✗ upn0408 - Bricklink 上不存在该零件
[09:47:45] [13598/13737] ✗ upn0409 - Bricklink 上不存在该零件
[09:47:51] [13599/13737] ✗ upn0410 - Bricklink 上不存在该零件
[09:47:59] [13600/13737] ✗ upn0412 - Bricklink 上不存在该零件
[09:47:59] 进度 13600/13737 (99.0%) | 成功 8686 失败 4914 | 成功率 63.9% | 平均 9.8s/个 | 剩余 22m28s
[09:48:06] [13601/13737] ✗ upn0413 - Bricklink 上不存在该零件
[09:48:11] [13602/13737] ✗ upn0415 - Bricklink 上不存在该零件
[09:48:17] [13603/13737] ✗ upn0417 - Bricklink 上不存在该零件
[09:48:23] [13604/13737] ✗ upn0418 - Bricklink 上不存在该零件
[09:48:29] [13605/13737] ✗ upn0419 - Bricklink 上不存在该零件
[09:48:34] [13606/13737] ✗ upn0420 - Bricklink 上不存在该零件
[09:48:40] [13607/13737] ✗ upn0421c01 - Bricklink 上不存在该零件
[09:48:47] [13608/13737] ✗ upn0421c02 - Bricklink 上不存在该零件
[09:48:53] [13609/13737] ✗ upn0422 - Bricklink 上不存在该零件
[09:48:59] [13610/13737] ✗ upn0423 - Bricklink 上不存在该零件
[09:48:59] 进度 13610/13737 (99.1%) | 成功 8686 失败 4924 | 成功率 63.8% | 平均 9.8s/个 | 剩余 20m49s
[09:49:06] [13611/13737] ✗ upn0424 - Bricklink 上不存在该零件
[09:49:16] [13612/13737] ✗ upn0425c01 - Bricklink 上不存在该零件
[09:49:23] [13613/13737] ✗ upn0425c02 - Bricklink 上不存在该零件
[09:49:30] [13614/13737] ✗ upn0426 - Bricklink 上不存在该零件
[09:49:38] [13615/13737] ✗ upn0427 - Bricklink 上不存在该零件
[09:49:45] [13616/13737] ✗ upn0428 - Bricklink 上不存在该零件
[09:49:53] [13617/13737] ✗ upn0429 - Bricklink 上不存在该零件
[09:50:15] [13618/13737] ✗ upn0430 - Bricklink 上不存在该零件
[09:50:21] [13619/13737] ✗ upn0431 - Bricklink 上不存在该零件
[09:50:29] [13620/13737] ✗ upn0432 - Bricklink 上不存在该零件
[09:50:29] 进度 13620/13737 (99.1%) | 成功 8686 失败 4934 | 成功率 63.8% | 平均 9.8s/个 | 剩余 19m11s
[09:50:36] [13621/13737] ✗ upn0433 - Bricklink 上不存在该零件
[09:50:45] [13622/13737] ✗ upn0436 - Bricklink 上不存在该零件
[09:50:52] [13623/13737] ✗ upn0437 - Bricklink 上不存在该零件
[09:50:59] [13624/13737] ✗ upn0438c01 - Bricklink 上不存在该零件
[09:51:05] [13625/13737] ✗ upn0438c02 - Bricklink 上不存在该零件
[09:51:12] [13626/13737] ✗ upn0438c03 - Bricklink 上不存在该零件
[09:51:19] [13627/13737] ✗ upn0438c04 - Bricklink 上不存在该零件
[09:51:25] [13628/13737] ✗ upn0438c05 - Bricklink 上不存在该零件
[09:51:31] [13629/13737] ✗ upn0438c06 - Bricklink 上不存在该零件
[09:51:37] [13630/13737] ✗ upn0438c07 - Bricklink 上不存在该零件
[09:51:37] 进度 13630/13737 (99.2%) | 成功 8686 失败 4944 | 成功率 63.7% | 平均 9.8s/个 | 剩余 17m32s
[09:51:44] [13631/13737] ✗ upn0438c08 - Bricklink 上不存在该零件
[09:51:49] [13632/13737] ✗ upn0438c09 - Bricklink 上不存在该零件
[09:51:55] [13633/13737] ✗ upn0438c10 - Bricklink 上不存在该零件
[09:52:02] [13634/13737] ✗ upn0438c11 - Bricklink 上不存在该零件
[09:52:08] [13635/13737] ✗ upn0438c12 - Bricklink 上不存在该零件
[09:52:14] [13636/13737] ✗ upn0438c13 - Bricklink 上不存在该零件
[09:52:21] [13637/13737] ✗ upn0438c14 - Bricklink 上不存在该零件
[09:52:27] [13638/13737] ✗ upn0438c15 - Bricklink 上不存在该零件
[09:52:34] [13639/13737] ✗ upn0438c16 - Bricklink 上不存在该零件
[09:52:41] [13640/13737] ✗ upn0439 - Bricklink 上不存在该零件
[09:52:41] 进度 13640/13737 (99.3%) | 成功 8686 失败 4954 | 成功率 63.7% | 平均 9.8s/个 | 剩余 15m53s
[09:53:02] [13641/13737] ✗ upn0440 - Bricklink 上不存在该零件
[09:53:09] [13642/13737] ✗ upn0441 - Bricklink 上不存在该零件
[09:53:14] [13643/13737] ✗ upn0442 - Bricklink 上不存在该零件
[09:53:20] [13644/13737] ✗ upn0443 - Bricklink 上不存在该零件
[09:53:28] [13645/13737] ✗ upn0444 - Bricklink 上不存在该零件
[09:53:36] [13646/13737] ✗ upn0445 - Bricklink 上不存在该零件
[09:53:43] [13647/13737] ✗ upn0446 - Bricklink 上不存在该零件
[09:53:48] [13648/13737] ✗ upn0447 - Bricklink 上不存在该零件
[09:53:54] [13649/13737] ✗ upn0448 - Bricklink 上不存在该零件
[09:54:01] [13650/13737] ✗ upn0449 - Bricklink 上不存在该零件
[09:54:01] 进度 13650/13737 (99.4%) | 成功 8686 失败 4964 | 成功率 63.6% | 平均 9.8s/个 | 剩余 14m15s
[09:54:07] [13651/13737] ✗ upn0450 - Bricklink 上不存在该零件
[09:54:13] [13652/13737] ✗ upn0451 - Bricklink 上不存在该零件
[09:54:19] [13653/13737] ✗ upn0452 - Bricklink 上不存在该零件
[09:54:26] [13654/13737] ✗ upn0453 - Bricklink 上不存在该零件
[09:54:33] [13655/13737] ✗ upn0454 - Bricklink 上不存在该零件
[09:54:40] [13656/13737] ✗ upn0455 - Bricklink 上不存在该零件
[09:54:46] [13657/13737] ✗ upn0456 - Bricklink 上不存在该零件
[09:54:53] [13658/13737] ✗ upn0457 - Bricklink 上不存在该零件
[09:54:59] [13659/13737] ✗ upn0458 - Bricklink 上不存在该零件
[09:55:08] [13660/13737] ✗ upn0459 - Bricklink 上不存在该零件
[09:55:08] 进度 13660/13737 (99.4%) | 成功 8686 失败 4974 | 成功率 63.6% | 平均 9.8s/个 | 剩余 12m36s
[09:55:16] [13661/13737] ✗ upn0460 - Bricklink 上不存在该零件
[09:55:22] [13662/13737] ✗ upn0461 - Bricklink 上不存在该零件
[09:55:28] [13663/13737] ✗ upn0462 - Bricklink 上不存在该零件
[09:55:36] [13664/13737] ✗ upn0463 - Bricklink 上不存在该零件
[09:55:42] [13665/13737] ✗ upn0464 - Bricklink 上不存在该零件
[09:55:50] [13666/13737] ✗ upn0466 - Bricklink 上不存在该零件
[09:55:57] [13667/13737] ✗ upn0466c01 - Bricklink 上不存在该零件
[09:56:05] [13668/13737] ✗ upn0466c02 - Bricklink 上不存在该零件
[09:56:15] [13669/13737] ✗ upn0466c03 - Bricklink 上不存在该零件
[09:56:22] [13670/13737] ✗ upn0466c04 - Bricklink 上不存在该零件
[09:56:22] 进度 13670/13737 (99.5%) | 成功 8686 失败 4984 | 成功率 63.5% | 平均 9.8s/个 | 剩余 10m58s
[09:56:46] [13671/13737] ✗ upn0466c05 - Bricklink 上不存在该零件
[09:56:51] [13672/13737] ✗ upn0466c06 - Bricklink 上不存在该零件
[09:56:59] [13673/13737] ✗ upn0466c07 - Bricklink 上不存在该零件
[09:57:04] [13674/13737] ✗ upn0466ct01 - Bricklink 上不存在该零件
[09:57:12] [13675/13737] ✗ upn0466ct02 - Bricklink 上不存在该零件
[09:57:17] [13676/13737] ✗ upn0466ct03 - Bricklink 上不存在该零件
[09:57:24] [13677/13737] ✗ upn0466ct04 - Bricklink 上不存在该零件
[09:57:31] [13678/13737] ✗ upn0466ct05 - Bricklink 上不存在该零件
[09:57:39] [13679/13737] ✗ upn0466ct06 - Bricklink 上不存在该零件
[09:57:44] [13680/13737] ✗ upn0466ct07 - Bricklink 上不存在该零件
[09:57:44] 进度 13680/13737 (99.6%) | 成功 8686 失败 4994 | 成功率 63.5% | 平均 9.8s/个 | 剩余 9m20s
[09:57:49] [13681/13737] ✗ upn0466ct08 - Bricklink 上不存在该零件
[09:57:56] [13682/13737] ✗ upn0467 - Bricklink 上不存在该零件
[09:58:02] [13683/13737] ✗ upn0468 - Bricklink 上不存在该零件
[09:58:08] [13684/13737] ✗ upn0469 - Bricklink 上不存在该零件
[09:58:14] [13685/13737] ✗ upn0471 - Bricklink 上不存在该零件
[09:58:24] [13686/13737] ✗ upn0472 - Bricklink 上不存在该零件
[09:58:30] [13687/13737] ✗ upn0473 - Bricklink 上不存在该零件
[09:58:36] [13688/13737] ✗ upn0474 - Bricklink 上不存在该零件
[09:58:42] [13689/13737] ✗ upn0475 - Bricklink 上不存在该零件
[09:58:48] [13690/13737] ✗ upn0476 - Bricklink 上不存在该零件
[09:58:48] 进度 13690/13737 (99.7%) | 成功 8686 失败 5004 | 成功率 63.4% | 平均 9.8s/个 | 剩余 7m41s
[09:58:55] [13691/13737] ✗ upn0477 - Bricklink 上不存在该零件
[09:59:06] [13692/13737] ✗ upn0478 - Bricklink 上不存在该零件
[09:59:12] [13693/13737] ✗ upn0479 - Bricklink 上不存在该零件
[09:59:20] [13694/13737] ✗ upn0481 - Bricklink 上不存在该零件
[09:59:27] [13695/13737] ✗ upn0482 - Bricklink 上不存在该零件
[09:59:33] [13696/13737] ✗ upn0483 - Bricklink 上不存在该零件
[09:59:40] [13697/13737] ✗ upn0484 - Bricklink 上不存在该零件
[10:00:00] [13698/13737] ✗ upn0485c01 - Bricklink 上不存在该零件
[10:00:07] [13699/13737] ✗ upn0485c02 - Bricklink 上不存在该零件
[10:00:12] [13700/13737] ✗ upn0485c03 - Bricklink 上不存在该零件
[10:00:12] 进度 13700/13737 (99.7%) | 成功 8686 失败 5014 | 成功率 63.4% | 平均 9.8s/个 | 剩余 6m3s
[10:00:21] [13701/13737] ✗ upn0486 - Bricklink 上不存在该零件
[10:00:28] [13702/13737] ✗ upn0487 - Bricklink 上不存在该零件
[10:00:35] [13703/13737] ✗ upn0488 - Bricklink 上不存在该零件
[10:00:40] [13704/13737] ✗ upn0489 - Bricklink 上不存在该零件
[10:00:47] [13705/13737] ✗ upn0490 - Bricklink 上不存在该零件
[10:00:55] [13706/13737] ✗ upn0491 - Bricklink 上不存在该零件
[10:01:01] [13707/13737] ✗ upn0492 - Bricklink 上不存在该零件
[10:01:08] [13708/13737] ✗ upn0493 - Bricklink 上不存在该零件
[10:01:16] [13709/13737] ✗ upn0494 - Bricklink 上不存在该零件
[10:01:24] [13710/13737] ✗ upn0495 - Bricklink 上不存在该零件
[10:01:24] 进度 13710/13737 (99.8%) | 成功 8686 失败 5024 | 成功率 63.4% | 平均 9.8s/个 | 剩余 4m25s
[10:01:29] [13711/13737] ✗ upn0496 - Bricklink 上不存在该零件
[10:01:35] [13712/13737] ✗ upn0497 - Bricklink 上不存在该零件
[10:01:42] [13713/13737] ✗ upn0498 - Bricklink 上不存在该零件
[10:01:47] [13714/13737] ✗ upn0499 - Bricklink 上不存在该零件
[10:01:54] [13715/13737] ✗ upn0500 - Bricklink 上不存在该零件
[10:01:59] [13716/13737] ✗ upn0501 - Bricklink 上不存在该零件
[10:02:05] [13717/13737] ✗ upn0502 - Bricklink 上不存在该零件
[10:02:10] [13718/13737] ✗ upn0504 - Bricklink 上不存在该零件
[10:02:16] [13719/13737] ✗ upn0505 - Bricklink 上不存在该零件
[10:02:23] [13720/13737] ✗ upn0506 - Bricklink 上不存在该零件
[10:02:23] 进度 13720/13737 (99.9%) | 成功 8686 失败 5034 | 成功率 63.3% | 平均 9.8s/个 | 剩余 2m46s
[10:02:30] [13721/13737] ✗ upn0507 - Bricklink 上不存在该零件
[10:02:37] [13722/13737] ✗ upn0508 - Bricklink 上不存在该零件
[10:02:46] [13723/13737] ✗ upn0509 - Bricklink 上不存在该零件
[10:02:52] [13724/13737] ✗ upn0510 - Bricklink 上不存在该零件
[10:02:58] [13725/13737] ✗ upn0511 - Bricklink 上不存在该零件
[10:03:04] [13726/13737] ✗ upn0512 - Bricklink 上不存在该零件
[10:03:11] [13727/13737] ✗ upn0513 - Bricklink 上不存在该零件
[10:03:20] [13728/13737] ✗ upn0514 - Bricklink 上不存在该零件
[10:03:27] [13729/13737] ✗ upn0515 - Bricklink 上不存在该零件
[10:03:32] [13730/13737] ✗ upn0516 - Bricklink 上不存在该零件
[10:03:32] 进度 13730/13737 (99.9%) | 成功 8686 失败 5044 | 成功率 63.3% | 平均 9.8s/个 | 剩余 1m8s
[10:03:37] [13731/13737] ✗ upn0517 - Bricklink 上不存在该零件
[10:03:43] [13732/13737] ✗ upn0518 - Bricklink 上不存在该零件
[10:03:49] [13733/13737] ✗ upn0519 - Bricklink 上不存在该零件
[10:03:56] [13734/13737] ✗ upn0520 - Bricklink 上不存在该零件
[10:04:02] [13735/13737] ✗ upn0521 - Bricklink 上不存在该零件
[10:04:23] [13736/13737] ✗ upn0522 - Bricklink 上不存在该零件
[10:04:30] [13737/13737] ✗ upn0577 - Bricklink 上不存在该零件
[10:04:30] 进度 13737/13737 (100.0%) | 成功 8686 失败 5051 | 成功率 63.2% | 平均 9.8s/个 | 剩余 0s
[10:04:30] ============================================================
[10:04:30] 完成：共 13737 个 | 成功 8686 | 失败 5051 | 用时 1.6d
[10:04:30] 结果文件：/Users/legoping/Library/CloudStorage/OneDrive-个人(2)/SDLEGO/PARTS/PWA-PY/RB/weights.json
[10:04:30] 失败记录：/Users/legoping/Library/CloudStorage/OneDrive-个人(2)/SDLEGO/PARTS/PWA-PY/RB/weights_failed.json
[10:04:30] 提示：可用 `python3 fetch_weights.py --retry-failed` 重试失败项
